SPECIES,SOURCE,X,Y,DEF,2000,2001,2002,2003,2004,2005,2006,2007,2008,2009,2010,2011,2012,2013,2014,2015,2016,2017,2018,2019,2020
mpb,CA,-1403963.8779,1180940.4511,5,0,0,0,0,0,30,-21,-5,-4,0,0,0,0,0,8,-8,0,0,0,7,-7
mpb,CA,-1378963.8779,1180940.4511,6,0,8,-8,12,-12,47,-47,0,0,3,-3,0,0,0,2,-2,0,0,0,2,-2
mpb,CA,-1353963.8779,1180940.4511,8,0,0,0,0,0,16,-13,0,4,-7,1,-1,0,0,12,-12,0,0,9,-7,-2
mpb,CA,-1328963.8779,1180940.4511,8,0,4,-4,0,0,18,-13,0,-5,0,0,3,-3,0,23,-23,45,-45,6,-6,0
mpb,CA,-1503963.8779,1205940.4511,10,0,0,0,0,0,2,2,-4,6,-6,1,0,6,3,-4,1,1,-8,0,0,0
mpb,CA,-1478963.8779,1205940.4511,12,0,0,0,0,11,34,-27,9,12,-23,17,-14,-19,0,6,-4,-2,0,2,4,-6
mpb,CA,-1453963.8779,1205940.4511,20,30,-24,-13,9,80,88,-71,-9,-35,-53,24,-9,6,-8,-7,-12,18,-22,5,-5,15
mpb,CA,-1428963.8779,1205940.4511,16,-5,-6,-7,13,21,26,21,-71,10,-8,2,-14,0,3,-3,0,6,-6,11,-9,14
mpb,CA,-1403963.8779,1205940.4511,17,-9,-2,5,0,30,75,-103,10,-4,6,-7,-13,3,-3,7,-7,6,-6,2,4,-6
mpb,CA,-1378963.8779,1205940.4511,7,0,7,-7,0,0,33,-18,-15,13,-8,-5,0,0,31,-31,0,0,0,0,5,-5
mpb,CA,-1353963.8779,1205940.4511,9,0,2,-2,0,28,52,-60,-11,-9,20,-20,0,0,0,7,-7,0,0,7,-7,5
mpb,CA,-1328963.8779,1205940.4511,4,0,0,0,0,0,0,0,4,-4,0,0,3,-3,5,-5,0,0,5,-5,0,0
mpb,CA,-1553963.8779,1230940.4511,14,0,0,8,-2,8,8,-5,-17,15,-1,-9,13,-9,7,5,-21,13,-13,8,-8,0
mpb,CA,-1528963.8779,1230940.4511,19,6,-6,3,3,66,88,-3,-72,141,15,-130,-63,44,-38,-28,-2,8,-30,28,-24,-6
mpb,CA,-1503963.8779,1230940.4511,22,-4,0,2,10,44,-2,59,-57,85,12,-43,-1,-2,-22,-62,27,46,-82,30,27,-44
mpb,CA,-1478963.8779,1230940.4511,21,8,-2,-3,9,98,174,-147,-43,79,17,-29,-80,-32,-38,24,-22,17,-33,22,-17,-1
mpb,CA,-1453963.8779,1230940.4511,21,-1,-3,4,20,44,174,77,-62,-73,39,-67,-111,48,-12,-52,-24,12,-28,25,-10,-12
mpb,CA,-1428963.8779,1230940.4511,20,-77,-82,35,-15,118,145,-150,-71,-3,-8,43,-34,73,-43,-65,34,-2,-60,16,-16,13
mpb,CA,-1403963.8779,1230940.4511,22,-28,1,24,-26,100,256,-259,-82,96,-63,33,26,-56,-20,-24,15,-2,-12,11,12,-31
mpb,CA,-1378963.8779,1230940.4511,15,3,3,-2,10,12,60,-50,-32,74,-59,0,-8,-7,-2,-2,0,5,-5,0,0,0
mpb,CA,-1353963.8779,1230940.4511,17,-2,9,48,11,119,138,-192,-40,74,-31,-62,-74,5,-5,3,3,16,-22,2,6,-8
mpb,CA,-1328963.8779,1230940.4511,5,0,0,0,0,0,6,-6,0,3,6,-9,0,0,0,1,-1,2,-2,0,0,0
mpb,CA,-1628963.8779,1255940.4511,8,0,0,0,0,0,0,2,-2,0,11,-11,0,7,19,88,-34,36,-102,-14,0,0
mpb,CA,-1603963.8779,1255940.4511,16,0,0,0,0,12,-3,34,-34,15,-20,14,-7,43,-20,129,-49,-46,-65,2,5,-10
mpb,CA,-1578963.8779,1255940.4511,20,5,-6,7,68,124,276,-76,2,201,-114,-293,-58,-25,-43,73,-35,-7,-102,17,-13,-4
mpb,CA,-1553963.8779,1255940.4511,19,17,-15,13,16,91,262,-192,-168,168,-65,-41,-61,4,-17,0,-12,5,5,-5,16,-21
mpb,CA,-1528963.8779,1255940.4511,12,0,0,33,19,265,68,50,-223,160,-144,-159,-47,-20,-2,0,0,5,-5,0,0,0
mpb,CA,-1503963.8779,1255940.4511,16,6,-6,4,63,89,203,-26,-51,152,-56,-114,-108,-121,-35,11,-3,-8,0,6,-3,-3
mpb,CA,-1478963.8779,1255940.4511,17,16,29,-15,35,17,267,50,-65,155,-97,-29,-188,-133,-44,0,0,0,3,-3,2,0
mpb,CA,-1453963.8779,1255940.4511,19,28,8,-19,63,67,266,-76,-41,344,-138,-27,-260,-135,-56,-20,-1,5,-8,3,-1,-2
mpb,CA,-1428963.8779,1255940.4511,22,-94,-138,89,23,258,325,-77,-302,534,-267,-101,-165,-215,-65,-38,-19,25,-23,8,-13,9
mpb,CA,-1403963.8779,1255940.4511,13,7,-105,72,47,42,35,-83,-97,3,7,-7,-24,0,4,-4,0,0,0,0,0,0
mpb,CA,-1378963.8779,1255940.4511,14,0,6,2,20,114,338,-230,-33,163,-222,91,-150,-99,4,-4,0,0,0,0,6,-3
mpb,CA,-1353963.8779,1255940.4511,13,0,13,52,9,76,250,-217,-23,68,-12,-6,-124,-86,0,5,-5,0,0,4,-4,0
mpb,CA,-1328963.8779,1255940.4511,12,0,0,8,20,6,116,-23,-45,55,67,-61,-96,-23,-24,0,0,2,-2,0,0,0
mpb,CA,-1703963.8779,1280940.4511,13,-10,-1,-6,6,5,-20,21,-17,5,9,1,-10,-10,0,0,0,0,0,0,0,0
mpb,CA,-1678963.8779,1280940.4511,12,0,0,0,0,0,4,-2,-2,0,17,28,-20,-5,48,-42,-10,51,-44,-23,15,-15
mpb,CA,-1653963.8779,1280940.4511,13,0,0,0,0,5,-3,15,-17,5,-5,6,25,2,44,85,-70,76,-144,-24,15,-15
mpb,CA,-1628963.8779,1280940.4511,19,-1,-6,-4,23,40,0,8,-29,6,-23,-22,8,8,71,105,45,-103,-131,-3,-3,0
mpb,CA,-1603963.8779,1280940.4511,18,4,-4,0,11,38,37,35,21,149,-1,-124,-28,46,179,303,-209,-144,-309,17,9,-30
mpb,CA,-1578963.8779,1280940.4511,19,-22,-72,-5,21,394,122,-111,-53,434,-385,-219,-58,-106,65,-7,9,-20,-95,0,22,-22
mpb,CA,-1553963.8779,1280940.4511,17,36,-147,46,124,458,8,-275,-315,203,-101,-146,-112,-16,-6,22,-13,9,-18,0,0,0
mpb,CA,-1528963.8779,1280940.4511,18,-1,11,3,11,305,683,-332,-244,226,-233,-247,-159,-38,0,6,-1,13,-12,-1,-5,0
mpb,CA,-1503963.8779,1280940.4511,16,15,15,69,-9,296,228,125,-94,243,-304,-121,-375,-89,-2,7,-7,6,-6,0,0,0
mpb,CA,-1478963.8779,1280940.4511,14,5,-3,-2,0,48,229,21,-21,332,-179,-52,-233,-81,-64,7,10,-17,2,-2,0,0
mpb,CA,-1453963.8779,1280940.4511,21,-3,-8,25,5,51,390,-167,70,327,-225,98,-210,-240,-68,-12,-43,14,-8,18,2,-15
mpb,CA,-1428963.8779,1280940.4511,22,-6,-19,22,27,97,378,-219,-83,473,-294,203,-320,-108,-110,-2,-37,-11,-6,18,1,-30
mpb,CA,-1403963.8779,1280940.4511,15,-1,-2,48,-4,206,24,-38,-56,173,-96,60,-198,-54,-25,-42,0,0,0,0,0,0
mpb,CA,-1378963.8779,1280940.4511,13,1,-5,3,33,22,288,-95,79,149,-166,48,-196,-151,-14,0,0,0,0,0,0,0
mpb,CA,-1353963.8779,1280940.4511,14,-14,0,18,2,45,113,-74,5,157,-31,38,-95,-139,-30,-9,8,-8,0,0,0,0
mpb,CA,-1328963.8779,1280940.4511,14,-4,-5,211,-90,310,114,-337,-82,58,54,74,-158,-139,-19,0,0,0,0,0,0,0
mpb,CA,-1778963.8779,1305940.4511,11,-2,7,11,11,27,50,-11,-40,-48,5,-8,-4,0,0,0,0,0,0,0,0,0
mpb,CA,-1753963.8779,1305940.4511,14,4,29,26,23,96,112,147,-4,-59,-82,-187,-76,-28,-2,0,0,0,0,0,0,0
mpb,CA,-1728963.8779,1305940.4511,18,-24,69,-50,0,109,57,355,166,85,-117,-306,-298,-66,-13,-23,3,-18,0,0,4,-4
mpb,CA,-1703963.8779,1305940.4511,18,-23,4,-35,9,14,44,104,13,61,-33,78,-259,34,-89,3,-9,0,-4,0,0,0
mpb,CA,-1678963.8779,1305940.4511,10,0,0,0,0,0,3,21,-24,11,25,43,6,2,-48,4,-38,-5,0,0,0,0
mpb,CA,-1653963.8779,1305940.4511,16,0,0,0,0,4,1,10,-9,5,3,24,61,118,42,52,-181,50,-161,-8,20,-31
mpb,CA,-1628963.8779,1305940.4511,16,-4,0,0,0,6,51,-23,1,1,-18,-13,33,74,10,-23,10,-57,-46,-6,7,-7
mpb,CA,-1603963.8779,1305940.4511,13,0,0,0,0,37,148,0,-16,135,-49,-107,12,84,16,-68,-70,-80,-42,0,0,0
mpb,CA,-1578963.8779,1305940.4511,21,-4,-23,8,47,229,250,-136,-97,145,-83,-198,-33,-59,-5,-52,21,-34,2,-4,2,-8
mpb,CA,-1553963.8779,1305940.4511,17,-10,4,13,11,395,194,-150,-149,-16,-58,-102,-88,-60,-3,6,-1,18,-23,0,0,0
mpb,CA,-1528963.8779,1305940.4511,12,1,-16,51,117,350,334,65,-512,144,-333,-179,-37,0,0,0,0,8,-8,0,0,0
mpb,CA,-1503963.8779,1305940.4511,13,4,5,29,-2,220,258,12,-206,72,-160,-170,-47,-15,0,0,0,0,0,0,0,3
mpb,CA,-1478963.8779,1305940.4511,11,0,0,0,5,3,258,-11,-89,374,-192,-37,-201,-69,-41,0,0,0,0,0,0,2
mpb,CA,-1453963.8779,1305940.4511,20,29,-31,4,-4,18,208,-127,-58,87,-39,87,-99,-25,-10,-19,-1,29,-32,-6,32,-25
mpb,CA,-1428963.8779,1305940.4511,19,0,0,4,2,31,148,-109,13,49,50,91,-71,-138,-13,61,-60,25,-28,12,-3,19
mpb,CA,-1403963.8779,1305940.4511,20,13,-13,34,-17,41,178,-120,13,226,73,168,-260,-64,4,-203,-18,4,3,78,-84,-27
mpb,CA,-1378963.8779,1305940.4511,13,0,0,0,1,34,204,-39,-3,190,-77,-67,-224,-13,-6,0,0,0,0,4,-2,0
mpb,CA,-1353963.8779,1305940.4511,15,0,7,-7,0,0,27,-16,1,48,9,68,-65,-38,-34,2,9,5,-16,4,12,20
mpb,CA,-1328963.8779,1305940.4511,11,0,0,6,62,191,41,-101,-110,82,46,-30,-128,-22,-37,0,0,0,0,0,0,0
mpb,CA,-1828963.8779,1330940.4511,10,0,0,0,4,0,0,5,-1,1,-7,3,-2,0,-3,0,0,0,0,0,0,0
mpb,CA,-1803963.8779,1330940.4511,14,-1,0,13,34,133,23,45,-24,-94,-60,-34,-2,-30,-4,5,-5,0,0,0,0,2
mpb,CA,-1778963.8779,1330940.4511,16,4,-8,87,130,47,404,-4,-247,-360,262,-242,145,-198,79,-174,0,0,0,0,0,22
mpb,CA,-1753963.8779,1330940.4511,18,160,100,-120,-41,136,158,398,153,-292,-54,-544,-268,-148,-57,-5,-4,0,2,-2,3,-3
mpb,CA,-1728963.8779,1330940.4511,18,33,40,-25,-65,92,165,372,570,-28,-74,-430,-363,-286,-72,4,-8,-2,0,0,0,3
mpb,CA,-1703963.8779,1330940.4511,19,16,-14,4,-8,6,27,41,171,98,271,-191,-163,-47,-174,-32,26,-27,-8,0,4,-4
mpb,CA,-1678963.8779,1330940.4511,12,0,0,0,0,0,0,9,42,-9,50,60,20,-25,-124,-21,3,-1,-4,0,0,5
mpb,CA,-1653963.8779,1330940.4511,15,2,-2,4,-4,0,4,11,19,-5,10,175,45,251,-197,-254,-37,0,-18,-4,0,0
mpb,CA,-1628963.8779,1330940.4511,15,-6,0,0,0,4,3,-7,2,6,45,2,99,134,-94,-143,-32,-12,-7,8,-8,4
mpb,CA,-1603963.8779,1330940.4511,18,19,-19,0,15,76,211,-98,-53,146,-137,9,89,40,-31,-10,-51,-56,-107,-6,-37,12
mpb,CA,-1578963.8779,1330940.4511,21,10,-31,14,88,279,254,-4,-399,400,-270,-178,-64,-40,20,-100,171,2,-154,-12,-14,4
mpb,CA,-1553963.8779,1330940.4511,17,-2,24,22,-40,441,225,-261,-172,112,-134,-140,-60,-41,0,0,0,11,-5,-2,0,-4
mpb,CA,-1528963.8779,1330940.4511,13,-7,5,29,18,80,417,-187,-113,90,-157,-183,0,0,0,0,0,14,-14,0,7,-7
mpb,CA,-1503963.8779,1330940.4511,10,1,-1,0,0,172,367,55,-69,-15,-220,-202,-86,-2,0,0,0,0,5,-5,0,0
mpb,CA,-1478963.8779,1330940.4511,16,0,0,11,-11,9,149,12,-86,332,-106,71,-219,-102,-36,-24,0,22,-11,8,-9,-2
mpb,CA,-1453963.8779,1330940.4511,16,0,0,0,0,0,145,-122,-15,23,62,95,-101,0,4,-28,13,110,-97,-21,-14,-2
mpb,CA,-1428963.8779,1330940.4511,18,0,0,0,4,6,81,-58,0,26,47,53,24,-100,82,-65,58,57,-57,-22,-32,28
mpb,CA,-1403963.8779,1330940.4511,20,0,9,-1,1,126,218,-216,18,83,64,170,-163,-40,-1,-128,-23,0,-97,-4,11,-20
mpb,CA,-1378963.8779,1330940.4511,13,0,0,0,0,109,91,-61,63,16,33,47,-185,-77,-36,11,-4,-1,-6,4,-4,0
mpb,CA,-1353963.8779,1330940.4511,14,0,0,0,0,8,23,-20,-4,7,3,29,-27,-10,-9,0,23,10,-33,22,1,-21
mpb,CA,-1328963.8779,1330940.4511,6,0,0,0,0,0,13,13,-26,8,-3,2,-4,-3,0,0,0,0,0,0,0,0
mpb,CA,-1828963.8779,1355940.4511,8,0,0,0,0,0,3,40,-8,-8,-18,8,-5,9,-21,0,0,0,0,0,0,0
mpb,CA,-1803963.8779,1355940.4511,15,-2,7,22,37,39,53,15,10,-109,-48,-14,14,-20,-15,0,0,0,0,0,0,5
mpb,CA,-1778963.8779,1355940.4511,17,0,0,15,10,26,34,217,-53,-67,152,-91,-107,-118,2,-10,-4,0,2,-8,0,5
mpb,CA,-1753963.8779,1355940.4511,17,8,22,-25,-254,77,-26,266,216,68,273,-241,-505,-119,-83,-42,4,-6,0,0,0,0
mpb,CA,-1728963.8779,1355940.4511,16,-72,89,-45,-169,59,45,82,338,141,327,-221,-253,-531,-41,-85,-9,0,0,0,0,0
mpb,CA,-1703963.8779,1355940.4511,18,-22,3,-3,5,-3,0,99,265,435,428,3,-346,-140,-467,-93,-53,-59,-60,-14,0,5
mpb,CA,-1678963.8779,1355940.4511,9,3,-3,0,0,0,13,-4,20,159,106,-86,-42,221,-387,0,0,0,0,0,0,0
mpb,CA,-1653963.8779,1355940.4511,12,11,-11,0,0,0,0,15,118,-3,94,146,-72,-101,-138,-26,-12,-10,-11,0,0,0
mpb,CA,-1628963.8779,1355940.4511,13,0,0,0,0,9,39,-30,231,174,267,277,-100,-116,-452,-221,-1,-43,-34,0,0,0
mpb,CA,-1603963.8779,1355940.4511,19,-4,14,-7,-2,30,39,133,-50,37,66,279,-55,146,-15,-298,-232,8,-93,6,0,-6
mpb,CA,-1578963.8779,1355940.4511,21,6,0,-4,18,92,339,109,-293,342,58,-142,-140,-102,-69,-58,105,-77,-126,-45,-7,1
mpb,CA,-1553963.8779,1355940.4511,16,47,-48,4,14,232,0,68,-233,163,-93,-91,-41,-14,-9,0,0,0,4,-4,4,1
mpb,CA,-1528963.8779,1355940.4511,17,0,3,1,25,164,219,-48,-106,66,-103,-147,-61,-13,0,0,6,3,-7,4,6,-8
mpb,CA,-1503963.8779,1355940.4511,15,0,0,0,0,3,151,71,-112,100,-47,-62,-99,4,-9,0,9,9,3,-16,14,-6
mpb,CA,-1478963.8779,1355940.4511,17,0,1,-1,4,-4,194,-90,-104,130,29,-7,-84,-34,-20,-8,4,16,-3,11,34,-60
mpb,CA,-1453963.8779,1355940.4511,17,0,0,8,-8,0,140,-123,-15,17,33,113,-137,51,-13,37,-8,119,-88,51,-2,-91
mpb,CA,-1428963.8779,1355940.4511,21,3,5,-2,5,-1,87,-40,12,-3,38,33,6,-52,-12,-14,-2,72,54,24,46,26
mpb,CA,-1403963.8779,1355940.4511,21,5,-1,0,10,2,232,-186,69,-25,16,70,-33,-31,-53,-15,-31,12,-24,25,-9,23
mpb,CA,-1378963.8779,1355940.4511,16,0,0,2,22,88,259,-36,7,337,-137,36,-357,-155,-42,-17,-7,11,-11,15,-15,12
mpb,CA,-1353963.8779,1355940.4511,18,0,0,4,9,28,62,-46,-17,33,19,76,-76,-61,-6,4,-20,5,-14,59,16,-10
mpb,CA,-1853963.8779,1380940.4511,5,0,0,0,0,0,0,0,13,-4,-8,6,-2,-5,0,0,0,0,0,0,0,0
mpb,CA,-1828963.8779,1380940.4511,6,0,0,0,0,0,0,0,45,-12,-23,17,9,-34,-2,0,0,0,0,0,0,0
mpb,CA,-1803963.8779,1380940.4511,10,0,7,-7,0,43,14,35,104,-121,-15,-2,-44,-14,0,0,0,0,0,0,0,1
mpb,CA,-1778963.8779,1380940.4511,13,4,-4,0,13,10,21,94,40,40,14,-63,-132,-37,2,0,-2,0,0,0,0,5
mpb,CA,-1753963.8779,1380940.4511,16,-8,27,4,-2,87,172,210,419,202,-211,-531,-254,-151,2,0,-2,0,1,-1,0,0
mpb,CA,-1728963.8779,1380940.4511,14,8,66,11,-50,30,313,471,231,335,-71,-599,-410,-323,-75,0,0,0,0,0,0,0
mpb,CA,-1703963.8779,1380940.4511,17,0,4,6,-10,64,47,148,628,819,106,-459,-649,-521,-199,10,-5,-8,0,0,0,0
mpb,CA,-1678963.8779,1380940.4511,12,-17,1,-1,0,21,43,199,547,543,107,-435,-488,-145,-392,4,-4,0,0,0,0,0
mpb,CA,-1653963.8779,1380940.4511,14,10,-16,0,3,21,53,116,165,52,73,-109,-156,-137,-72,-7,-2,0,0,0,0,0
mpb,CA,-1628963.8779,1380940.4511,17,-3,15,-13,-1,37,67,188,368,281,200,-30,-259,-331,-344,-167,-6,-1,-4,0,0,0
mpb,CA,-1603963.8779,1380940.4511,17,-4,17,-12,34,55,191,74,155,266,-318,48,-355,17,-108,-49,-2,-13,2,-2,0,0
mpb,CA,-1578963.8779,1380940.4511,20,11,81,-3,94,62,145,-56,90,363,-198,-11,-265,-206,-103,11,-11,2,-3,-5,0,5
mpb,CA,-1553963.8779,1380940.4511,15,-2,-1,-2,1,1,43,6,-15,26,-12,0,-32,11,-32,0,3,-3,0,0,0,0
mpb,CA,-1528963.8779,1380940.4511,15,8,-8,0,1,24,133,29,-47,138,-143,-30,-51,-48,-6,0,3,2,-5,0,10,-8
mpb,CA,-1503963.8779,1380940.4511,7,0,0,0,0,0,93,-63,-13,7,-12,-6,-6,0,0,0,0,0,0,0,4,-4
mpb,CA,-1478963.8779,1380940.4511,16,0,0,0,0,2,24,7,-16,66,14,-10,-59,3,-31,31,-4,-3,16,-14,7,-15
mpb,CA,-1453963.8779,1380940.4511,15,0,0,0,0,0,46,-42,-4,18,12,62,-5,-40,-31,16,-28,34,3,15,-20,3
mpb,CA,-1428963.8779,1380940.4511,21,30,16,-24,19,8,128,-49,-31,29,-16,-51,-15,17,-44,8,25,-9,-28,69,-31,-18
mpb,CA,-1403963.8779,1380940.4511,21,35,-9,-12,-3,21,330,-134,-26,33,33,41,-184,-67,-30,-22,10,0,-9,16,-8,7
mpb,CA,-1378963.8779,1380940.4511,15,38,135,13,-129,84,546,-234,-5,55,156,-219,-351,-71,-16,-2,0,0,0,0,7,-7
mpb,CA,-1353963.8779,1380940.4511,13,9,0,18,16,-5,91,22,98,78,-118,-40,-107,-56,-6,0,0,0,0,0,0,0
mpb,CA,-1828963.8779,1405940.4511,8,0,0,0,0,0,0,5,153,14,-82,-45,-11,-20,-12,-2,0,0,0,0,0,0
mpb,CA,-1803963.8779,1405940.4511,10,0,0,0,0,5,32,13,96,-82,-47,17,-30,-4,4,-4,0,0,0,0,0,2
mpb,CA,-1778963.8779,1405940.4511,14,2,-2,10,-10,28,120,-14,291,81,-202,66,-265,-70,36,-71,0,0,0,0,10,24
mpb,CA,-1753963.8779,1405940.4511,14,-18,13,-9,12,106,112,232,828,379,-194,-669,-504,-263,-43,0,0,0,1,-1,0,0
mpb,CA,-1728963.8779,1405940.4511,14,18,31,-29,37,350,234,43,542,4,-307,-691,-276,-9,-5,0,0,0,0,0,0,0
mpb,CA,-1703963.8779,1405940.4511,14,7,0,15,33,140,449,29,717,157,-376,-676,-449,-48,0,7,-7,0,0,0,0,0
mpb,CA,-1678963.8779,1405940.4511,14,10,22,16,36,244,377,514,432,-204,-188,-1107,-148,1,-9,0,0,0,0,0,0,0
mpb,CA,-1653963.8779,1405940.4511,14,3,-8,3,46,112,337,259,599,-27,-442,-494,-322,-54,-36,0,0,0,0,0,0,0
mpb,CA,-1628963.8779,1405940.4511,13,-2,8,-4,4,47,128,48,84,124,-248,-78,-43,-46,-24,0,0,0,0,0,0,0
mpb,CA,-1603963.8779,1405940.4511,16,-32,32,-8,34,68,137,21,25,282,-293,-194,-6,-98,5,-4,-3,0,0,0,0,0
mpb,CA,-1578963.8779,1405940.4511,13,8,1,-5,9,8,35,43,184,184,-124,-122,-102,-104,-15,0,0,0,0,0,0,0
mpb,CA,-1553963.8779,1405940.4511,14,0,3,-3,2,3,22,19,46,8,76,-41,-1,-104,-9,-17,-4,0,5,-5,0,0
mpb,CA,-1528963.8779,1405940.4511,11,52,-52,0,1,-1,80,-31,-29,112,-112,42,-22,-27,-13,0,0,6,-6,0,0,0
mpb,CA,-1503963.8779,1405940.4511,14,0,0,2,0,-2,152,-76,-52,40,-27,6,-39,2,-6,6,5,3,-14,0,12,-12
mpb,CA,-1478963.8779,1405940.4511,16,0,0,0,0,0,67,-18,-47,58,-20,16,-39,8,-11,23,3,25,17,-25,1,-41
mpb,CA,-1453963.8779,1405940.4511,13,0,0,0,0,0,0,10,-10,0,7,1,30,-22,-1,-7,5,-3,28,-10,12,-25
mpb,CA,-1428963.8779,1405940.4511,20,16,-16,17,-7,23,195,-109,-54,81,-112,72,12,-56,1,-36,8,54,-56,74,-56,-13
mpb,CA,-1403963.8779,1405940.4511,18,79,-64,-6,44,98,375,-112,-132,100,58,-215,-131,-76,-5,-3,-12,0,0,31,-25,-6
mpb,CA,-1378963.8779,1405940.4511,11,0,18,18,-36,0,515,-248,59,381,-86,-113,-466,-30,-12,0,0,0,0,3,-3,0
mpb,CA,-1353963.8779,1405940.4511,7,0,0,0,0,39,-39,2,3,43,-23,-1,-20,-4,0,0,0,0,0,0,0,0
mpb,CA,-1853963.8779,1430940.4511,5,0,0,0,0,0,0,0,6,2,-4,-4,4,-4,0,0,0,0,0,0,0,12
mpb,CA,-1828963.8779,1430940.4511,10,0,0,0,0,16,15,-28,172,-9,-65,-87,23,-28,-9,0,0,0,0,4,-4,0
mpb,CA,-1803963.8779,1430940.4511,9,0,0,0,0,0,57,21,355,-110,-129,-124,51,-12,-46,-63,0,0,0,0,0,0
mpb,CA,-1778963.8779,1430940.4511,12,9,-9,26,-24,48,94,63,423,-49,-75,-225,-146,-135,0,6,-6,0,0,0,0,0
mpb,CA,-1753963.8779,1430940.4511,14,-20,10,4,-4,83,76,312,743,236,26,-909,-438,-131,-9,0,0,0,0,0,0,0
mpb,CA,-1728963.8779,1430940.4511,13,-25,14,11,34,52,302,46,111,404,-243,-490,-194,-57,0,0,0,0,0,0,0,0
mpb,CA,-1703963.8779,1430940.4511,13,4,14,-12,67,22,267,-36,159,-60,-56,-313,-80,-3,0,0,0,0,0,0,0,0
mpb,CA,-1678963.8779,1430940.4511,13,37,0,101,10,651,483,-87,37,-297,-323,-465,-194,10,-10,0,0,0,0,0,0,0
mpb,CA,-1653963.8779,1430940.4511,14,-60,64,-50,236,454,350,286,-24,-105,-713,-450,-186,-3,-8,0,0,0,0,0,0,0
mpb,CA,-1628963.8779,1430940.4511,15,-51,27,4,32,250,328,120,237,-409,-31,-388,-157,-24,4,18,-22,0,0,0,0,0
mpb,CA,-1603963.8779,1430940.4511,13,-101,8,-8,13,42,196,100,245,-23,-253,-199,-115,-6,1,11,-12,0,0,0,0,0
mpb,CA,-1578963.8779,1430940.4511,11,-2,5,-5,30,-5,33,75,133,-48,-72,-111,-23,-12,0,0,0,0,0,0,0,0
mpb,CA,-1553963.8779,1430940.4511,7,0,0,0,15,-15,0,10,53,33,13,-44,-58,-7,0,0,0,0,0,0,0,0
mpb,CA,-1528963.8779,1430940.4511,9,0,0,0,0,0,15,-15,16,20,-21,-6,1,6,2,-8,-10,0,0,0,0,0
mpb,CA,-1503963.8779,1430940.4511,6,0,0,0,0,0,9,25,-33,-1,0,1,-1,0,2,8,-10,0,0,0,0,0
mpb,CA,-1478963.8779,1430940.4511,5,0,0,0,0,0,22,-10,-12,0,5,-5,0,0,7,-7,4,-4,0,0,0,0
mpb,CA,-1453963.8779,1430940.4511,16,0,0,0,0,0,84,-46,-26,16,-19,5,2,4,-11,62,-45,17,-30,8,-4,-14
mpb,CA,-1428963.8779,1430940.4511,21,96,-36,-14,-7,62,211,-86,-30,-24,35,-21,35,-142,45,-62,14,-23,-23,25,-6,-40
mpb,CA,-1403963.8779,1430940.4511,14,60,-13,34,-9,66,652,-259,-242,116,-80,-162,-138,-38,0,4,-4,0,0,0,0,0
mpb,CA,-1378963.8779,1430940.4511,9,0,0,0,0,0,16,48,-59,3,31,-24,8,-15,-2,-6,0,0,0,0,0,0
mpb,CA,-1853963.8779,1455940.4511,12,-8,0,0,0,34,29,37,135,-173,-16,12,-2,-50,-6,8,-8,0,0,0,0,3
mpb,CA,-1828963.8779,1455940.4511,10,0,0,0,0,11,10,7,72,111,-107,25,-55,-52,-12,-10,0,0,0,0,0,0
mpb,CA,-1803963.8779,1455940.4511,15,16,2,15,0,58,47,47,136,201,-201,-154,-61,-102,-5,0,0,0,0,6,-6,0
mpb,CA,-1778963.8779,1455940.4511,15,4,9,27,-14,126,155,214,250,170,-115,-431,-324,-72,-13,0,0,0,0,3,-3,0
mpb,CA,-1753963.8779,1455940.4511,14,-6,18,34,-16,20,301,464,195,712,-121,-1003,-625,19,-22,0,0,0,0,0,0,0
mpb,CA,-1728963.8779,1455940.4511,12,16,44,58,-103,320,814,316,191,-40,-447,-855,-335,0,0,0,0,0,0,0,0,0
mpb,CA,-1703963.8779,1455940.4511,12,-14,14,15,23,412,858,242,255,-185,-318,-1091,-227,0,0,0,0,0,0,0,0,0
mpb,CA,-1678963.8779,1455940.4511,12,-10,36,33,99,560,418,-248,-52,-115,-419,-316,-5,0,0,0,0,0,0,0,0,0
mpb,CA,-1653963.8779,1455940.4511,13,34,135,-54,91,355,331,114,-8,-409,-442,-206,-32,-4,0,0,0,0,0,0,0,0
mpb,CA,-1628963.8779,1455940.4511,12,-15,147,-35,66,546,218,81,-68,-570,-156,-303,-63,0,0,0,0,0,0,0,0,0
mpb,CA,-1603963.8779,1455940.4511,10,-59,0,4,-1,6,114,166,171,-190,-155,-86,-29,0,0,0,0,0,0,0,0,0
mpb,CA,-1578963.8779,1455940.4511,9,-9,0,0,4,-1,66,30,117,-60,-110,-22,-24,0,0,0,0,0,0,0,0,0
mpb,CA,-1553963.8779,1455940.4511,9,0,0,0,3,1,0,26,32,29,-36,-35,-13,-7,0,0,0,0,0,0,0,0
mpb,CA,-1528963.8779,1455940.4511,6,0,0,0,0,0,0,20,-11,48,-51,-6,0,6,-6,0,0,14,-14,0,0,0
mpb,CA,-1503963.8779,1455940.4511,14,0,5,-5,0,0,10,-10,15,9,-16,8,-16,7,-3,1,2,20,2,-24,2,-7
mpb,CA,-1453963.8779,1455940.4511,19,0,2,11,-12,-1,112,-21,-51,100,-99,24,-26,49,55,41,-72,37,-74,17,-59,-31
mpb,CA,-1428963.8779,1455940.4511,20,-6,128,40,42,27,289,-118,-169,31,-126,-77,19,-96,65,-41,11,-6,-22,-4,-5,0
mpb,CA,-1403963.8779,1455940.4511,13,0,11,85,32,-13,391,-89,2,273,-206,-55,-238,-155,-15,-23,0,0,0,0,0,0
mpb,CA,-1378963.8779,1455940.4511,5,0,0,0,0,0,0,0,0,33,3,-16,9,-15,-14,0,0,0,0,0,0,0
mpb,CA,-1903963.8779,1480940.4511,7,0,0,0,0,20,17,54,-68,-23,0,0,5,-5,0,0,0,0,0,0,10,-1
mpb,CA,-1878963.8779,1480940.4511,13,0,0,0,0,7,45,22,-11,-61,7,-6,-2,18,-19,0,16,-16,18,-18,12,55
mpb,CA,-1853963.8779,1480940.4511,16,-34,31,6,22,54,67,-34,16,-154,-24,1,-25,24,-25,0,2,-2,0,0,0,3
mpb,CA,-1828963.8779,1480940.4511,21,-44,23,36,-34,16,46,26,70,-78,-44,-13,-63,11,18,-35,16,-1,-5,-5,35,23
mpb,CA,-1803963.8779,1480940.4511,18,0,6,12,-18,0,16,58,205,130,-162,-24,-203,-12,29,-8,-28,28,-6,8,48,-38
mpb,CA,-1778963.8779,1480940.4511,14,22,-16,54,-9,67,206,203,64,297,-36,-444,-389,-35,-4,0,0,0,0,0,0,0
mpb,CA,-1753963.8779,1480940.4511,13,-11,0,104,-64,113,464,305,-195,579,-267,-799,-252,-79,0,0,0,0,0,0,0,0
mpb,CA,-1728963.8779,1480940.4511,12,-2,2,62,69,552,1011,300,-15,-122,-652,-1120,-91,0,0,0,0,0,0,0,0,0
mpb,CA,-1703963.8779,1480940.4511,14,-3,26,33,65,536,398,287,-210,-200,-496,-401,-43,20,-24,0,0,0,0,0,0,0
mpb,CA,-1678963.8779,1480940.4511,10,5,4,7,-9,11,121,268,190,-279,-237,-81,0,0,0,0,0,0,0,0,0,0
mpb,CA,-1653963.8779,1480940.4511,12,-50,106,-12,107,164,167,58,-181,-168,-223,-120,-34,0,0,0,0,0,0,0,0,0
mpb,CA,-1628963.8779,1480940.4511,11,-24,39,-4,-11,268,242,106,-11,-420,-198,-30,0,0,0,0,0,0,0,0,0,0
mpb,CA,-1603963.8779,1480940.4511,8,-14,4,-4,0,9,107,85,72,-99,-161,-13,0,0,0,0,0,0,0,0,0,0
mpb,CA,-1578963.8779,1480940.4511,7,-12,0,0,0,0,62,53,43,-41,-98,6,-25,0,0,0,0,0,0,0,0,0
mpb,CA,-1553963.8779,1480940.4511,8,0,0,0,0,8,24,19,24,53,-62,-47,-19,0,0,0,0,0,0,7,-7,0
mpb,CA,-1503963.8779,1480940.4511,3,0,0,0,0,0,4,0,2,-6,0,0,0,0,0,0,0,0,0,0,0,0
mpb,CA,-1478963.8779,1480940.4511,12,0,0,0,0,0,55,-13,-42,16,-12,-4,3,-3,0,20,5,25,-30,-5,-5,-1
mpb,CA,-1453963.8779,1480940.4511,19,11,-8,1,-3,22,208,-106,-44,-15,-60,48,-51,-3,20,13,-8,17,-42,2,8,-3
mpb,CA,-1428963.8779,1480940.4511,18,18,7,1,1,27,191,-82,-62,65,-55,4,86,-86,-1,-43,-51,6,-16,-10,0,0
mpb,CA,-1403963.8779,1480940.4511,14,0,0,0,2,-2,99,-39,60,175,-66,25,-47,-86,1,-89,-33,11,-11,0,3,0
mpb,CA,-1378963.8779,1480940.4511,7,0,0,0,0,0,10,-10,0,41,-15,3,3,-19,0,-13,0,0,0,0,0,0
mpb,CA,-1878963.8779,1505940.4511,22,5,-11,21,16,53,50,0,-24,-54,-58,19,-19,48,-11,-29,-1,-3,-2,4,11,12
mpb,CA,-1853963.8779,1505940.4511,19,-31,41,42,55,186,124,41,-182,-138,-201,54,-81,3,-3,6,0,4,-10,12,-3,4
mpb,CA,-1828963.8779,1505940.4511,22,-19,-1,23,5,9,102,51,87,-41,-126,34,-127,-12,-13,-10,6,54,73,-140,34,74
mpb,CA,-1803963.8779,1505940.4511,20,0,5,-3,-1,2,31,56,231,154,47,-143,-279,3,-22,-30,27,44,-66,58,-35,-43
mpb,CA,-1778963.8779,1505940.4511,17,12,-2,13,3,16,350,257,72,322,-221,-311,-480,-19,5,-23,0,14,-14,0,5,-5
mpb,CA,-1753963.8779,1505940.4511,13,-2,36,14,111,89,521,164,-125,124,-246,-537,-178,-2,0,0,0,0,0,0,0,0
mpb,CA,-1728963.8779,1505940.4511,12,-25,3,70,21,238,303,367,151,-320,-400,-435,-20,0,0,0,0,0,0,0,0,0
mpb,CA,-1703963.8779,1505940.4511,12,-85,182,11,23,337,-75,69,200,-344,-474,-97,-4,0,0,0,0,0,0,0,0,0
mpb,CA,-1678963.8779,1505940.4511,12,-115,113,68,102,309,589,-50,47,-93,-824,-305,-23,0,0,0,0,0,0,0,0,0
mpb,CA,-1653963.8779,1505940.4511,13,-9,31,84,-85,429,334,67,-124,-324,-387,-117,-31,-2,0,0,0,0,0,0,0,0
mpb,CA,-1628963.8779,1505940.4511,13,0,-5,35,6,158,508,45,-123,-186,-257,-200,-15,0,0,2,-2,0,0,0,0,0
mpb,CA,-1603963.8779,1505940.4511,11,-10,14,1,8,56,163,100,-20,-75,-144,-99,-4,0,0,0,0,0,0,0,0,0
mpb,CA,-1578963.8779,1505940.4511,8,-23,0,0,0,21,40,96,14,-12,-143,-10,-6,0,0,0,0,0,0,0,0,0
mpb,CA,-1553963.8779,1505940.4511,8,0,0,10,-8,0,20,30,14,-29,-17,-20,0,0,0,0,0,0,0,0,0,0
mpb,CA,-1528963.8779,1505940.4511,3,0,0,0,0,0,0,9,-9,14,-14,0,0,0,0,0,54,-54,0,0,0,0
mpb,CA,-1478963.8779,1505940.4511,21,13,-4,-3,10,5,157,-26,-138,44,-41,-4,-11,6,-4,25,1,-18,10,-17,1,0
mpb,CA,-1453963.8779,1505940.4511,18,40,-22,3,-9,24,242,-112,-112,49,-86,10,-9,-11,0,18,-17,50,-58,8,-8,0
mpb,CA,-1428963.8779,1505940.4511,14,2,12,-6,-3,-2,38,-4,-32,-3,7,-9,0,0,4,-4,0,6,-6,7,-2,-5
mpb,CA,-1403963.8779,1505940.4511,11,2,-2,6,-6,0,13,-13,0,8,18,-7,-2,-13,-4,0,0,4,1,-5,9,-9
mpb,CA,-1878963.8779,1530940.4511,15,0,0,0,20,5,18,16,40,-36,-34,-23,10,-11,3,1,-4,-5,13,-13,0,11
mpb,CA,-1853963.8779,1530940.4511,17,-14,3,-2,3,28,72,42,46,-64,-109,71,-73,-22,-7,2,-2,2,-2,0,0,32
mpb,CA,-1828963.8779,1530940.4511,22,2,-5,21,-26,85,141,-46,73,10,-21,-151,-65,-14,-23,-5,-8,35,-24,0,-2,3
mpb,CA,-1803963.8779,1530940.4511,21,-45,26,5,-13,8,86,8,226,252,-236,-91,-162,-23,-79,36,-32,9,-2,35,-15,-2
mpb,CA,-1778963.8779,1530940.4511,18,4,33,13,-18,-8,244,144,191,368,-291,-396,-225,-48,-11,2,-2,12,6,-2,-12,-4
mpb,CA,-1753963.8779,1530940.4511,15,-11,32,15,33,181,362,142,118,-68,-312,-219,-328,-5,-1,-11,0,0,0,0,0,0
mpb,CA,-1728963.8779,1530940.4511,12,-3,11,102,160,679,823,59,-6,-173,-1066,-617,-56,0,0,0,0,0,0,0,0,0
mpb,CA,-1703963.8779,1530940.4511,12,-13,115,219,322,1202,-111,-199,-113,-16,-1149,-304,-15,0,0,0,0,0,0,0,0,0
mpb,CA,-1678963.8779,1530940.4511,11,-14,6,29,107,1021,1116,59,-116,-84,-1252,-862,-24,0,0,0,0,0,0,0,0,0
mpb,CA,-1653963.8779,1530940.4511,12,-111,41,74,-87,318,466,-83,1,-109,-472,-188,-8,0,0,0,0,0,0,0,0,0
mpb,CA,-1628963.8779,1530940.4511,11,10,13,53,22,271,350,-12,-62,-305,-270,-97,0,0,0,0,0,0,0,0,0,0
mpb,CA,-1603963.8779,1530940.4511,11,-12,38,-6,8,128,257,272,85,-370,-351,-68,0,0,0,0,0,0,0,0,0,0
mpb,CA,-1578963.8779,1530940.4511,10,0,0,21,10,-4,116,311,299,33,-503,-256,-25,-2,0,0,0,0,0,0,0,0
mpb,CA,-1553963.8779,1530940.4511,7,0,0,0,0,0,2,8,59,-58,7,-17,9,-10,0,0,0,0,0,0,0,0
mpb,CA,-1528963.8779,1530940.4511,5,0,0,0,0,0,0,5,6,29,-32,-8,0,0,0,0,0,3,-3,0,0,0
mpb,CA,-1503963.8779,1530940.4511,5,0,0,0,0,0,7,2,-1,-8,0,0,0,0,0,0,0,0,17,-12,-5,0
mpb,CA,-1478963.8779,1530940.4511,16,4,-4,0,4,-2,32,1,-27,6,-7,4,-5,7,-6,6,14,-27,7,-1,-6,0
mpb,CA,-1453963.8779,1530940.4511,14,11,-7,-4,13,-13,117,-70,-27,-2,17,-14,-21,0,7,8,20,-1,-34,5,-5,0
mpb,CA,-1428963.8779,1530940.4511,16,0,0,0,0,2,17,18,-26,-9,-2,4,11,-8,18,40,1,25,-63,-6,-4,-13
mpb,CA,-1878963.8779,1555940.4511,15,0,0,0,0,0,4,23,24,-3,6,-20,-15,-19,10,-3,15,-12,-4,2,3,40
mpb,CA,-1853963.8779,1555940.4511,18,-3,0,0,0,2,35,-20,130,45,26,9,-77,-99,4,24,-59,113,-63,48,10,-54
mpb,CA,-1828963.8779,1555940.4511,16,0,0,0,0,0,13,43,95,235,-6,-151,37,-119,-12,-18,-22,28,-17,23,-55,-55
mpb,CA,-1803963.8779,1555940.4511,19,0,4,13,-17,6,34,82,240,355,-14,-490,3,-41,-115,2,-31,7,-23,56,-21,-12
mpb,CA,-1778963.8779,1555940.4511,19,-4,12,-1,-6,42,563,340,96,269,-643,-317,-319,2,-27,-4,-10,6,-4,13,-15,0
mpb,CA,-1753963.8779,1555940.4511,15,-25,-4,87,182,415,1201,442,-196,214,-1054,-719,-540,-22,-10,-2,0,0,0,0,0,0
mpb,CA,-1728963.8779,1555940.4511,13,-2,4,496,224,1371,32,237,-94,78,-2162,-180,-3,-4,0,0,0,0,0,0,0,0
mpb,CA,-1703963.8779,1555940.4511,11,10,-12,64,80,2243,-66,95,7,46,-2246,-216,-7,0,0,0,0,0,0,0,0,0
mpb,CA,-1678963.8779,1555940.4511,8,0,0,4,116,2172,93,15,-57,5,-1732,-616,0,0,0,0,0,0,0,0,0,0
mpb,CA,-1653963.8779,1555940.4511,12,0,15,59,134,900,740,-168,-197,-98,-1299,-89,-1,0,0,0,0,0,0,0,0,0
mpb,CA,-1628963.8779,1555940.4511,11,2,1,67,19,248,450,-200,128,-571,-66,-74,-4,0,0,0,0,0,0,0,0,0
mpb,CA,-1603963.8779,1555940.4511,9,2,-5,4,-4,71,353,85,141,-329,-257,-64,0,0,0,0,0,0,0,0,0,0
mpb,CA,-1578963.8779,1555940.4511,11,-3,4,10,-14,22,70,251,492,-33,-357,-420,8,-33,0,0,0,0,0,0,0,0
mpb,CA,-1553963.8779,1555940.4511,9,11,-11,0,0,26,-18,27,94,13,-17,-110,-10,-5,0,0,0,0,0,0,0,0
mpb,CA,-1528963.8779,1555940.4511,4,0,0,0,0,0,0,0,4,16,-16,-4,4,-4,0,0,0,0,0,0,0,0
mpb,CA,-1503963.8779,1555940.4511,9,0,0,0,0,0,3,4,-7,0,4,-4,0,0,0,0,25,15,-13,-5,19,-40
mpb,CA,-1478963.8779,1555940.4511,15,3,-3,0,10,-3,76,-41,-39,-3,0,0,0,9,2,2,-7,17,-11,1,-5,0
mpb,CA,-1453963.8779,1555940.4511,9,0,0,2,0,-2,23,-17,-2,-4,0,0,0,7,-7,0,4,0,-4,4,-4,0
mpb,CA,-1878963.8779,1580940.4511,14,0,0,0,0,0,0,0,9,5,19,23,-10,-6,53,28,113,132,-97,10,-90,-53
mpb,CA,-1853963.8779,1580940.4511,15,0,0,0,0,0,2,-2,231,21,22,-4,-196,-58,29,0,11,126,-58,55,15,-162
mpb,CA,-1828963.8779,1580940.4511,22,3,4,0,1,15,22,198,637,168,-22,-264,-335,-289,-22,-14,-10,78,-108,91,-25,-106
mpb,CA,-1803963.8779,1580940.4511,18,3,-3,0,0,7,140,626,644,106,-308,-738,-340,-109,-2,-18,22,-7,-22,48,-44,-3
mpb,CA,-1778963.8779,1580940.4511,13,0,0,15,29,262,735,441,-82,-103,-856,-259,-159,-17,-6,0,0,1,-1,5,-5,0
mpb,CA,-1753963.8779,1580940.4511,13,0,4,51,89,1233,765,167,-39,60,-1605,-619,-102,18,-22,0,0,6,-6,0,0,0
mpb,CA,-1728963.8779,1580940.4511,9,-23,0,93,234,1929,110,20,-18,6,-2310,-64,0,0,0,0,0,0,0,0,0,0
mpb,CA,-1703963.8779,1580940.4511,8,0,0,16,58,2282,-37,97,-25,13,-2263,-141,0,0,0,0,0,0,0,0,0,0
mpb,CA,-1678963.8779,1580940.4511,9,0,0,4,54,2188,-206,363,-5,-18,-2120,-250,-10,0,0,0,0,0,0,0,0,0
mpb,CA,-1653963.8779,1580940.4511,8,0,0,0,54,1132,622,378,44,-73,-1923,-217,-17,0,0,0,0,0,0,0,0,0
mpb,CA,-1628963.8779,1580940.4511,11,2,3,53,-19,285,717,-63,72,-344,-611,-98,0,0,0,0,0,0,0,0,0,0
mpb,CA,-1603963.8779,1580940.4511,10,-20,5,3,18,42,283,32,403,-208,-318,-260,0,0,0,0,0,0,0,0,0,0
mpb,CA,-1578963.8779,1580940.4511,7,0,0,0,0,28,38,38,550,19,-325,-315,-33,0,0,0,0,0,0,0,0,0
mpb,CA,-1553963.8779,1580940.4511,8,0,0,0,0,7,12,6,186,-46,-118,-37,-6,-4,0,0,0,0,0,0,0,0
mpb,CA,-1503963.8779,1580940.4511,3,0,0,0,0,0,0,23,-9,-14,0,0,7,-7,0,0,0,0,0,0,0,0
mpb,CA,-1478963.8779,1580940.4511,14,6,-6,0,0,20,21,-23,-4,0,-6,-5,-1,-2,0,0,6,2,0,-8,4,1
mpb,CA,-1928963.8779,1605940.4511,4,0,0,0,0,0,0,0,0,0,0,0,0,0,0,0,0,57,-19,-38,17,-4
mpb,CA,-1903963.8779,1605940.4511,16,-13,2,56,-58,0,0,28,51,139,-157,-32,-25,0,-4,0,5,24,36,14,65,42
mpb,CA,-1878963.8779,1605940.4511,19,2,-1,2,-3,0,10,20,440,89,-72,-205,-53,15,-216,24,28,76,5,183,186,86
mpb,CA,-1853963.8779,1605940.4511,16,0,0,0,0,0,15,145,266,119,-142,-153,-137,154,-205,-15,40,-5,97,-37,230,-64
mpb,CA,-1828963.8779,1605940.4511,16,0,0,0,0,8,463,995,327,-50,-21,-996,-435,-102,-49,-80,-60,22,-18,-2,8,2
mpb,CA,-1803963.8779,1605940.4511,15,8,17,0,109,521,1218,584,-12,-87,-538,-1674,-126,65,-48,-37,0,6,-6,0,0,0
mpb,CA,-1778963.8779,1605940.4511,12,0,0,23,266,407,266,444,-420,-121,-407,-452,8,32,-46,0,0,8,-8,0,0,0
mpb,CA,-1753963.8779,1605940.4511,12,-2,4,99,358,1566,129,130,-98,-109,-1579,-416,-80,-4,0,0,0,0,0,0,0,0
mpb,CA,-1728963.8779,1605940.4511,9,-2,0,13,789,1574,-114,46,85,40,-1734,-699,0,0,0,0,0,0,0,0,0,0
mpb,CA,-1703963.8779,1605940.4511,10,-25,0,114,576,1710,-622,498,77,-60,-2079,-212,-2,0,0,0,0,0,0,0,0,0
mpb,CA,-1678963.8779,1605940.4511,8,0,0,58,414,1797,-53,179,31,-225,-2007,-194,0,0,0,0,0,0,0,0,0,0
mpb,CA,-1653963.8779,1605940.4511,9,0,0,2,142,1581,97,359,17,-444,-1563,-191,2,-2,0,0,0,0,0,0,0,0
mpb,CA,-1628963.8779,1605940.4511,7,0,0,0,12,283,576,627,136,-261,-1225,-148,0,0,0,0,0,0,0,0,0,0
mpb,CA,-1603963.8779,1605940.4511,6,0,0,0,0,82,334,321,251,-263,-586,-139,0,0,0,0,0,0,0,0,0,0
mpb,CA,-1578963.8779,1605940.4511,6,0,0,0,0,0,67,138,265,-185,-167,-112,-6,0,0,0,0,0,0,0,0,0
mpb,CA,-1553963.8779,1605940.4511,6,0,0,0,0,0,28,62,79,-44,-24,-85,-16,0,0,0,0,0,0,0,0,0
mpb,CA,-1528963.8779,1605940.4511,5,0,0,0,0,0,15,-15,31,-17,-6,8,-16,0,0,0,0,0,0,0,0,0
mpb,CA,-1503963.8779,1605940.4511,18,-17,5,-5,6,-6,55,-46,143,1,0,40,43,-70,18,122,-76,-10,-165,140,-195,11
mpb,CA,-1478963.8779,1605940.4511,11,0,0,0,0,0,16,-16,0,0,8,15,88,-23,24,28,-76,105,-164,8,-13,0
mpb,CA,-1453963.8779,1605940.4511,5,0,0,0,0,0,0,0,0,0,0,0,0,0,0,0,0,9,3,15,43,-39
mpb,CA,-1928963.8779,1630940.4511,4,0,0,0,0,0,0,0,11,-4,-7,0,0,0,0,0,0,0,0,0,23,-19
mpb,CA,-1903963.8779,1630940.4511,17,-1,10,113,-123,2,-2,63,470,-43,-143,-257,-65,6,-29,-2,0,14,38,108,347,-233
mpb,CA,-1878963.8779,1630940.4511,20,-8,-2,8,-13,0,57,107,941,-63,23,-287,-361,-80,-253,7,4,59,58,273,229,-152
mpb,CA,-1853963.8779,1630940.4511,17,0,0,0,5,150,985,555,303,55,20,-1480,-489,41,-130,-13,7,-7,-2,22,-17,19
mpb,CA,-1828963.8779,1630940.4511,9,0,0,0,3,768,1417,257,43,-15,-75,-2225,-142,-31,0,0,0,0,0,0,0,0
mpb,CA,-1803963.8779,1630940.4511,13,-7,-2,14,322,1633,51,444,-32,-50,-989,-1384,63,27,-99,0,0,0,0,0,0,0
mpb,CA,-1778963.8779,1630940.4511,12,-8,2,80,487,758,-550,276,22,-315,-556,-193,-9,-2,0,0,0,0,0,0,0,0
mpb,CA,-1753963.8779,1630940.4511,11,-5,-17,527,403,1132,-818,570,-248,-421,-1035,-124,0,0,0,0,0,0,0,0,0,0
mpb,CA,-1728963.8779,1630940.4511,12,-20,20,341,1288,617,-79,54,149,-144,-2136,-169,-12,0,0,0,0,0,0,0,0,0
mpb,CA,-1703963.8779,1630940.4511,8,0,0,56,951,1347,-288,249,78,-200,-1875,-318,0,0,0,0,0,0,0,0,0,0
mpb,CA,-1678963.8779,1630940.4511,12,-1,-2,257,725,1349,-113,179,-28,-95,-2083,-192,-10,0,0,0,0,0,0,0,0,0
mpb,CA,-1653963.8779,1630940.4511,10,0,0,8,19,719,93,416,439,-478,-1016,-193,-3,-4,0,0,0,0,0,0,0,0
mpb,CA,-1628963.8779,1630940.4511,6,0,0,0,0,264,194,72,210,-74,-591,-75,0,0,0,0,0,0,0,0,0,0
mpb,CA,-1603963.8779,1630940.4511,5,0,0,0,0,0,100,99,50,-212,-31,-6,0,0,0,0,0,0,0,0,0,0
mpb,CA,-1578963.8779,1630940.4511,5,0,0,0,0,0,20,16,-24,-11,12,-13,0,0,0,0,0,0,0,0,0,0
mpb,CA,-1553963.8779,1630940.4511,4,0,0,0,0,0,0,0,26,-20,2,-4,-4,0,0,0,0,0,0,0,0,0
mpb,CA,-1528963.8779,1630940.4511,9,0,0,0,3,-3,34,-4,156,-53,-35,-47,-27,-24,0,0,0,12,-12,0,0,0
mpb,CA,-1503963.8779,1630940.4511,21,-16,59,-65,14,111,3,92,96,17,113,50,23,-48,-99,71,-130,96,-271,-64,15,-81
mpb,CA,-1478963.8779,1630940.4511,13,0,0,0,0,0,16,-16,0,0,6,42,-5,99,-62,139,26,-17,-161,14,11,33
mpb,CA,-1928963.8779,1655940.4511,14,-9,0,7,-9,-2,0,68,98,-38,-11,-79,-38,12,-12,0,0,8,-8,0,85,-22
mpb,CA,-1903963.8779,1655940.4511,13,0,0,19,-19,10,-2,582,407,-199,-53,-516,-199,12,-42,0,0,2,-2,0,90,71
mpb,CA,-1878963.8779,1655940.4511,12,0,0,17,-17,17,954,170,484,-4,137,-841,-835,-6,-68,-8,0,0,0,28,-28,0
mpb,CA,-1853963.8779,1655940.4511,11,-2,0,0,136,414,1835,67,32,3,-17,-1325,-1114,43,-74,0,0,0,0,0,0,0
mpb,CA,-1828963.8779,1655940.4511,13,4,0,30,514,1409,368,-9,105,48,-505,-1503,-456,1,-6,0,0,0,0,0,0,0
mpb,CA,-1803963.8779,1655940.4511,10,12,-13,189,1357,748,-381,181,138,-300,-1280,-652,0,0,0,0,0,0,0,0,0,0
mpb,CA,-1778963.8779,1655940.4511,11,-10,17,168,443,851,-687,481,-74,-692,-451,-54,-2,0,0,0,0,0,0,0,0,0
mpb,CA,-1753963.8779,1655940.4511,10,6,20,303,233,1092,-716,550,-362,-601,-432,-93,0,0,0,0,0,0,0,0,0,0
mpb,CA,-1728963.8779,1655940.4511,11,-45,171,595,833,389,-331,12,205,-383,-1441,-66,0,0,0,0,0,0,0,0,0,0
mpb,CA,-1703963.8779,1655940.4511,11,-29,33,295,1740,404,-46,17,-78,-586,-1678,-93,-8,0,0,0,0,0,0,0,0,0
mpb,CA,-1678963.8779,1655940.4511,10,-10,0,86,858,1337,33,29,18,-241,-1941,-179,1,-1,0,0,0,0,0,0,0,0
mpb,CA,-1653963.8779,1655940.4511,11,-6,3,26,236,715,513,-18,548,-630,-1011,-382,10,-10,0,0,0,0,0,0,0,0
mpb,CA,-1628963.8779,1655940.4511,8,0,0,0,18,64,63,-10,192,76,-230,-72,-101,0,0,0,0,0,0,0,0,0
mpb,CA,-1603963.8779,1655940.4511,7,0,0,0,0,2,100,-31,61,-116,-9,-4,-3,0,0,0,0,0,0,0,0,0
mpb,CA,-1578963.8779,1655940.4511,5,0,0,0,0,0,2,0,8,3,-9,-4,0,0,0,0,0,0,0,0,0,0
mpb,CA,-1553963.8779,1655940.4511,8,0,0,0,0,0,26,-17,75,-27,-14,7,-39,-7,-4,0,0,0,0,0,0,0
mpb,CA,-1528963.8779,1655940.4511,21,23,-59,46,-54,24,197,-57,260,22,102,-47,-82,-163,-241,8,13,-32,-8,0,38,-40
mpb,CA,-1503963.8779,1655940.4511,21,-56,82,-77,-11,64,40,16,63,21,61,52,62,-143,-150,7,125,-107,-39,30,132,-183
mpb,CA,-1478963.8779,1655940.4511,17,0,0,15,-15,0,86,55,-23,4,35,312,-98,-3,-134,330,344,-119,-22,97,149,-415
mpb,CA,-1953963.8779,1680940.4511,4,-1,0,0,0,0,0,8,61,-33,-36,0,0,0,0,0,0,0,0,0,0,0
mpb,CA,-1928963.8779,1680940.4511,21,1,-5,27,-35,4,-1,35,279,-105,88,-217,-16,7,-72,6,1,45,31,-64,245,-10
mpb,CA,-1903963.8779,1680940.4511,15,-6,0,0,16,27,321,413,536,-57,-97,-834,-304,17,-38,0,0,3,2,-5,67,-1
mpb,CA,-1878963.8779,1680940.4511,9,0,0,0,413,-265,1498,122,-7,105,-482,-859,-525,0,8,-8,0,0,0,0,0,0
mpb,CA,-1853963.8779,1680940.4511,8,0,0,0,1392,-24,626,29,-98,-5,-967,-752,-201,0,0,0,0,0,0,0,0,0
mpb,CA,-1828963.8779,1680940.4511,9,11,-11,7,1316,1025,5,-20,102,8,-1875,-568,0,0,0,0,0,0,0,0,0,0
mpb,CA,-1803963.8779,1680940.4511,12,6,-4,84,1483,108,122,-78,474,58,-1923,-327,-11,0,0,0,0,0,0,0,0,0
mpb,CA,-1778963.8779,1680940.4511,11,83,35,653,352,1030,-264,228,3,-577,-1163,-497,0,0,0,0,0,0,0,0,0,0
mpb,CA,-1753963.8779,1680940.4511,12,-44,128,606,357,766,-41,-158,-95,-1297,-328,-7,0,0,0,16,-16,0,0,0,0,0
mpb,CA,-1728963.8779,1680940.4511,11,-82,7,558,525,969,-276,94,-367,-592,-937,-73,0,0,0,0,0,0,0,0,0,0
mpb,CA,-1703963.8779,1680940.4511,12,-21,-44,624,1263,415,2,13,-39,-995,-1332,-46,-1,0,0,0,0,0,0,0,0,0
mpb,CA,-1678963.8779,1680940.4511,10,-27,8,152,1126,709,145,-168,125,-850,-1222,-25,0,0,0,0,0,0,0,0,0,0
mpb,CA,-1653963.8779,1680940.4511,10,-3,3,92,390,288,311,153,207,-427,-765,-252,0,0,0,0,0,0,0,0,0,0
mpb,CA,-1628963.8779,1680940.4511,12,-6,15,11,93,32,266,196,-5,-133,-367,-95,-13,3,-3,0,0,0,0,0,0,0
mpb,CA,-1603963.8779,1680940.4511,7,0,0,0,11,-11,16,72,-26,31,-42,-41,-10,0,0,0,0,0,0,0,0,0
mpb,CA,-1578963.8779,1680940.4511,7,0,0,0,0,0,64,20,35,9,-61,-28,9,-48,0,0,0,0,0,0,0,0
mpb,CA,-1553963.8779,1680940.4511,12,-18,15,-15,0,22,-15,27,43,-38,87,-22,-12,-60,-32,0,0,29,-29,0,0,0
mpb,CA,-1528963.8779,1680940.4511,21,-21,67,-2,-73,105,567,84,307,52,300,-159,144,-441,-631,-173,-84,8,43,-72,206,-216
mpb,CA,-1503963.8779,1680940.4511,19,0,0,33,10,46,48,255,32,-231,-124,228,28,-8,-167,5,389,-214,25,1,59,-255
mpb,CA,-1478963.8779,1680940.4511,18,-16,0,57,-57,0,83,-16,47,-62,-44,85,0,13,-10,37,90,-7,-17,-1,166,-159
mpb,CA,-1978963.8779,1705940.4511,4,14,-14,0,0,0,0,19,17,-30,-6,0,0,0,0,0,0,0,0,0,0,0
mpb,CA,-1953963.8779,1705940.4511,7,0,0,0,4,-4,25,7,131,63,-76,-144,-6,0,0,0,0,0,0,0,0,0
mpb,CA,-1928963.8779,1705940.4511,9,0,0,0,15,-15,370,356,305,28,-138,-536,-377,-8,0,0,0,42,-42,0,0,0
mpb,CA,-1903963.8779,1705940.4511,11,-2,0,0,55,813,950,256,32,-16,24,-1723,-388,-3,0,0,0,9,-9,0,0,0
mpb,CA,-1878963.8779,1705940.4511,10,0,0,0,894,830,671,-2,50,27,-648,-1522,-295,10,-15,0,0,0,0,0,0,0
mpb,CA,-1853963.8779,1705940.4511,9,0,0,4,2446,30,-31,-95,122,-10,-1965,-491,-10,0,0,0,0,0,0,0,0,0
mpb,CA,-1828963.8779,1705940.4511,8,0,0,25,2444,-331,-34,-213,-37,545,-2345,-54,0,0,0,0,0,0,0,0,0,0
mpb,CA,-1803963.8779,1705940.4511,10,3,-3,41,2211,15,20,-17,-71,257,-1878,-571,-7,0,0,0,0,0,0,0,0,0
mpb,CA,-1778963.8779,1705940.4511,12,41,34,487,800,1007,4,12,-2,-328,-1491,-616,-4,0,0,0,0,0,0,0,0,0
mpb,CA,-1753963.8779,1705940.4511,11,35,47,1217,89,954,-115,-78,91,-1517,-768,-18,0,0,0,0,0,0,0,0,0,0
mpb,CA,-1728963.8779,1705940.4511,11,-79,-25,526,360,1143,-255,-101,123,-1138,-795,-73,0,0,0,0,0,0,0,0,0,0
mpb,CA,-1703963.8779,1705940.4511,11,-99,-5,548,752,752,-112,141,-206,-1552,-485,-10,0,0,0,0,0,0,0,0,0,0
mpb,CA,-1678963.8779,1705940.4511,11,-4,-22,114,479,762,369,1,-5,-922,-773,-31,0,0,0,0,0,0,0,0,0,0
mpb,CA,-1653963.8779,1705940.4511,9,0,4,-4,187,448,178,-20,9,-608,-182,-12,8,-8,0,0,0,0,0,0,0,0
mpb,CA,-1628963.8779,1705940.4511,8,0,0,5,30,162,78,-24,200,-224,-205,-22,0,0,0,0,0,0,0,0,0,0
mpb,CA,-1603963.8779,1705940.4511,5,0,0,0,0,7,-3,6,15,-25,0,6,-6,0,0,0,0,0,0,0,0,0
mpb,CA,-1578963.8779,1705940.4511,8,0,0,6,-6,0,64,10,125,-83,14,-51,-71,-8,0,0,0,0,0,0,0,0
mpb,CA,-1553963.8779,1705940.4511,21,15,15,46,-67,170,97,141,396,-227,36,-65,-151,-73,-298,-29,1,12,23,-17,-11,-4
mpb,CA,-1528963.8779,1705940.4511,22,18,21,295,-227,304,247,141,176,-212,-65,87,60,-219,-413,-158,83,62,-9,-66,374,-418
mpb,CA,-1503963.8779,1705940.4511,21,74,-50,92,-49,-10,120,-18,12,-60,-35,31,18,8,-81,43,85,59,-124,92,48,-133
mpb,CA,-1478963.8779,1705940.4511,5,0,0,0,0,0,0,0,0,0,0,0,0,0,0,0,1,18,-19,2,12,-9
mpb,CA,-1978963.8779,1730940.4511,4,24,-24,0,0,0,0,90,11,-85,-16,0,0,0,0,0,0,0,0,0,0,0
mpb,CA,-1953963.8779,1730940.4511,7,11,-11,0,4,-4,0,394,416,-181,-268,-302,-59,0,0,0,0,0,0,0,0,0
mpb,CA,-1928963.8779,1730940.4511,11,-8,0,0,36,123,1253,247,241,63,-11,-1090,-858,3,-7,0,0,0,0,0,0,0
mpb,CA,-1903963.8779,1730940.4511,9,0,0,0,24,1488,886,26,38,-1,-6,-2223,-222,-10,0,0,0,0,0,0,0,0
mpb,CA,-1878963.8779,1730940.4511,9,0,0,1,1192,1254,26,-46,-38,48,-489,-1929,-19,0,0,0,0,0,0,0,0,0
mpb,CA,-1853963.8779,1730940.4511,8,0,0,0,2432,-32,3,-23,-3,45,-1477,-937,-8,0,0,0,0,0,0,0,0,0
mpb,CA,-1828963.8779,1730940.4511,8,0,0,0,2472,-103,-55,-82,131,74,-2314,-101,-22,0,0,0,0,0,0,0,0,0
mpb,CA,-1803963.8779,1730940.4511,9,0,0,9,2469,-80,46,23,10,8,-1953,-511,-21,0,0,0,0,0,0,0,0,0
mpb,CA,-1778963.8779,1730940.4511,12,75,-48,504,1506,366,-28,39,-9,-452,-1371,-599,-17,0,0,0,0,0,0,0,0,0
mpb,CA,-1753963.8779,1730940.4511,11,61,243,1015,285,529,-84,13,7,-1580,-762,-32,0,0,0,0,0,0,0,0,0,0
mpb,CA,-1728963.8779,1730940.4511,11,58,213,460,474,833,-278,69,-16,-1424,-507,-38,0,0,0,0,0,0,0,0,0,0
mpb,CA,-1703963.8779,1730940.4511,11,-16,252,876,758,371,-16,-34,-116,-1914,-287,-12,0,0,0,0,0,0,0,0,0,0
mpb,CA,-1678963.8779,1730940.4511,11,-14,0,211,799,959,-113,-125,84,-1259,-559,-9,0,0,0,0,0,0,0,0,0,0
mpb,CA,-1653963.8779,1730940.4511,10,-10,24,71,234,628,558,-185,-129,-844,-333,-24,0,0,0,0,0,0,0,0,0,0
mpb,CA,-1628963.8779,1730940.4511,9,-2,3,-3,243,324,382,-130,182,-595,-376,-30,0,0,0,0,0,0,0,0,0,0
mpb,CA,-1603963.8779,1730940.4511,5,0,0,0,0,0,26,2,-7,-7,-14,0,0,0,6,-6,0,0,0,0,0,0
mpb,CA,-1578963.8779,1730940.4511,13,15,11,3,-7,6,108,304,30,-41,90,-398,-94,-27,0,0,0,0,34,-34,0,0
mpb,CA,-1553963.8779,1730940.4511,21,48,-25,150,-160,195,466,276,268,-156,-190,-131,-320,-73,-288,-56,12,12,24,-32,180,-198
mpb,CA,-1528963.8779,1730940.4511,21,-28,1,47,-59,-19,17,55,48,33,-47,53,1,-21,-101,-30,75,11,1,-36,49,-14
mpb,CA,-1503963.8779,1730940.4511,5,0,0,3,-3,0,0,0,4,1,-5,0,0,3,-3,0,0,5,-5,0,0,0
mpb,CA,-1978963.8779,1755940.4511,7,4,-4,4,-4,0,0,18,36,55,-105,4,-8,0,0,0,0,0,0,0,0,0
mpb,CA,-1953963.8779,1755940.4511,15,0,0,0,19,29,93,227,161,166,-199,-342,-143,-9,-2,0,0,13,30,-33,52,-46
mpb,CA,-1928963.8779,1755940.4511,12,0,0,0,634,30,964,173,164,6,-192,-1577,-183,-8,-11,0,0,0,2,-2,2,-2
mpb,CA,-1903963.8779,1755940.4511,10,0,0,0,325,2019,66,41,47,-3,-2,-2430,-62,1,-2,0,0,0,0,0,0,0
mpb,CA,-1878963.8779,1755940.4511,10,0,0,0,718,1704,38,12,3,1,-225,-2228,-21,-2,0,0,0,0,4,-4,0,0
mpb,CA,-1853963.8779,1755940.4511,9,0,0,3,2362,10,-10,52,-7,16,-1354,-1051,-21,0,0,0,0,0,0,0,0,0
mpb,CA,-1828963.8779,1755940.4511,10,0,0,17,2237,165,-43,35,30,6,-1159,-1237,-48,-3,0,0,0,0,0,0,0,0
mpb,CA,-1803963.8779,1755940.4511,13,-10,63,140,2055,137,-124,79,1,74,-2092,-341,0,4,0,-4,0,0,0,0,0,0
mpb,CA,-1778963.8779,1755940.4511,11,11,41,402,1638,240,-91,112,30,18,-1700,-715,0,0,0,0,0,0,0,0,0,0
mpb,CA,-1753963.8779,1755940.4511,11,-118,148,724,929,427,-37,26,-21,-1746,-563,-102,0,0,0,0,0,0,0,0,0,0
mpb,CA,-1728963.8779,1755940.4511,11,-61,102,405,481,958,-703,319,48,-1284,-468,-34,0,0,0,0,0,0,0,0,0,0
mpb,CA,-1703963.8779,1755940.4511,10,42,135,519,535,612,71,-320,406,-1614,-442,0,0,0,0,0,0,0,0,0,0,0
mpb,CA,-1678963.8779,1755940.4511,10,-4,12,190,643,887,54,209,-611,-1020,-379,0,0,0,0,0,0,0,0,0,0,0
mpb,CA,-1653963.8779,1755940.4511,7,0,0,1,687,407,473,92,-261,-1193,-206,0,0,0,0,0,0,0,0,0,0,0
mpb,CA,-1628963.8779,1755940.4511,7,0,0,0,445,369,126,-11,-192,-504,-224,-9,0,0,0,0,0,0,0,0,0,0
mpb,CA,-1603963.8779,1755940.4511,3,0,0,0,0,0,48,-24,22,-46,0,0,0,0,0,0,0,0,0,0,0,0
mpb,CA,-1578963.8779,1755940.4511,12,0,6,1,7,68,145,325,-233,-19,-129,-90,-50,-29,-2,0,0,0,0,0,0,0
mpb,CA,-1553963.8779,1755940.4511,15,0,22,-14,-6,-2,144,111,132,-76,0,-31,-228,94,-142,-4,0,9,14,-23,68,-68
mpb,CA,-1528963.8779,1755940.4511,18,11,3,-21,7,-7,2,12,35,-30,28,-5,-34,38,-44,-2,13,-9,0,11,8,-23
mpb,CA,-2028963.8779,1780940.4511,3,0,0,0,0,5,-5,0,3,5,-8,0,0,0,0,0,0,0,0,0,0,0
mpb,CA,-1978963.8779,1780940.4511,14,-45,6,17,20,160,63,-9,-68,43,-215,55,-48,-24,0,0,0,29,26,-55,0,0
mpb,CA,-1953963.8779,1780940.4511,14,-36,0,12,276,133,152,-14,95,163,-221,-545,-22,-29,0,0,0,0,21,3,-24,16
mpb,CA,-1928963.8779,1780940.4511,11,0,0,4,1492,199,237,6,94,30,-1457,-517,-88,0,0,0,0,0,2,-2,6,-6
mpb,CA,-1903963.8779,1780940.4511,10,0,0,0,1898,462,-3,9,32,-29,-317,-1914,-124,-14,0,0,0,0,0,0,16,-16
mpb,CA,-1878963.8779,1780940.4511,10,0,0,0,1581,812,47,-2,29,1,-17,-2292,-146,-13,0,0,0,0,0,0,2,-2
mpb,CA,-1853963.8779,1780940.4511,10,0,0,13,1966,406,2,-14,77,-10,-33,-2340,-67,4,-4,0,0,0,0,0,0,0
mpb,CA,-1828963.8779,1780940.4511,11,2,0,216,1672,511,35,-3,5,2,-292,-2088,-60,0,0,0,0,0,0,0,0,0
mpb,CA,-1803963.8779,1780940.4511,12,130,145,474,977,637,-105,72,4,39,-2105,-327,-12,0,0,0,0,0,0,0,0,0
mpb,CA,-1778963.8779,1780940.4511,12,3,338,332,1467,264,-52,73,-12,19,-2212,-254,-11,0,0,0,0,0,0,0,0,0
mpb,CA,-1753963.8779,1780940.4511,12,60,274,899,792,274,-51,31,-65,-926,-1329,-116,-11,0,0,0,0,0,0,0,0,0
mpb,CA,-1728963.8779,1780940.4511,11,80,55,351,381,1060,-300,166,-137,-1185,-571,-16,0,0,0,0,0,0,0,0,0,0
mpb,CA,-1703963.8779,1780940.4511,10,-29,100,469,600,987,104,-129,178,-1186,-1163,0,0,0,0,0,0,0,0,0,0,0
mpb,CA,-1678963.8779,1780940.4511,9,-14,10,95,436,1406,-94,-479,-478,-530,-366,0,0,0,0,0,0,0,0,0,0,0
mpb,CA,-1653963.8779,1780940.4511,11,-54,16,24,896,541,394,-18,-1234,-324,-296,-4,0,0,0,0,0,0,0,0,0,0
mpb,CA,-1628963.8779,1780940.4511,8,-44,0,16,344,236,289,-338,-390,-82,-75,0,0,0,0,0,0,0,0,0,0,0
mpb,CA,-1603963.8779,1780940.4511,6,0,0,0,9,38,-14,-4,-19,-10,0,0,0,0,0,131,-131,0,0,0,0,0
mpb,CA,-1578963.8779,1780940.4511,10,0,0,5,6,183,114,104,-103,-237,17,-34,-55,0,0,106,-106,0,0,0,0,0
mpb,CA,-1553963.8779,1780940.4511,4,0,0,0,0,0,21,17,-38,0,57,-57,0,0,0,101,-101,0,0,0,0,0
mpb,CA,-1528963.8779,1780940.4511,4,0,0,0,0,0,32,18,-50,10,6,-16,0,0,0,0,0,0,0,0,0,0
mpb,CA,-2028963.8779,1805940.4511,4,0,0,0,0,54,-30,-9,3,-18,0,0,0,0,0,0,0,0,0,0,0,0
mpb,CA,-2003963.8779,1805940.4511,5,0,0,0,0,2,12,11,-17,-6,-2,0,0,0,0,0,0,0,0,0,0,0
mpb,CA,-1978963.8779,1805940.4511,11,0,3,21,8,12,60,-21,-2,17,-98,0,0,0,0,0,0,2,22,-24,0,15
mpb,CA,-1953963.8779,1805940.4511,20,8,-4,39,612,592,2,146,-103,356,-376,-865,-216,-164,-27,2,9,3,28,59,373,46
mpb,CA,-1928963.8779,1805940.4511,13,-4,0,68,1841,472,57,-17,24,2,-528,-1835,-70,-14,0,0,0,0,0,0,47,-8
mpb,CA,-1903963.8779,1805940.4511,12,0,0,69,1455,765,58,27,50,-33,13,-2109,-293,-2,0,0,0,0,4,0,-4,0
mpb,CA,-1878963.8779,1805940.4511,11,0,0,128,951,685,120,41,17,-3,-30,-1760,-140,9,-18,0,0,0,0,0,0,0
mpb,CA,-1853963.8779,1805940.4511,12,0,0,567,1645,159,13,73,-22,3,31,-1925,-489,-51,1,-5,0,0,0,0,0,0
mpb,CA,-1828963.8779,1805940.4511,13,71,-10,733,1492,22,33,42,-20,77,-66,-2276,-60,-48,0,0,0,0,0,0,0,0
mpb,CA,-1803963.8779,1805940.4511,13,195,630,425,613,310,-103,38,-44,-82,-1495,-721,-29,4,-4,0,0,0,0,0,0,0
mpb,CA,-1778963.8779,1805940.4511,12,13,514,592,1230,28,-24,-291,289,-157,-1990,-282,-5,0,0,0,0,0,0,0,0,0
mpb,CA,-1753963.8779,1805940.4511,13,183,355,534,921,55,-250,-47,194,-821,-1170,-219,-26,0,0,0,0,0,3,-3,0,0
mpb,CA,-1728963.8779,1805940.4511,11,154,235,470,486,732,-76,-17,-101,-1788,-421,-8,0,0,0,0,0,0,0,0,0,0
mpb,CA,-1703963.8779,1805940.4511,9,7,135,156,647,951,42,-392,718,-1832,-432,0,0,0,0,0,0,0,0,0,0,0
mpb,CA,-1678963.8779,1805940.4511,10,-13,4,35,384,906,251,-630,-140,-581,-233,0,0,0,0,0,0,0,0,0,0,0
mpb,CA,-1653963.8779,1805940.4511,10,-23,8,-3,395,-41,68,133,-107,-221,-233,0,0,0,0,0,0,0,0,0,0,0
mpb,CA,-1628963.8779,1805940.4511,10,4,-4,4,76,93,13,24,-54,-131,-8,-17,0,0,0,14,-14,0,0,0,0,0
mpb,CA,-1603963.8779,1805940.4511,6,0,0,0,27,96,-123,156,-141,-15,0,0,139,-139,0,48,-48,0,0,0,0,0
mpb,CA,-1578963.8779,1805940.4511,7,2,-2,0,0,11,78,10,-26,-63,76,-86,0,0,0,0,0,0,0,0,0,0
mpb,CA,-1553963.8779,1805940.4511,6,0,0,0,0,4,4,52,48,-108,107,-107,0,0,0,3,-3,0,0,0,0,0
mpb,CA,-1528963.8779,1805940.4511,4,0,0,0,0,0,0,52,-51,-1,17,-17,0,0,0,35,-35,0,0,0,0,0
mpb,CA,-2028963.8779,1830940.4511,3,0,0,0,0,75,22,2,-99,0,0,0,0,0,0,0,0,0,0,0,0,0
mpb,CA,-2003963.8779,1830940.4511,6,0,0,4,26,103,-72,16,-38,-39,0,0,0,0,0,0,0,0,0,0,0,0
mpb,CA,-1978963.8779,1830940.4511,10,-3,117,139,226,-222,22,-50,-32,35,-235,0,0,0,0,0,0,0,0,0,0,86
mpb,CA,-1953963.8779,1830940.4511,12,0,111,261,493,-423,-111,43,-25,632,-735,-187,-59,0,0,0,0,0,0,8,-8,32
mpb,CA,-1928963.8779,1830940.4511,10,0,10,825,588,362,48,16,-32,42,-131,-1625,-103,0,0,0,0,0,0,0,0,0
mpb,CA,-1903963.8779,1830940.4511,12,12,-10,890,732,356,-145,-369,431,-118,-524,-962,-293,0,0,0,0,0,4,-4,0,0
mpb,CA,-1878963.8779,1830940.4511,13,-157,86,1449,940,-16,20,-92,91,-118,-1206,-1147,-13,0,0,0,0,0,3,-3,0,0
mpb,CA,-1853963.8779,1830940.4511,12,-6,252,1134,1067,10,-41,2,56,-735,-188,-1527,-30,0,0,0,0,0,4,-4,0,0
mpb,CA,-1828963.8779,1830940.4511,14,89,321,922,954,190,-124,0,-51,-1375,108,-1040,-4,0,0,0,0,0,3,15,-18,0
mpb,CA,-1803963.8779,1830940.4511,12,103,372,753,1134,45,13,-117,131,-736,-1427,-301,-2,0,0,0,0,0,0,0,0,0
mpb,CA,-1778963.8779,1830940.4511,11,10,378,853,1049,103,-32,3,-4,-977,-1266,-194,0,0,0,0,0,0,0,0,0,0
mpb,CA,-1753963.8779,1830940.4511,11,-24,580,919,363,280,-425,54,-292,-987,-555,-165,0,0,0,0,0,0,0,0,0,0
mpb,CA,-1728963.8779,1830940.4511,11,-98,410,1294,-117,576,-86,-23,56,-1380,-767,-42,0,0,0,0,0,0,0,0,0,0
mpb,CA,-1703963.8779,1830940.4511,11,53,-24,324,736,582,-85,115,-314,-1309,-82,0,0,0,0,68,-68,0,0,0,0,0
mpb,CA,-1678963.8779,1830940.4511,11,30,54,14,470,165,307,6,-527,-378,-141,19,-19,0,0,190,-190,0,0,0,0,0
mpb,CA,-1653963.8779,1830940.4511,13,1,3,133,432,-380,125,-32,-11,-62,-208,493,-496,0,0,67,-67,0,0,0,0,0
mpb,CA,-1628963.8779,1830940.4511,7,4,-4,0,40,131,-110,33,-37,-57,0,0,0,0,0,10,-10,0,0,0,0,0
mpb,CA,-1603963.8779,1830940.4511,6,0,0,0,58,-22,73,-73,-11,-25,0,0,0,0,0,33,-33,0,0,0,0,0
mpb,CA,-1578963.8779,1830940.4511,5,0,0,0,0,25,33,33,-46,-45,4,-4,0,0,0,0,0,0,0,0,0,0
mpb,CA,-1553963.8779,1830940.4511,3,0,0,0,0,0,0,29,-9,-20,4,-4,0,0,0,0,0,0,0,0,0,0
mpb,CA,-1528963.8779,1830940.4511,3,0,0,0,0,0,0,0,284,-284,20,285,-305,0,0,0,0,0,0,0,0,0
mpb,CA,-1253963.8779,1830940.4511,4,0,0,0,0,0,0,0,0,0,196,39,221,-456,0,1,-1,0,0,0,0,0
mpb,CA,-1228963.8779,1830940.4511,4,0,0,0,0,0,0,0,0,0,302,-218,201,-285,0,1,-1,0,0,0,0,0
mpb,CA,-1203963.8779,1830940.4511,3,0,0,0,0,0,0,0,0,0,652,-381,434,-705,0,0,0,0,0,0,0,0
mpb,CA,-1178963.8779,1830940.4511,4,0,0,0,0,0,0,0,0,0,162,-85,523,-600,0,144,-144,0,0,0,0,0
mpb,CA,-2053963.8779,1855940.4511,3,0,0,0,0,27,-24,-1,-2,0,0,0,0,0,0,0,0,0,0,0,0,0
mpb,CA,-2028963.8779,1855940.4511,4,0,0,0,0,76,-32,-16,-10,-18,0,0,0,0,0,0,0,0,0,0,0,0
mpb,CA,-2003963.8779,1855940.4511,7,0,0,45,-43,8,38,-33,-2,-13,0,0,0,0,0,0,0,2,-2,0,0,0
mpb,CA,-1978963.8779,1855940.4511,12,76,164,498,-12,-94,103,-152,41,-562,-73,0,0,0,0,0,0,10,-8,-2,0,0
mpb,CA,-1953963.8779,1855940.4511,13,-24,965,521,768,211,-61,28,-85,-2001,-75,-272,-10,0,0,0,0,0,5,-5,0,0
mpb,CA,-1928963.8779,1855940.4511,13,316,534,1014,567,17,-56,4,-312,-1529,-201,-368,-8,0,0,0,0,0,0,0,15,-15
mpb,CA,-1903963.8779,1855940.4511,14,25,240,1411,716,-37,35,-132,77,-1756,-311,-356,0,0,0,0,0,0,0,6,14,-14
mpb,CA,-1878963.8779,1855940.4511,14,89,134,2143,-464,506,-22,-243,219,-2103,249,-537,-6,0,0,0,0,0,61,-61,21,-21
mpb,CA,-1853963.8779,1855940.4511,14,85,285,596,338,1040,-126,223,-15,-1975,-189,-270,-7,0,0,0,0,0,27,-8,-19,0
mpb,CA,-1828963.8779,1855940.4511,13,28,178,718,739,697,-140,241,-160,-1916,177,-587,-4,0,0,0,0,31,-31,0,0,0
mpb,CA,-1803963.8779,1855940.4511,13,3,290,1102,799,118,-51,147,34,-1619,-434,-382,-26,0,0,0,0,4,-4,0,0,0
mpb,CA,-1778963.8779,1855940.4511,11,-3,186,679,1319,162,-524,371,-74,-515,-1391,-180,-33,0,0,0,0,0,0,0,0,0
mpb,CA,-1753963.8779,1855940.4511,12,-88,225,1261,603,175,-422,424,-340,-1150,-617,-114,-55,0,0,0,0,0,0,0,0,0
mpb,CA,-1728963.8779,1855940.4511,12,-13,76,951,204,579,163,72,-320,-995,-701,-34,0,49,-49,0,0,0,0,0,0,0
mpb,CA,-1703963.8779,1855940.4511,10,-38,47,368,455,88,369,743,-663,-1094,-313,13,-13,0,0,0,0,0,0,0,0,0
mpb,CA,-1678963.8779,1855940.4511,12,20,34,111,598,383,44,495,-390,-553,-700,-32,-10,6,-6,0,0,0,0,0,0,0
mpb,CA,-1653963.8779,1855940.4511,11,55,-81,134,191,240,392,79,-337,-414,-182,-97,-6,0,0,0,0,0,0,0,0,0
mpb,CA,-1628963.8779,1855940.4511,11,7,-8,42,88,195,122,-116,-58,-242,10,-39,-2,0,0,0,0,0,0,0,0,0
mpb,CA,-1603963.8779,1855940.4511,5,0,0,0,7,102,107,24,-182,-58,0,0,0,0,0,0,0,0,0,0,0,0
mpb,CA,-1578963.8779,1855940.4511,3,0,0,0,0,0,85,88,-135,-38,0,0,0,0,0,0,0,0,0,0,0,0
mpb,CA,-1528963.8779,1855940.4511,7,0,0,6,-6,0,0,0,1081,-1081,705,-153,-548,-4,0,0,50,-48,-2,0,0,0
mpb,CA,-1503963.8779,1855940.4511,5,0,0,0,0,0,0,0,70,-70,0,127,-115,-12,0,4,-4,134,-134,0,0,0
mpb,CA,-1253963.8779,1855940.4511,3,0,0,0,0,0,0,0,0,0,345,-100,-100,-145,0,0,0,0,0,0,0,0
mpb,CA,-1228963.8779,1855940.4511,3,0,0,0,0,0,0,0,0,0,1108,-676,756,-1188,0,0,0,0,0,0,0,0
mpb,CA,-1203963.8779,1855940.4511,3,0,0,0,0,0,0,0,0,0,309,-212,463,-560,0,0,0,0,0,0,0,0
mpb,CA,-1178963.8779,1855940.4511,4,0,0,0,0,0,0,0,0,0,103,-42,591,-652,0,38,-38,0,0,0,0,0
mpb,CA,-2003963.8779,1880940.4511,8,71,-35,269,-204,-51,88,-27,-46,-65,0,0,0,0,0,0,0,0,0,0,0,0
mpb,CA,-1978963.8779,1880940.4511,11,43,-20,362,-205,-51,51,-72,-15,-137,-17,-3,0,0,0,0,0,0,0,0,0,0
mpb,CA,-1953963.8779,1880940.4511,11,-354,1671,-188,-581,-31,1261,-1702,-309,-137,-24,-15,0,0,0,0,0,0,0,0,0,0
mpb,CA,-1928963.8779,1880940.4511,10,560,1573,-68,-213,-877,1225,-1237,-1086,-148,11,-11,0,0,0,0,0,0,0,0,0,0
mpb,CA,-1903963.8779,1880940.4511,10,1333,490,449,68,-564,565,-13,-340,-2137,7,-7,0,0,0,0,0,0,0,0,0,0
mpb,CA,-1878963.8779,1880940.4511,11,875,-155,1183,9,43,-43,12,-194,-2205,319,-319,0,0,0,0,0,0,0,0,2,-2
mpb,CA,-1853963.8779,1880940.4511,11,99,495,1383,182,84,-144,148,-26,-1957,-45,-260,0,0,0,0,0,0,0,0,0,0
mpb,CA,-1828963.8779,1880940.4511,14,41,213,1802,-596,942,-272,284,8,-1790,-290,-337,-23,4,-4,0,0,27,-27,0,0,0
mpb,CA,-1803963.8779,1880940.4511,13,101,158,1231,-408,1223,-145,195,-18,-1784,-496,-65,0,1,-1,160,-160,0,0,0,0,0
mpb,CA,-1778963.8779,1880940.4511,11,0,298,354,927,827,-297,254,-34,-1473,-472,-354,-30,0,0,144,-144,0,0,0,0,0
mpb,CA,-1753963.8779,1880940.4511,12,1,69,451,485,1204,39,32,-188,-1311,-616,-58,-108,12,-12,0,0,0,0,0,0,0
mpb,CA,-1728963.8779,1880940.4511,13,23,20,429,244,1087,56,24,-431,-760,-623,-39,-34,63,-63,0,0,0,0,0,0,0
mpb,CA,-1703963.8779,1880940.4511,9,0,53,233,28,567,210,173,-614,-430,-220,19,-19,0,0,0,0,0,0,0,0,0
mpb,CA,-1678963.8779,1880940.4511,11,-1,51,45,232,121,411,-8,-524,-243,-89,61,-61,0,0,0,0,0,0,0,0,0
mpb,CA,-1653963.8779,1880940.4511,12,2,16,26,53,29,441,-283,-91,-43,-145,53,-58,9,-9,0,0,0,0,0,0,0
mpb,CA,-1628963.8779,1880940.4511,9,1,-1,0,149,0,203,116,-229,-169,-66,6,-10,0,0,0,0,0,0,0,0,0
mpb,CA,-1603963.8779,1880940.4511,5,0,0,0,12,71,-29,-37,18,-35,0,0,0,0,0,0,0,0,0,0,0,0
mpb,CA,-1553963.8779,1880940.4511,4,0,0,0,0,0,0,0,104,-104,43,-15,-28,21,-21,0,0,0,0,0,0,0
mpb,CA,-1528963.8779,1880940.4511,9,0,0,0,0,0,0,0,1393,-1393,1009,83,-878,-200,19,-33,39,-17,-4,-18,0,0
mpb,CA,-1503963.8779,1880940.4511,12,0,0,0,0,0,0,0,351,-351,227,1148,-987,-366,278,-150,146,-146,-42,-87,5,-26
mpb,CA,-1153963.8779,1880940.4511,3,0,0,0,0,0,0,0,0,0,421,-341,-37,-43,0,0,0,0,0,0,0,0
mpb,CA,-1128963.8779,1880940.4511,3,0,0,0,0,0,0,0,0,0,344,-284,3,-63,0,0,0,0,0,0,0,0
mpb,CA,-2003963.8779,1905940.4511,3,0,0,16,-16,0,3,-3,0,0,6,-6,0,0,0,0,0,0,0,0,0,0
mpb,CA,-1978963.8779,1905940.4511,12,-31,31,773,-659,153,7,-224,-43,-44,20,-26,0,0,0,0,2,-2,0,0,0,0
mpb,CA,-1953963.8779,1905940.4511,12,305,-157,357,-1323,313,314,-466,-393,-15,69,-73,0,20,-20,0,0,0,0,0,0,0
mpb,CA,-1928963.8779,1905940.4511,12,151,433,596,-373,99,-103,-802,-496,1,-248,-95,-7,0,0,0,0,0,0,0,0,0
mpb,CA,-1903963.8779,1905940.4511,12,435,1545,440,-146,-335,355,112,-150,-1984,42,-258,-56,0,0,0,0,0,0,4,-4,0
mpb,CA,-1878963.8779,1905940.4511,14,92,1141,823,39,-252,26,330,-193,-1944,608,-612,-60,0,0,0,0,0,0,8,-4,-4
mpb,CA,-1853963.8779,1905940.4511,12,79,489,829,788,185,-432,418,-508,-1669,516,-673,-27,0,0,0,0,0,0,0,0,0
mpb,CA,-1828963.8779,1905940.4511,13,42,266,778,471,869,-308,326,-298,-1768,-336,179,-221,4,47,-51,0,0,0,0,0,0
mpb,CA,-1803963.8779,1905940.4511,12,0,259,635,-94,1696,-12,-52,40,-1564,-851,-47,-10,2,-2,68,-68,0,0,0,0,0
mpb,CA,-1778963.8779,1905940.4511,11,0,69,109,24,1275,-5,49,134,-841,-639,-157,-18,0,0,97,-97,0,0,0,0,0
mpb,CA,-1753963.8779,1905940.4511,10,0,0,108,545,474,239,252,-485,-950,8,-151,-40,5,-5,0,0,0,0,0,0,0
mpb,CA,-1728963.8779,1905940.4511,10,10,-10,66,987,398,772,-26,-352,-1722,-11,-93,-19,0,0,0,0,0,0,0,0,0
mpb,CA,-1703963.8779,1905940.4511,11,14,-14,26,181,715,606,-163,302,-1258,-389,386,-406,2,-2,0,0,0,0,0,0,0
mpb,CA,-1678963.8779,1905940.4511,13,18,3,31,201,385,708,-75,-199,-549,-496,406,-421,-12,0,10,-10,0,0,0,0,0
mpb,CA,-1653963.8779,1905940.4511,12,-1,-2,12,38,54,91,94,-26,-200,-56,126,-133,0,0,7,-7,0,0,0,0,0
mpb,CA,-1628963.8779,1905940.4511,6,0,0,0,8,45,23,98,-132,-42,0,11,-11,0,0,0,0,0,0,0,0,0
mpb,CA,-1578963.8779,1905940.4511,8,0,0,0,0,156,-51,84,65,-213,92,-54,-79,0,0,38,-38,0,0,0,0,0
mpb,CA,-1553963.8779,1905940.4511,13,0,0,0,0,31,-22,0,1358,-1225,1150,-173,-773,-10,-272,-59,32,-18,-19,0,0,0
mpb,CA,-1528963.8779,1905940.4511,11,0,0,0,0,0,0,0,1925,-1041,1158,210,-939,-852,-30,-381,-19,-5,-24,-2,0,0
mpb,CA,-1503963.8779,1905940.4511,15,0,0,0,0,6,-6,0,1536,-1131,1227,639,-1008,-381,265,-455,29,102,-391,-191,-172,-58
mpb,CA,-1153963.8779,1905940.4511,3,0,0,0,0,0,0,0,0,0,129,-111,-7,-11,0,0,0,0,0,0,0,0
mpb,CA,-1128963.8779,1905940.4511,3,0,0,0,0,0,0,0,0,0,32,-20,12,-24,0,0,0,0,0,0,0,0
mpb,CA,-1978963.8779,1930940.4511,12,1,159,453,-224,106,-173,-121,-88,-47,-60,-6,0,0,0,0,19,-3,-16,0,0,0
mpb,CA,-1953963.8779,1930940.4511,12,99,238,247,627,134,-1682,392,-42,-362,-142,-61,-49,0,0,0,0,0,0,0,0,0
mpb,CA,-1928963.8779,1930940.4511,12,-112,605,725,398,-36,94,-159,-93,-302,-51,-670,-511,0,0,0,17,-17,0,0,0,0
mpb,CA,-1903963.8779,1930940.4511,13,-4,933,1141,91,-305,424,40,-53,-1334,564,-1256,-245,0,0,0,8,-5,-3,0,0,0
mpb,CA,-1878963.8779,1930940.4511,13,0,295,1726,181,65,-51,88,-129,-1755,1096,-1238,-276,25,-27,0,0,0,0,6,-6,0
mpb,CA,-1853963.8779,1930940.4511,13,0,68,1944,43,287,96,-54,-126,-1823,1392,-1717,-101,-9,0,0,13,-13,0,0,0,9
mpb,CA,-1828963.8779,1930940.4511,14,-9,39,1218,-267,1291,-11,-147,278,-1522,650,-1189,-349,0,15,12,-27,0,0,0,0,0
mpb,CA,-1803963.8779,1930940.4511,12,-45,34,535,89,787,118,-37,481,-1314,-72,-494,-127,2,-2,0,0,0,0,0,0,0
mpb,CA,-1778963.8779,1930940.4511,11,-8,43,-39,167,556,249,-48,152,-882,489,-598,-89,0,0,0,0,0,0,0,0,0
mpb,CA,-1753963.8779,1930940.4511,12,3,42,19,775,625,686,-105,170,-2067,298,-167,-281,0,0,0,0,0,0,0,0,0
mpb,CA,-1728963.8779,1930940.4511,10,36,-36,13,718,828,745,-131,81,-2078,466,-169,-473,0,0,0,0,0,0,0,0,0
mpb,CA,-1703963.8779,1930940.4511,11,13,-13,0,427,1724,-18,25,8,-1700,-194,574,-836,14,-24,0,0,0,0,0,0,0
mpb,CA,-1678963.8779,1930940.4511,13,17,-15,49,40,937,576,265,-242,-1014,-584,439,-397,-24,-47,0,0,0,0,0,0,0
mpb,CA,-1653963.8779,1930940.4511,9,10,-4,-6,26,195,816,212,-65,-859,-325,55,-55,0,0,0,0,0,0,0,0,0
mpb,CA,-1628963.8779,1930940.4511,9,0,0,43,-3,0,170,235,-264,-114,-67,60,-44,-16,0,0,0,0,0,0,0,0
mpb,CA,-1603963.8779,1930940.4511,4,0,0,0,10,-10,4,50,-36,-18,0,0,0,0,0,0,0,0,0,0,0,0
mpb,CA,-1578963.8779,1930940.4511,9,0,0,0,0,336,-80,548,-133,629,-860,-203,-182,-55,0,170,-170,0,0,0,0,0
mpb,CA,-1553963.8779,1930940.4511,12,0,0,0,0,138,-121,288,1372,-23,402,49,-1267,-329,-274,-211,-10,-14,0,0,0,0
mpb,CA,-1528963.8779,1930940.4511,10,0,0,0,0,0,0,0,1309,-180,648,717,-1096,-435,128,-1078,91,-78,-26,0,0,0
mpb,CA,-1503963.8779,1930940.4511,13,0,0,0,0,0,0,0,584,-223,1216,923,-823,-221,-867,-436,-77,22,-93,8,5,-18
mpb,CA,-1478963.8779,1930940.4511,7,0,0,0,0,0,0,0,47,-47,67,232,-82,-7,-29,-137,-44,0,0,0,0,0
mpb,CA,-1978963.8779,1955940.4511,12,0,400,-327,208,115,-142,-22,-77,42,1101,-1236,-13,-49,0,0,0,0,0,0,0,5
mpb,CA,-1953963.8779,1955940.4511,13,0,703,-14,82,658,-65,-128,126,-843,1064,-123,-1065,-376,-19,0,13,-13,0,0,0,0
mpb,CA,-1928963.8779,1955940.4511,14,-38,502,-48,446,408,271,-44,-137,-426,547,-473,-648,-161,-237,0,10,-10,0,0,0,0
mpb,CA,-1903963.8779,1955940.4511,10,0,267,134,244,1213,85,3,-32,-522,405,-904,-893,0,0,0,0,0,0,0,0,0
mpb,CA,-1878963.8779,1955940.4511,11,0,159,583,442,757,-49,462,-396,-1761,1041,-973,-165,-100,0,0,0,0,0,0,0,0
mpb,CA,-1853963.8779,1955940.4511,12,0,76,589,331,903,-82,316,-92,-1903,1490,-1023,-451,-139,-15,0,0,0,0,0,0,0
mpb,CA,-1828963.8779,1955940.4511,12,13,117,102,297,1309,191,135,154,-1883,1486,-918,-1008,0,0,0,0,0,0,0,0,0
mpb,CA,-1803963.8779,1955940.4511,12,1,5,108,172,1045,835,-144,276,-1919,1753,-787,-1337,-8,0,0,0,0,0,0,0,0
mpb,CA,-1778963.8779,1955940.4511,12,-3,61,21,195,1074,549,136,281,-2100,2031,-1616,-646,0,0,0,0,0,0,0,0,0
mpb,CA,-1753963.8779,1955940.4511,13,4,212,-16,840,274,411,-348,646,-1838,1385,-1157,-427,-2,0,0,0,0,0,0,0,0
mpb,CA,-1728963.8779,1955940.4511,10,0,63,-7,363,1400,262,-169,68,-1656,1218,-321,-1221,0,0,0,0,0,0,0,0,0
mpb,CA,-1703963.8779,1955940.4511,12,24,-13,-11,314,1313,481,-142,198,-1969,857,105,-1116,-1,-40,0,0,0,0,0,0,0
mpb,CA,-1678963.8779,1955940.4511,10,0,0,0,151,848,601,-68,-213,-578,-472,519,-602,-135,-51,0,0,0,0,0,0,0
mpb,CA,-1653963.8779,1955940.4511,10,0,0,0,23,294,378,125,189,-460,-434,58,-138,-17,-18,0,0,0,0,0,0,0
mpb,CA,-1628963.8779,1955940.4511,8,0,0,0,0,67,-14,30,-18,-32,-33,9,6,-9,-6,0,0,0,0,0,0,0
mpb,CA,-1603963.8779,1955940.4511,5,0,0,0,0,4,28,-12,-7,-13,36,-36,0,0,0,0,0,0,0,0,0,0
mpb,CA,-1578963.8779,1955940.4511,9,0,0,0,0,10,87,-84,265,498,-656,75,-128,-44,-23,0,0,0,0,0,0,0
mpb,CA,-1553963.8779,1955940.4511,10,0,0,0,0,32,26,20,1585,-699,680,417,-387,-797,-740,-137,0,0,0,0,0,0
mpb,CA,-1528963.8779,1955940.4511,9,0,8,-8,0,0,0,0,1078,-528,1543,213,-284,-504,-1028,-474,-16,0,0,0,0,0
mpb,CA,-1503963.8779,1955940.4511,8,0,0,0,0,0,0,0,484,-146,2091,68,-404,-154,-1268,-666,-5,0,0,0,0,0
mpb,CA,-1478963.8779,1955940.4511,8,0,0,0,0,0,0,0,95,808,53,-9,-143,-72,-533,-178,-21,0,0,0,0,0
mpb,CA,-1203963.8779,1955940.4511,3,0,0,0,0,0,0,0,0,0,212,279,-491,0,0,58,-58,0,0,0,0,0
mpb,CA,-2003963.8779,1980940.4511,7,0,0,0,0,0,9,5,58,50,74,-85,-108,-3,0,0,0,0,0,0,0,0
mpb,CA,-1978963.8779,1980940.4511,11,0,141,-104,-37,5,400,-115,273,123,599,-538,-466,-281,0,0,0,35,-35,0,0,0
mpb,CA,-1953963.8779,1980940.4511,11,0,113,-75,-38,62,1621,185,190,-421,690,-252,-1126,-911,-38,0,0,0,0,0,0,0
mpb,CA,-1928963.8779,1980940.4511,11,0,427,-251,-137,235,1878,25,-151,-635,1027,-805,-1293,-320,0,0,0,0,0,0,0,0
mpb,CA,-1903963.8779,1980940.4511,11,0,479,-381,-54,963,851,-24,263,70,18,-858,-1290,-37,0,0,0,0,0,0,0,0
mpb,CA,-1878963.8779,1980940.4511,11,0,157,-39,3,1640,133,-11,182,-848,906,-361,-1468,-294,0,0,0,0,0,0,0,0
mpb,CA,-1853963.8779,1980940.4511,12,0,33,71,-43,1007,547,594,189,-2196,2043,-969,-1094,-65,-117,0,0,0,0,0,0,0
mpb,CA,-1828963.8779,1980940.4511,13,23,348,-144,-26,610,1394,-7,246,-1682,1684,-278,-1994,-115,-59,0,0,0,0,0,0,0
mpb,CA,-1803963.8779,1980940.4511,15,28,19,243,56,682,1067,-109,236,-1622,1829,-759,-1677,6,-9,161,-161,0,0,0,0,0
mpb,CA,-1778963.8779,1980940.4511,14,24,198,57,137,272,409,-26,119,-918,1102,-1026,-325,2,-25,22,-22,0,0,0,0,0
mpb,CA,-1753963.8779,1980940.4511,14,15,311,-98,462,585,414,-150,645,-1944,1752,-1410,-587,23,-39,0,0,0,0,0,0,0
mpb,CA,-1728963.8779,1980940.4511,14,-12,25,57,724,1239,308,0,63,-1778,1836,-178,-2301,8,-10,0,0,0,0,0,0,0
mpb,CA,-1703963.8779,1980940.4511,13,-10,-4,0,24,1142,1007,-55,201,-1716,1370,377,-2213,-133,-4,51,-51,0,0,0,0,0
mpb,CA,-1678963.8779,1980940.4511,13,12,-12,36,166,82,1336,-353,688,-1435,-232,1212,-1418,-57,-25,6,-6,0,0,0,0,0
mpb,CA,-1653963.8779,1980940.4511,10,0,0,0,20,264,438,664,-41,-705,-350,66,-248,-75,-33,0,0,0,0,0,0,0
mpb,CA,-1628963.8779,1980940.4511,7,0,0,0,0,11,-3,35,30,-52,154,-172,-3,0,0,0,0,0,0,0,0,0
mpb,CA,-1603963.8779,1980940.4511,8,0,0,0,0,64,169,2,212,-371,33,-50,-20,-39,0,0,0,0,0,0,0,0
mpb,CA,-1578963.8779,1980940.4511,9,0,0,0,0,3,143,338,1074,-279,-472,113,-404,-264,-252,0,0,0,0,0,0,0
mpb,CA,-1553963.8779,1980940.4511,7,0,0,0,0,0,0,0,2253,-1083,1092,143,3,-823,-1460,-125,0,0,0,0,0,0
mpb,CA,-1528963.8779,1980940.4511,7,0,0,0,0,0,0,0,1180,-956,2085,171,-436,-1147,-210,-687,0,0,0,0,0,0
mpb,CA,-1503963.8779,1980940.4511,8,0,0,0,0,0,0,0,746,-84,1405,-452,347,-1047,-231,-675,-9,0,0,0,0,0
mpb,CA,-1478963.8779,1980940.4511,7,0,0,0,0,0,0,0,46,231,479,-196,56,-325,-264,-27,0,0,0,0,0,0
mpb,CA,-1203963.8779,1980940.4511,3,0,0,0,0,0,0,0,0,0,70,4,-74,0,0,12,-12,0,0,0,0,0
mpb,CA,-2003963.8779,2005940.4511,6,0,80,-80,0,0,0,0,20,215,56,-243,-48,24,-24,0,0,0,0,0,0,0
mpb,CA,-1978963.8779,2005940.4511,12,0,36,-28,-4,-4,675,-178,151,592,317,-411,-1130,5,-11,-10,0,0,0,0,0,0
mpb,CA,-1953963.8779,2005940.4511,13,0,377,-354,-19,43,1789,110,-1113,1505,2,-789,-867,-684,17,-17,0,1,-1,0,0,0
mpb,CA,-1928963.8779,2005940.4511,12,0,866,-774,36,177,1329,-228,410,380,-22,-336,-1345,-457,-36,0,0,0,0,0,0,0
mpb,CA,-1903963.8779,2005940.4511,13,0,229,-189,-34,573,1193,-191,264,398,-19,-152,-1230,-825,-17,0,28,-28,0,0,0,0
mpb,CA,-1878963.8779,2005940.4511,11,0,107,-2,-54,1446,376,48,288,-120,289,-1170,-942,-266,0,0,0,0,0,0,0,0
mpb,CA,-1853963.8779,2005940.4511,13,8,35,46,17,1475,536,15,239,-1819,1622,-635,-1368,-108,-63,0,0,0,0,0,0,0
mpb,CA,-1828963.8779,2005940.4511,17,39,170,122,126,871,282,-33,486,-693,655,-411,-1439,-167,-13,186,-182,-4,4,-4,0,0
mpb,CA,-1803963.8779,2005940.4511,16,163,686,-447,812,579,-366,-22,716,-914,395,-799,-582,-227,-18,105,-121,0,0,0,0,0
mpb,CA,-1778963.8779,2005940.4511,15,13,188,406,238,375,60,-187,554,-1391,1101,-315,-981,-82,-3,41,-41,0,0,0,0,0
mpb,CA,-1753963.8779,2005940.4511,15,25,367,-191,339,1201,238,-17,293,-1711,1538,-428,-1045,-608,-11,15,-15,0,0,0,0,0
mpb,CA,-1728963.8779,2005940.4511,14,10,-16,70,167,682,1122,-156,257,-964,1148,138,-1936,-498,-30,28,-28,0,0,0,0,0
mpb,CA,-1703963.8779,2005940.4511,11,0,0,221,-221,387,1164,79,457,-1120,1370,17,-1859,-456,-39,487,-487,0,0,0,0,0
mpb,CA,-1678963.8779,2005940.4511,10,0,0,0,0,59,1005,-233,656,-661,1188,-303,-1522,-189,0,561,-556,-5,0,0,0,0
mpb,CA,-1653963.8779,2005940.4511,9,0,0,0,0,50,228,1340,15,-1523,1898,-839,-1014,-151,-4,0,0,0,0,0,0,0
mpb,CA,-1628963.8779,2005940.4511,6,0,0,0,0,104,-104,94,-81,-13,29,17,-46,0,19,-19,0,0,0,0,0,0
mpb,CA,-1603963.8779,2005940.4511,9,0,0,0,0,122,-11,-71,304,-324,157,194,-291,-40,-40,0,0,0,0,0,0,0
mpb,CA,-1578963.8779,2005940.4511,10,0,0,0,0,62,-21,2,2161,-648,573,144,-609,-526,-1138,43,-43,0,0,0,0,0
mpb,CA,-1553963.8779,2005940.4511,8,0,0,0,0,0,0,0,1563,-813,960,624,-523,-365,-1140,-273,-33,0,0,0,0,0
mpb,CA,-1528963.8779,2005940.4511,8,0,0,0,0,0,0,0,838,143,823,270,-624,-669,-278,-493,-10,0,0,0,0,0
mpb,CA,-1503963.8779,2005940.4511,7,0,0,0,0,0,0,0,421,144,396,651,-616,-638,-299,-59,0,0,0,0,0,0
mpb,CA,-1478963.8779,2005940.4511,8,0,0,0,0,0,0,0,118,300,48,233,-437,-204,-11,-47,11,-11,0,0,0,0
mpb,CA,-2003963.8779,2030940.4511,6,0,10,-10,0,0,0,14,127,-123,194,-168,-44,0,0,0,0,0,0,0,0,0
mpb,CA,-1978963.8779,2030940.4511,9,0,0,0,3,84,270,52,95,19,291,-297,-517,0,0,0,0,0,0,0,0,6
mpb,CA,-1953963.8779,2030940.4511,12,0,124,-80,-38,75,1395,-506,-105,1149,255,-428,-1781,-58,-2,0,0,0,0,0,0,0
mpb,CA,-1928963.8779,2030940.4511,14,0,173,-106,15,220,767,-266,-131,902,-95,-25,-1106,-166,-153,-29,11,-11,0,0,0,0
mpb,CA,-1903963.8779,2030940.4511,13,0,198,-126,3,372,989,-173,290,723,151,-195,-1209,-457,-566,10,-10,0,0,0,0,0
mpb,CA,-1878963.8779,2030940.4511,12,0,109,-71,44,1139,429,119,370,284,51,-874,-987,-383,-230,0,0,0,0,0,0,0
mpb,CA,-1853963.8779,2030940.4511,14,0,244,-166,21,797,973,-95,112,38,274,-558,-1566,3,-58,47,-66,0,0,0,0,0
mpb,CA,-1828963.8779,2030940.4511,16,23,349,-14,226,1266,39,-117,613,-279,294,-976,-1034,-332,-18,572,-617,0,0,0,0,0
mpb,CA,-1803963.8779,2030940.4511,16,61,479,77,33,1043,-158,88,488,-766,694,-800,-1038,-193,-6,388,-409,0,0,0,0,0
mpb,CA,-1778963.8779,2030940.4511,14,75,452,-187,608,817,362,-100,216,-1340,961,-106,-460,-1310,0,40,-40,0,0,0,0,0
mpb,CA,-1753963.8779,2030940.4511,15,160,-2,-162,329,646,477,135,717,-1116,856,350,-1101,-1325,-5,278,-278,0,0,0,0,0
mpb,CA,-1728963.8779,2030940.4511,13,68,-68,4,32,289,719,-175,1113,-221,638,-127,-1179,-1057,-36,116,-116,0,0,0,0,0
mpb,CA,-1703963.8779,2030940.4511,10,0,0,13,-13,174,1282,668,-70,175,255,-7,-420,-2006,-51,0,0,0,0,0,0,0
mpb,CA,-1678963.8779,2030940.4511,10,0,0,0,0,158,950,228,171,61,905,-581,-1060,-784,-48,479,-479,0,0,0,0,0
mpb,CA,-1653963.8779,2030940.4511,9,0,0,0,0,49,27,562,13,-543,1525,-1207,-394,-30,-2,0,0,0,0,0,0,0
mpb,CA,-1628963.8779,2030940.4511,7,1,-1,0,0,0,5,131,35,-152,448,-149,-318,0,0,0,0,0,0,0,0,0
mpb,CA,-1603963.8779,2030940.4511,10,0,0,0,0,62,34,196,1130,-1139,1054,-368,-850,-38,-81,83,-83,0,0,0,0,0
mpb,CA,-1578963.8779,2030940.4511,11,0,0,0,0,25,-1,8,2021,-645,822,38,-576,-630,-893,-117,-52,0,0,0,0,0
mpb,CA,-1553963.8779,2030940.4511,8,0,0,0,0,0,0,0,1137,977,-355,118,-408,-956,-155,-337,-21,0,0,0,0,0
mpb,CA,-1528963.8779,2030940.4511,7,0,0,0,0,0,0,0,504,1362,-625,322,-990,-369,-74,-130,0,0,0,0,0,0
mpb,CA,-1503963.8779,2030940.4511,8,0,0,0,0,0,0,0,110,43,300,-41,-244,-134,-11,-17,-6,0,0,0,0,0
mpb,CA,-1478963.8779,2030940.4511,6,0,0,0,0,0,0,0,78,-29,174,-178,-39,-3,-3,0,0,0,0,0,0,0
mpb,CA,-1203963.8779,2030940.4511,3,0,0,0,0,0,0,0,0,0,0,16,-16,0,0,111,-89,-22,0,0,0,0
mpb,CA,-1178963.8779,2030940.4511,3,0,0,0,0,0,0,0,0,0,0,374,-374,0,0,156,-100,-56,0,0,0,0
mpb,CA,-2028963.8779,2055940.4511,5,-28,0,0,0,0,0,0,0,25,53,-33,-45,0,75,-75,0,0,0,0,0,0
mpb,CA,-1978963.8779,2055940.4511,8,0,0,0,0,0,96,-61,0,72,121,-154,-47,-27,0,0,0,0,3,-3,0,0
mpb,CA,-1953963.8779,2055940.4511,12,0,20,-16,-4,0,342,-201,102,292,268,-156,-365,-200,-70,-12,12,-12,0,0,0,0
mpb,CA,-1928963.8779,2055940.4511,11,0,23,-23,0,0,42,-6,729,14,698,-269,-590,-91,-468,-59,13,-13,0,0,0,0
mpb,CA,-1903963.8779,2055940.4511,17,0,57,-9,-24,69,490,-131,304,246,1130,-642,-439,1,-623,-253,-88,-12,-54,-22,0,0
mpb,CA,-1878963.8779,2055940.4511,14,0,8,5,-6,138,730,-477,442,880,677,-299,-1309,58,-686,-161,0,0,0,0,0,24
mpb,CA,-1853963.8779,2055940.4511,14,0,119,-72,132,60,904,-755,865,411,60,-394,-699,10,-522,-43,-76,0,0,0,0,0
mpb,CA,-1828963.8779,2055940.4511,14,0,41,2,51,161,611,357,362,-378,901,-416,-306,-1239,395,677,-1219,0,0,0,0,0
mpb,CA,-1803963.8779,2055940.4511,16,-1,138,168,-107,466,778,-544,507,327,182,-623,-156,-965,171,85,-463,0,0,0,0,0
mpb,CA,-1778963.8779,2055940.4511,16,31,24,141,65,712,549,-448,1182,-584,361,24,-896,-1129,126,386,-557,0,0,0,0,0
mpb,CA,-1753963.8779,2055940.4511,15,12,-2,18,155,366,240,56,1018,-701,395,126,-21,-1535,30,867,-1024,0,0,0,0,0
mpb,CA,-1728963.8779,2055940.4511,13,4,28,-32,0,120,399,698,704,-315,627,-112,40,-2087,-66,330,-338,0,0,0,0,0
mpb,CA,-1703963.8779,2055940.4511,12,3,-3,0,0,87,233,844,242,94,925,-148,-84,-2171,-18,90,-94,0,0,0,0,0
mpb,CA,-1678963.8779,2055940.4511,10,0,0,0,0,11,136,355,277,264,1422,-432,-756,-1100,-177,197,-197,0,0,0,0,0
mpb,CA,-1653963.8779,2055940.4511,8,0,0,0,0,0,29,516,-140,-236,1578,-1382,-295,-43,-27,0,0,0,0,0,0,0
mpb,CA,-1628963.8779,2055940.4511,7,0,0,0,0,0,0,45,42,-74,330,-53,-260,-30,0,183,-183,0,0,0,0,0
mpb,CA,-1603963.8779,2055940.4511,10,0,0,0,0,45,-39,268,976,-986,1228,-393,-697,-317,-85,68,-68,0,0,0,0,0
mpb,CA,-1578963.8779,2055940.4511,10,13,-13,0,0,0,0,95,1661,-1105,1450,236,-811,-767,-378,-354,-27,0,0,0,0,0
mpb,CA,-1553963.8779,2055940.4511,8,0,0,0,0,0,0,0,1095,736,99,8,-543,-1013,103,-406,-79,0,0,0,0,0
mpb,CA,-1528963.8779,2055940.4511,8,0,0,0,0,0,0,0,234,1122,-243,188,-651,-440,124,-320,-14,0,0,0,0,0
mpb,CA,-1503963.8779,2055940.4511,7,0,0,0,0,0,0,0,224,447,52,-53,-167,-180,-140,-183,0,0,0,0,0,0
mpb,CA,-1478963.8779,2055940.4511,5,0,0,0,0,0,0,0,37,138,12,-183,6,-10,0,0,0,0,0,0,0,0
mpb,CA,-1453963.8779,2055940.4511,8,0,0,0,0,0,0,0,86,228,101,-317,-83,57,-18,-37,-17,0,0,0,0,0
mpb,CA,-1428963.8779,2055940.4511,7,0,0,0,0,0,0,0,21,87,-30,-42,-14,110,-132,18,-18,0,0,0,0,0
mpb,CA,-2028963.8779,2080940.4511,4,0,0,0,0,0,0,0,0,57,41,-21,-77,0,103,-103,0,0,0,0,0,0
mpb,CA,-2003963.8779,2080940.4511,6,0,0,11,-11,0,0,0,0,39,2,159,-186,-10,-4,0,0,0,0,0,0,0
mpb,CA,-1978963.8779,2080940.4511,5,0,0,0,0,0,6,-6,0,60,98,-87,-1,-70,0,0,0,0,0,0,0,0
mpb,CA,-1953963.8779,2080940.4511,14,0,6,0,0,-6,30,-24,0,91,510,-427,-111,11,-71,-9,6,-6,0,0,0,19
mpb,CA,-1928963.8779,2080940.4511,17,0,17,-3,12,19,122,-167,106,219,1846,-1219,-100,233,-194,-707,13,-64,-40,-51,-42,0
mpb,CA,-1903963.8779,2080940.4511,12,0,0,1,-1,11,157,-168,113,185,1635,-926,-213,81,-706,-169,9,-9,0,0,0,4
mpb,CA,-1878963.8779,2080940.4511,17,0,24,6,36,-42,561,-556,735,322,957,-991,-1,89,-280,-860,0,26,-16,7,-17,15
mpb,CA,-1853963.8779,2080940.4511,16,0,340,-102,85,-107,127,-239,1275,94,568,-1239,-137,274,-207,-732,0,10,13,-23,0,320
mpb,CA,-1828963.8779,2080940.4511,18,7,136,67,-75,198,572,-669,1231,555,130,-239,57,-1108,-7,13,-876,0,6,-6,0,128
mpb,CA,-1803963.8779,2080940.4511,16,-1,15,166,-120,281,855,-707,941,620,-191,-162,-53,-1230,710,-17,-1110,0,0,0,0,0
mpb,CA,-1778963.8779,2080940.4511,12,0,20,-20,0,81,1415,-1058,1174,261,343,-412,-17,-1032,513,-363,-905,0,0,0,0,0
mpb,CA,-1753963.8779,2080940.4511,11,0,0,0,0,162,464,875,101,28,404,96,85,-1332,508,-637,-754,0,0,0,0,0
mpb,CA,-1728963.8779,2080940.4511,12,0,4,-4,0,44,400,484,-321,841,627,22,-188,-898,-308,-225,-478,0,0,0,0,0
mpb,CA,-1703963.8779,2080940.4511,12,0,0,30,-30,7,101,205,18,1622,512,-358,-637,-773,-639,73,-131,0,0,0,0,0
mpb,CA,-1678963.8779,2080940.4511,10,0,0,0,6,2,2,328,-338,528,1431,-385,-715,-544,-315,41,-41,0,0,0,0,0
mpb,CA,-1653963.8779,2080940.4511,9,0,0,24,-24,0,0,179,-179,51,819,49,-842,-24,-23,77,-107,0,0,0,0,0
mpb,CA,-1628963.8779,2080940.4511,9,0,0,0,0,0,0,46,54,43,982,148,-1194,216,-295,511,-511,20,-20,0,0,0
mpb,CA,-1603963.8779,2080940.4511,10,0,0,8,-8,0,0,32,1547,-1235,1940,-59,-1547,-31,-355,-8,-284,0,0,0,0,0
mpb,CA,-1578963.8779,2080940.4511,9,0,0,0,0,0,0,0,584,-104,1550,-38,-1437,169,-160,-79,-462,-23,0,0,0,0
mpb,CA,-1553963.8779,2080940.4511,9,0,0,0,0,0,0,0,371,88,251,-228,-22,-348,389,-4,-476,-21,0,0,0,0
mpb,CA,-1528963.8779,2080940.4511,8,0,0,0,0,0,0,0,25,167,154,-214,101,-188,68,105,-218,0,0,0,0,0
mpb,CA,-1503963.8779,2080940.4511,7,0,0,0,0,0,0,0,26,56,55,131,-264,6,3,-13,0,0,0,0,0,0
mpb,CA,-1478963.8779,2080940.4511,6,0,0,0,0,0,0,0,75,127,-24,-167,10,-2,-19,0,0,0,0,0,0,0
mpb,CA,-1453963.8779,2080940.4511,10,0,0,0,0,0,0,0,260,640,252,-515,5,-426,145,-179,-57,-125,20,-20,0,0
mpb,CA,-1428963.8779,2080940.4511,9,0,0,0,0,0,0,0,17,193,244,17,-89,-41,56,-163,-97,-137,0,0,0,0
mpb,CA,-2028963.8779,2105940.4511,4,0,0,0,0,0,0,0,0,20,-1,15,-27,-7,0,0,0,0,0,0,0,0
mpb,CA,-2003963.8779,2105940.4511,7,0,0,0,5,-5,0,0,0,166,-103,26,67,-65,-45,-46,0,0,0,0,0,0
mpb,CA,-1978963.8779,2105940.4511,5,0,0,0,0,0,0,0,0,11,-7,-1,67,34,-104,0,0,0,0,0,0,0
mpb,CA,-1953963.8779,2105940.4511,13,0,0,3,19,28,-46,-4,0,248,243,-128,-87,153,-247,-167,6,-1,-20,0,0,0
mpb,CA,-1928963.8779,2105940.4511,15,0,0,13,26,15,-13,-39,-2,97,1433,-857,-15,351,-552,-404,62,-82,-23,-10,0,0
mpb,CA,-1903963.8779,2105940.4511,13,0,10,-5,23,-16,308,-292,-28,153,842,-537,-10,38,-332,-154,14,-14,0,0,0,0
mpb,CA,-1878963.8779,2105940.4511,18,0,4,8,-3,33,221,-263,78,861,680,-1049,510,-94,-220,-690,-62,86,9,-83,-26,107
mpb,CA,-1853963.8779,2105940.4511,19,0,181,-53,-72,56,73,-142,1024,405,841,-832,465,-27,-41,-1778,-83,51,-39,16,-45,14
mpb,CA,-1828963.8779,2105940.4511,16,0,52,-6,5,79,41,-42,577,1427,85,-640,649,-343,126,-1625,-385,0,2,0,-2,0
mpb,CA,-1803963.8779,2105940.4511,13,0,15,5,-20,45,432,-345,584,1283,-243,-380,171,-721,336,250,-1412,0,0,0,0,0
mpb,CA,-1778963.8779,2105940.4511,11,0,24,-24,0,0,684,-447,1050,-26,963,-674,152,-763,23,28,-990,0,0,0,0,0
mpb,CA,-1753963.8779,2105940.4511,12,0,0,0,0,0,161,110,286,454,520,316,-205,-769,-754,830,-921,10,-38,0,0,0
mpb,CA,-1728963.8779,2105940.4511,11,-31,0,0,0,0,188,277,-465,2297,-74,156,-34,-830,-1491,471,-495,9,-9,0,0,0
mpb,CA,-1703963.8779,2105940.4511,11,0,0,0,0,0,87,-27,-60,1629,-212,286,-780,-587,-301,567,-556,-39,-7,0,0,0
mpb,CA,-1678963.8779,2105940.4511,9,0,0,0,0,0,0,0,39,610,902,-193,-910,-322,-124,31,-28,-5,0,0,0,0
mpb,CA,-1653963.8779,2105940.4511,11,0,0,6,-6,0,0,94,-25,8,967,-383,-561,-53,32,457,-521,-15,0,0,0,0
mpb,CA,-1628963.8779,2105940.4511,8,0,0,0,0,0,0,0,80,125,1639,-495,-897,41,-225,491,-759,0,0,0,0,0
mpb,CA,-1603963.8779,2105940.4511,9,0,0,0,0,0,0,0,138,361,1483,-158,-159,6,-766,-311,-473,-121,0,0,0,0
mpb,CA,-1578963.8779,2105940.4511,10,0,0,0,0,52,-52,0,5,292,1924,-413,-202,-288,-250,-281,-709,-78,0,0,0,0
mpb,CA,-1553963.8779,2105940.4511,7,0,0,0,0,0,0,0,0,294,1359,-152,-643,-65,75,-778,-90,0,0,0,0,0
mpb,CA,-1528963.8779,2105940.4511,6,0,0,0,0,0,0,0,0,22,641,334,-693,-155,71,-220,0,0,0,0,0,0
mpb,CA,-1503963.8779,2105940.4511,8,0,0,0,0,0,0,0,61,-55,948,467,-1149,-71,32,-202,-31,0,0,0,0,0
mpb,CA,-1478963.8779,2105940.4511,7,0,0,0,0,0,0,0,0,37,191,2,-69,-5,-111,56,-101,0,0,0,0,0
mpb,CA,-1453963.8779,2105940.4511,9,0,0,0,0,0,0,0,29,303,347,-209,-135,-58,-246,229,-256,-4,0,0,0,0
mpb,CA,-1428963.8779,2105940.4511,9,0,0,0,0,0,0,0,40,348,182,-129,-275,27,-22,76,-198,-49,0,0,0,0
mpb,CA,-2003963.8779,2130940.4511,3,-4,0,0,0,0,0,0,0,28,16,-44,0,0,0,0,0,0,0,0,0,0
mpb,CA,-1978963.8779,2130940.4511,7,-13,0,0,0,0,0,0,0,67,-67,24,5,303,-213,6,-125,0,0,0,0,0
mpb,CA,-1953963.8779,2130940.4511,8,-26,5,-5,0,0,0,0,4,-4,21,6,25,66,-78,-40,0,0,0,0,0,0
mpb,CA,-1928963.8779,2130940.4511,7,0,0,0,0,10,-4,-6,0,0,16,21,210,55,-70,-232,0,0,0,0,0,0
mpb,CA,-1903963.8779,2130940.4511,10,0,5,-5,25,-15,-1,-9,0,42,227,-140,136,-27,-165,-73,0,0,0,0,0,0
mpb,CA,-1878963.8779,2130940.4511,11,0,0,0,0,3,18,-21,0,8,364,-119,-95,197,-82,-273,14,-12,-2,0,0,15
mpb,CA,-1853963.8779,2130940.4511,17,0,45,-39,3,53,-16,-46,112,603,817,-739,533,645,-45,-1821,-105,60,-52,64,-72,349
mpb,CA,-1828963.8779,2130940.4511,18,-4,0,21,0,33,26,-73,268,1025,-138,-141,99,-21,-244,-145,-640,-70,0,68,341,-358
mpb,CA,-1803963.8779,2130940.4511,16,76,-89,42,-49,0,82,-68,285,-165,1357,109,25,-641,-883,466,-569,0,0,0,0,0
mpb,CA,-1778963.8779,2130940.4511,14,36,-32,-4,5,-5,84,-62,203,-78,1460,-23,169,-609,-704,571,-1011,25,-25,0,0,0
mpb,CA,-1753963.8779,2130940.4511,14,5,-12,0,0,0,42,-12,-25,265,1825,-57,2,-319,-1280,676,-1026,-32,-59,0,0,0
mpb,CA,-1728963.8779,2130940.4511,13,-37,-8,0,0,0,2,148,-150,1485,665,230,-293,-241,-1535,700,-964,11,-58,0,0,0
mpb,CA,-1703963.8779,2130940.4511,11,0,0,0,0,0,0,2,19,826,971,187,-589,144,-1252,89,-393,82,-86,0,0,0
mpb,CA,-1678963.8779,2130940.4511,8,0,0,0,0,0,0,0,176,665,283,-101,-799,-33,-12,-75,-104,0,0,0,0,0
mpb,CA,-1653963.8779,2130940.4511,8,0,0,0,0,0,0,0,16,34,1059,-897,-171,8,569,564,-1182,0,0,0,0,0
mpb,CA,-1628963.8779,2130940.4511,8,0,0,0,0,0,0,0,10,22,1481,-745,-398,20,45,564,-999,0,0,0,0,0
mpb,CA,-1603963.8779,2130940.4511,9,0,0,0,0,0,0,0,0,338,1762,-694,92,129,-688,-190,-332,-416,-1,0,0,0
mpb,CA,-1578963.8779,2130940.4511,10,0,0,0,0,16,-16,0,0,264,1895,-367,346,-246,-215,-783,-127,-736,-31,0,0,0
mpb,CA,-1553963.8779,2130940.4511,9,0,0,0,0,0,0,0,1,377,628,368,-205,-181,60,-932,-101,-15,0,0,0,0
mpb,CA,-1528963.8779,2130940.4511,9,0,0,0,0,0,0,0,16,8,814,257,-212,-597,306,-460,-113,-19,0,0,0,0
mpb,CA,-1503963.8779,2130940.4511,8,0,0,0,0,0,0,0,50,-50,1288,-205,168,-524,103,-156,-660,-14,0,0,0,0
mpb,CA,-1478963.8779,2130940.4511,10,0,0,0,0,0,0,0,3,27,369,-175,159,-119,-73,99,-278,-12,12,-12,0,0
mpb,CA,-1453963.8779,2130940.4511,10,0,0,0,0,0,0,0,0,276,584,80,259,-251,-252,424,-902,-218,2,-2,8,-8
mpb,CA,-1428963.8779,2130940.4511,8,0,0,0,0,0,0,0,0,252,184,-112,157,-40,-32,325,-496,-238,0,0,0,0
mpb,CA,-1403963.8779,2130940.4511,8,0,0,0,0,0,0,0,0,8,80,34,23,-67,42,164,-197,-87,0,0,0,0
mpb,CA,-2003963.8779,2155940.4511,5,-8,0,3,-3,0,0,0,0,4,7,-11,0,0,0,0,8,-8,0,0,0,0
mpb,CA,-1903963.8779,2155940.4511,4,0,0,0,0,0,0,0,0,0,68,-50,12,-5,-25,0,0,0,0,0,0,0
mpb,CA,-1878963.8779,2155940.4511,5,0,0,0,0,0,0,0,0,0,385,-233,124,136,-345,-67,0,0,0,0,0,0
mpb,CA,-1853963.8779,2155940.4511,18,0,130,-125,7,0,75,-47,-40,10,258,508,81,-427,-280,-52,37,-72,341,-404,129,9
mpb,CA,-1828963.8779,2155940.4511,16,16,-16,11,-7,-4,13,-13,40,-40,785,-62,-18,294,-915,827,-911,65,-30,-22,283,-289
mpb,CA,-1803963.8779,2155940.4511,14,12,-20,12,-12,0,30,-30,18,-10,1584,641,-452,-181,-1378,560,-682,-29,-71,0,0,0
mpb,CA,-1778963.8779,2155940.4511,10,0,0,0,0,0,30,-30,18,17,1482,-372,15,-68,-895,307,-504,38,-38,0,0,0
mpb,CA,-1753963.8779,2155940.4511,12,-2,-2,29,-29,0,0,0,0,40,1716,-202,0,-118,-816,587,-1163,-37,-7,0,0,0
mpb,CA,-1728963.8779,2155940.4511,17,-9,13,15,-8,-30,23,35,20,-44,1776,217,-166,-213,-701,216,-921,-236,-6,0,0,0
mpb,CA,-1703963.8779,2155940.4511,13,7,-10,23,-23,0,13,21,0,263,1625,-161,-1348,487,-584,100,-416,0,0,0,0,0
mpb,CA,-1678963.8779,2155940.4511,8,0,0,0,0,0,0,0,167,318,912,-517,-569,306,-458,-148,-11,0,0,0,0,0
mpb,CA,-1653963.8779,2155940.4511,7,0,0,0,0,0,0,0,0,104,1163,-577,-255,378,-307,-115,-391,0,0,0,0,0
mpb,CA,-1628963.8779,2155940.4511,7,0,0,0,0,0,0,0,0,11,1233,-852,-126,246,-215,-74,-223,0,0,0,0,0
mpb,CA,-1603963.8779,2155940.4511,9,0,0,0,0,0,0,0,0,536,1722,-552,-110,55,-730,-321,-288,-312,2,-2,0,0
mpb,CA,-1578963.8779,2155940.4511,8,0,0,0,0,10,-10,0,0,0,2149,-128,92,-463,333,-1062,-553,-368,0,0,0,0
mpb,CA,-1553963.8779,2155940.4511,7,0,0,0,0,0,0,0,0,0,940,441,159,-645,494,-1120,-129,-140,0,0,0,0
mpb,CA,-1528963.8779,2155940.4511,7,0,0,0,0,0,0,0,0,0,930,19,1050,-988,153,-734,-137,-293,0,0,0,0
mpb,CA,-1503963.8779,2155940.4511,7,0,0,0,0,0,0,0,0,0,1075,152,719,-1018,675,-513,-821,-269,0,0,0,0
mpb,CA,-1478963.8779,2155940.4511,11,0,0,0,0,0,0,0,15,13,1029,55,349,-533,299,194,-1273,-148,10,-10,8,-8
mpb,CA,-1453963.8779,2155940.4511,8,0,0,0,0,0,0,0,0,345,349,265,402,-216,-187,695,-1553,-100,0,0,0,0
mpb,CA,-1428963.8779,2155940.4511,8,0,0,0,0,0,0,0,0,32,325,-76,514,173,-277,400,-781,-310,0,0,0,0
mpb,CA,-1403963.8779,2155940.4511,8,0,0,0,0,0,0,0,0,60,36,9,174,-46,88,367,-447,-241,0,0,0,0
mpb,CA,-2003963.8779,2180940.4511,3,-13,0,4,-4,0,0,0,0,0,0,0,0,0,0,0,5,-5,0,0,0,0
mpb,CA,-1978963.8779,2180940.4511,3,-10,0,13,-13,0,0,0,0,0,0,0,0,0,0,0,26,-26,0,0,0,0
mpb,CA,-1878963.8779,2180940.4511,6,0,0,0,0,0,0,0,0,0,21,-4,77,-7,-39,-45,-3,0,0,0,0,0
mpb,CA,-1853963.8779,2180940.4511,11,0,0,0,6,-6,0,0,0,0,82,111,193,-111,-246,434,-461,-2,11,15,18,-44
mpb,CA,-1828963.8779,2180940.4511,22,112,-66,-11,-28,-12,97,-76,69,-68,1013,570,28,-170,-1088,850,-968,178,-44,-363,104,-109
mpb,CA,-1803963.8779,2180940.4511,9,0,0,0,0,0,0,0,0,0,155,781,-76,-410,-44,694,-1030,18,-80,-8,0,0
mpb,CA,-1778963.8779,2180940.4511,7,0,0,0,0,0,0,0,18,-18,673,-44,27,82,-231,-52,-455,0,0,0,0,0
mpb,CA,-1753963.8779,2180940.4511,7,0,0,0,0,0,0,276,-276,0,1152,-17,14,-109,-369,357,-1028,0,0,0,0,0
mpb,CA,-1728963.8779,2180940.4511,8,0,15,-15,0,0,0,0,0,10,2052,33,-76,5,-637,-1032,-355,0,0,0,0,0
mpb,CA,-1703963.8779,2180940.4511,11,0,0,0,7,-7,19,-9,14,601,872,65,-817,251,-639,-295,-62,0,0,0,0,0
mpb,CA,-1678963.8779,2180940.4511,7,0,0,0,0,0,0,0,127,714,833,-221,-775,318,-872,-124,0,0,0,0,0,0
mpb,CA,-1653963.8779,2180940.4511,6,0,0,0,0,0,0,0,0,239,758,326,-1043,667,-589,-358,0,0,0,0,0,0
mpb,CA,-1628963.8779,2180940.4511,7,0,0,0,0,0,0,0,0,150,508,79,-19,349,-490,-320,-257,0,0,0,0,0
mpb,CA,-1603963.8779,2180940.4511,8,0,0,0,0,0,0,0,0,335,909,-396,87,-223,90,-562,-231,-9,0,0,0,0
mpb,CA,-1578963.8779,2180940.4511,8,0,0,0,0,0,0,0,0,2,1075,524,324,-613,192,-656,-521,-327,0,0,0,0
mpb,CA,-1553963.8779,2180940.4511,7,0,0,0,0,0,0,0,0,0,677,629,664,-976,309,-957,-186,-160,0,0,0,0
mpb,CA,-1528963.8779,2180940.4511,7,0,0,0,0,0,0,0,0,0,723,880,697,-735,302,-1405,-309,-153,0,0,0,0
mpb,CA,-1503963.8779,2180940.4511,8,0,0,0,0,0,0,0,0,15,796,416,361,-416,535,-1050,-488,-169,0,0,0,0
mpb,CA,-1478963.8779,2180940.4511,8,0,0,0,0,0,0,0,0,15,279,236,631,-357,340,209,-1202,-151,0,0,0,0
mpb,CA,-1453963.8779,2180940.4511,7,0,0,0,0,0,0,0,0,0,289,25,319,226,-241,215,-764,-69,0,0,0,0
mpb,CA,-1428963.8779,2180940.4511,8,0,0,0,0,0,0,0,0,13,335,3,426,516,-209,21,-1065,-40,0,0,0,0
mpb,CA,-1403963.8779,2180940.4511,8,0,0,0,0,0,0,0,0,0,199,84,391,120,63,643,-1031,-469,6,-6,0,0
mpb,CA,-1378963.8779,2180940.4511,4,0,0,0,0,0,0,0,0,0,0,5,-5,11,-11,563,-538,-25,0,0,0,0
mpb,CA,-1878963.8779,2205940.4511,6,0,0,0,0,0,0,0,0,0,0,48,61,-77,38,49,-111,-8,0,0,0,0
mpb,CA,-1853963.8779,2205940.4511,10,0,0,0,0,0,0,0,0,0,3,282,-40,-132,84,181,-311,-27,-40,24,-17,-7
mpb,CA,-1828963.8779,2205940.4511,21,55,-44,-124,24,42,-22,-28,46,-74,122,318,197,-101,106,296,-795,-107,-34,19,-13,12
mpb,CA,-1803963.8779,2205940.4511,9,0,0,8,33,-41,0,0,0,0,0,1003,-241,-112,78,541,-1244,59,-84,0,0,0
mpb,CA,-1778963.8779,2205940.4511,8,0,0,0,0,0,0,0,0,0,267,42,138,31,-101,130,-481,47,-73,0,0,0
mpb,CA,-1753963.8779,2205940.4511,7,0,0,0,0,0,0,0,0,0,1377,-798,888,41,-799,-66,-495,-148,0,0,0,0
mpb,CA,-1728963.8779,2205940.4511,7,0,0,0,0,0,0,0,0,0,1158,475,-133,165,-452,-428,-763,-22,0,0,0,0
mpb,CA,-1703963.8779,2205940.4511,8,0,8,-8,0,0,0,0,0,303,1570,180,-334,-295,14,-1375,-63,0,0,0,0,0
mpb,CA,-1678963.8779,2205940.4511,8,0,29,-29,0,0,0,0,59,1282,31,-30,-651,172,-208,-655,0,0,0,0,0,0
mpb,CA,-1653963.8779,2205940.4511,7,0,0,0,0,0,0,0,0,39,320,62,-90,140,109,-447,-133,0,0,0,0,0
mpb,CA,-1628963.8779,2205940.4511,6,0,0,0,0,0,0,0,0,103,228,-35,145,-86,54,-409,0,0,0,0,0,0
mpb,CA,-1603963.8779,2205940.4511,8,0,0,0,0,0,0,0,0,77,243,-44,149,-106,-80,-216,-6,-17,0,0,0,0
mpb,CA,-1578963.8779,2205940.4511,9,0,0,0,0,0,0,0,0,22,390,586,633,-572,288,-219,-604,-421,-103,0,0,0
mpb,CA,-1553963.8779,2205940.4511,9,0,0,0,0,0,0,0,0,0,544,550,861,-645,389,-536,-966,-149,-48,0,10,-10
mpb,CA,-1528963.8779,2205940.4511,7,0,0,0,0,0,0,0,0,0,459,383,1251,-545,222,-965,-786,-19,0,0,0,0
mpb,CA,-1503963.8779,2205940.4511,7,0,0,0,0,0,0,0,0,0,294,439,819,-354,-85,-361,-632,-120,0,0,0,0
mpb,CA,-1478963.8779,2205940.4511,7,0,0,0,0,0,0,0,0,0,210,159,535,-173,40,506,-1203,-74,0,0,0,0
mpb,CA,-1453963.8779,2205940.4511,8,0,0,0,0,0,0,0,0,8,226,247,198,-39,144,762,-1456,-90,0,0,0,0
mpb,CA,-1428963.8779,2205940.4511,7,0,0,0,0,0,0,0,0,0,136,195,40,295,233,362,-1041,-220,0,0,0,0
mpb,CA,-1403963.8779,2205940.4511,8,0,0,0,0,0,0,0,0,0,18,-6,234,117,302,420,-779,-306,19,-19,0,0
mpb,CA,-1378963.8779,2205940.4511,6,0,0,0,0,0,0,0,0,0,0,2,61,33,12,276,-286,-98,0,0,0,0
mpb,CA,-1903963.8779,2230940.4511,4,0,0,0,0,0,0,0,0,0,0,0,0,10,0,42,-52,10,-10,0,0,0
mpb,CA,-1878963.8779,2230940.4511,4,0,0,0,0,0,0,0,0,0,0,0,12,40,229,613,-894,0,0,0,0,0
mpb,CA,-1853963.8779,2230940.4511,16,62,-68,-29,69,14,4,56,23,-140,-45,0,315,-67,61,480,-789,0,0,234,-211,-23
mpb,CA,-1828963.8779,2230940.4511,20,148,109,-303,79,196,68,191,-11,-581,-206,121,976,-159,-251,215,-725,267,-444,515,-140,-298
mpb,CA,-1803963.8779,2230940.4511,9,0,0,0,0,0,0,8,-8,0,0,129,300,102,-54,713,-1085,-43,-62,0,6,-6
mpb,CA,-1778963.8779,2230940.4511,9,0,0,34,-34,0,0,0,0,0,21,382,65,100,-209,12,-300,-68,-3,0,0,0
mpb,CA,-1753963.8779,2230940.4511,8,0,0,0,0,0,0,0,0,2,514,-117,115,125,-190,-11,-437,-1,0,0,0,0
mpb,CA,-1728963.8779,2230940.4511,8,0,0,11,-11,0,0,0,0,29,1062,-28,416,7,-306,-993,-187,0,0,0,0,0
mpb,CA,-1703963.8779,2230940.4511,9,0,0,0,4,-4,0,8,-8,1318,805,233,-991,43,-204,-1024,-180,0,0,0,0,0
mpb,CA,-1678963.8779,2230940.4511,10,0,2,-2,0,0,9,-9,32,469,835,-214,-231,320,47,-1227,-31,0,0,0,0,0
mpb,CA,-1653963.8779,2230940.4511,7,0,0,0,0,0,0,0,0,40,63,20,-37,221,3,-198,-112,0,0,0,0,0
mpb,CA,-1628963.8779,2230940.4511,6,0,0,0,0,0,0,0,0,0,141,137,-44,3,4,-191,-50,0,0,0,0,0
mpb,CA,-1603963.8779,2230940.4511,7,0,0,0,0,0,0,0,0,0,263,786,184,-162,216,-776,-249,-262,0,0,0,0
mpb,CA,-1578963.8779,2230940.4511,8,0,0,0,0,0,0,0,0,0,12,366,287,-104,251,-81,-513,-218,39,-39,0,0
mpb,CA,-1553963.8779,2230940.4511,7,0,0,0,0,0,0,0,0,0,150,416,955,-524,710,-445,-994,-268,0,0,0,0
mpb,CA,-1528963.8779,2230940.4511,7,0,0,0,0,0,0,0,0,0,222,62,1341,-720,408,-318,-901,-94,0,0,0,0
mpb,CA,-1503963.8779,2230940.4511,8,0,0,0,0,0,0,0,0,0,82,376,816,-284,232,-403,-783,-36,0,0,9,-9
mpb,CA,-1478963.8779,2230940.4511,7,0,0,0,0,0,0,0,0,0,102,207,694,-193,622,-179,-1067,-186,0,0,0,0
mpb,CA,-1453963.8779,2230940.4511,8,0,0,0,0,0,0,0,0,0,20,291,647,-281,491,451,-1296,-323,9,-9,0,0
mpb,CA,-1428963.8779,2230940.4511,7,0,0,0,0,0,0,0,0,0,42,271,281,-31,225,618,-1171,-235,0,0,0,0
mpb,CA,-1403963.8779,2230940.4511,5,0,0,0,0,0,0,0,0,0,0,0,217,18,532,31,-628,-170,0,0,0,0
mpb,CA,-1378963.8779,2230940.4511,6,0,0,0,0,0,0,0,0,0,0,5,87,-21,181,200,-380,-72,0,0,0,0
mpb,CA,-1878963.8779,2255940.4511,3,0,0,0,0,0,0,0,0,0,0,0,0,41,170,547,-758,0,0,0,0,0
mpb,CA,-1853963.8779,2255940.4511,15,29,88,-106,21,20,16,17,51,-127,-9,0,189,-134,346,-86,-315,0,0,80,-52,-28
mpb,CA,-1828963.8779,2255940.4511,12,4,54,-61,0,7,-7,39,-19,-18,-2,0,4,-4,47,450,-497,0,0,20,-1,-19
mpb,CA,-1803963.8779,2255940.4511,6,0,0,0,0,0,0,10,-10,0,0,158,168,-64,125,-139,-248,0,0,0,0,0
mpb,CA,-1778963.8779,2255940.4511,6,0,0,0,0,0,0,0,0,0,0,482,296,-37,-165,-230,-342,-4,0,0,0,0
mpb,CA,-1753963.8779,2255940.4511,12,0,0,26,-17,-9,0,18,4,45,378,228,269,-6,-103,-32,-776,-25,0,0,0,0
mpb,CA,-1728963.8779,2255940.4511,8,0,0,0,0,0,0,0,0,91,1311,-324,534,156,-242,-1173,-353,0,0,5,-5,0
mpb,CA,-1703963.8779,2255940.4511,8,0,0,0,0,0,0,32,-32,566,1212,-139,-163,473,-480,-1131,-338,0,0,0,0,0
mpb,CA,-1678963.8779,2255940.4511,8,0,0,0,0,0,0,0,2,69,558,943,-338,155,179,-1475,-93,0,0,0,0,0
mpb,CA,-1653963.8779,2255940.4511,5,0,0,0,0,0,0,0,0,0,0,214,355,-94,23,-367,-131,0,0,0,0,0
mpb,CA,-1628963.8779,2255940.4511,6,0,0,0,0,0,0,0,0,0,12,104,93,33,6,-105,-143,0,0,0,0,0
mpb,CA,-1603963.8779,2255940.4511,8,0,0,0,0,0,0,0,0,0,45,141,219,-66,398,-369,-125,-243,58,-58,0,0
mpb,CA,-1578963.8779,2255940.4511,7,0,0,0,0,0,0,0,0,0,14,37,285,-36,350,-90,-209,-351,0,0,0,0
mpb,CA,-1553963.8779,2255940.4511,9,0,0,0,0,0,0,0,0,0,17,154,581,15,679,90,-1233,-286,16,-33,0,0
mpb,CA,-1528963.8779,2255940.4511,7,0,0,0,0,0,0,0,0,0,25,57,1102,-406,791,-409,-1100,-60,0,0,0,0
mpb,CA,-1503963.8779,2255940.4511,7,0,0,0,0,0,0,0,0,0,0,76,1225,-605,324,-265,-661,-94,0,0,18,-18
mpb,CA,-1478963.8779,2255940.4511,6,0,0,0,0,0,0,0,0,0,0,71,271,47,860,-760,-458,-31,0,0,0,0
mpb,CA,-1453963.8779,2255940.4511,5,0,0,0,0,0,0,0,0,0,0,0,102,132,489,172,-801,-94,0,0,0,0
mpb,CA,-1428963.8779,2255940.4511,5,0,0,0,0,0,0,0,0,0,0,0,113,58,252,84,-469,-38,0,0,0,0
mpb,CA,-1403963.8779,2255940.4511,5,0,0,0,0,0,0,0,0,0,0,0,245,-75,287,179,-557,-79,0,0,0,0
mpb,CA,-1378963.8779,2255940.4511,5,0,0,0,0,0,0,0,0,0,0,0,274,-75,538,167,-726,-178,0,0,0,0
mpb,CA,-1353963.8779,2255940.4511,4,0,0,0,0,0,0,0,0,0,0,0,0,4,65,59,-118,-10,0,0,0,0
mpb,CA,-1853963.8779,2280940.4511,5,0,0,0,38,-38,0,0,0,0,0,0,3,121,145,400,-669,0,0,0,0,0
mpb,CA,-1828963.8779,2280940.4511,3,0,0,0,0,0,0,0,0,0,0,0,45,-45,125,241,-366,0,0,0,0,0
mpb,CA,-1803963.8779,2280940.4511,7,0,0,0,0,0,0,0,0,0,0,109,574,-159,17,-95,-436,56,-66,0,0,0
mpb,CA,-1778963.8779,2280940.4511,8,0,0,0,0,0,0,0,0,0,0,476,443,-287,188,-261,-518,-15,-26,17,-17,0
mpb,CA,-1753963.8779,2280940.4511,6,0,0,0,0,13,-13,0,0,0,0,421,191,-60,-271,-11,-270,0,0,0,0,0
mpb,CA,-1728963.8779,2280940.4511,7,0,0,0,0,0,0,0,0,0,791,68,33,108,49,-560,-128,-361,0,0,0,0
mpb,CA,-1703963.8779,2280940.4511,7,0,0,0,0,0,0,0,0,92,1126,867,-147,54,-287,-1422,-283,0,0,0,0,0
mpb,CA,-1678963.8779,2280940.4511,7,0,0,0,0,0,0,0,0,26,885,1105,-142,-253,321,-1466,-476,0,0,0,0,0
mpb,CA,-1653963.8779,2280940.4511,5,0,0,0,0,0,0,0,0,0,0,482,363,-280,-130,-387,-48,0,0,0,0,0
mpb,CA,-1628963.8779,2280940.4511,4,0,0,0,0,0,0,0,0,0,0,60,0,60,-37,-83,0,0,0,0,0,0
mpb,CA,-1603963.8779,2280940.4511,7,0,0,0,0,0,0,0,0,0,0,104,69,-23,91,-87,-52,-102,92,-92,0,0
mpb,CA,-1578963.8779,2280940.4511,7,0,0,0,0,0,0,0,0,0,0,51,99,27,216,85,-343,-135,5,-5,0,0
mpb,CA,-1553963.8779,2280940.4511,5,0,0,0,0,0,0,0,0,0,0,0,130,209,336,-54,-509,-112,0,0,0,0
mpb,CA,-1528963.8779,2280940.4511,6,0,0,0,0,0,0,0,0,0,0,10,357,6,402,-375,-392,-8,0,0,0,0
mpb,CA,-1503963.8779,2280940.4511,7,0,0,0,0,0,0,0,0,0,0,100,1077,-566,515,-54,-767,-305,1,-1,0,0
mpb,CA,-1478963.8779,2280940.4511,7,0,0,0,0,0,0,0,0,0,0,36,224,91,335,-213,-395,-78,11,-11,0,0
mpb,CA,-1453963.8779,2280940.4511,4,0,0,0,0,0,0,0,0,0,0,0,32,34,529,-286,-309,0,0,0,0,0
mpb,CA,-1428963.8779,2280940.4511,6,0,0,0,0,0,0,0,0,0,0,0,70,23,148,101,-310,-26,-6,0,0,0
mpb,CA,-1403963.8779,2280940.4511,6,0,0,0,0,0,0,0,0,0,0,0,153,28,125,11,-306,-11,15,-15,0,0
mpb,CA,-1378963.8779,2280940.4511,7,0,0,0,0,0,0,0,0,0,0,0,74,3,605,-189,-394,-74,4,-29,0,0
mpb,CA,-1353963.8779,2280940.4511,5,0,0,0,0,0,0,0,0,0,0,0,0,14,34,17,-53,-6,-6,0,0,0
mpb,CA,-1853963.8779,2305940.4511,3,0,0,0,0,0,0,0,0,0,0,0,0,108,133,541,-782,0,0,0,0,0
mpb,CA,-1828963.8779,2305940.4511,3,0,0,0,0,0,0,0,0,0,0,0,0,0,19,34,-53,0,0,2,-2,0
mpb,CA,-1803963.8779,2305940.4511,5,0,0,0,0,0,0,0,0,0,0,0,62,93,8,-94,-69,0,0,2,-2,0
mpb,CA,-1778963.8779,2305940.4511,8,0,0,0,0,0,0,0,0,0,0,317,396,57,-61,-679,52,-58,-24,6,-6,0
mpb,CA,-1753963.8779,2305940.4511,5,0,0,0,0,0,0,0,0,0,0,278,146,46,-115,-355,33,-33,0,0,0,0
mpb,CA,-1728963.8779,2305940.4511,9,0,0,0,0,0,0,0,0,0,157,310,172,11,266,-685,-170,-61,62,-50,-12,0
mpb,CA,-1703963.8779,2305940.4511,6,0,0,0,0,0,0,0,0,0,1389,367,314,-474,-3,-1379,-214,0,0,0,0,0
mpb,CA,-1678963.8779,2305940.4511,7,0,0,9,-9,0,0,0,0,0,1024,240,34,-379,369,-834,-454,0,0,0,0,0
mpb,CA,-1653963.8779,2305940.4511,5,0,0,0,0,0,0,0,0,0,0,339,-152,-18,-29,-104,-36,0,0,0,0,0
mpb,CA,-1628963.8779,2305940.4511,6,0,0,0,0,0,0,0,0,0,0,62,23,41,5,8,-139,13,-13,0,0,0
mpb,CA,-1603963.8779,2305940.4511,7,0,0,0,0,0,0,0,0,0,0,2,78,118,163,-98,-114,12,-161,0,0,0
mpb,CA,-1578963.8779,2305940.4511,5,0,0,0,0,0,0,0,0,0,0,0,77,58,237,-154,-172,-46,0,0,0,0
mpb,CA,-1553963.8779,2305940.4511,7,0,0,0,0,0,0,0,0,0,0,0,124,90,346,-200,-340,-16,-4,17,-17,0
mpb,CA,-1528963.8779,2305940.4511,5,0,0,0,0,0,0,0,0,0,0,0,30,49,308,-198,-189,5,-5,0,0,0
mpb,CA,-1503963.8779,2305940.4511,6,0,0,0,0,0,0,0,0,0,0,0,261,-133,648,-276,-207,-293,30,-30,0,0
mpb,CA,-1478963.8779,2305940.4511,6,0,0,0,0,0,0,0,0,0,0,0,25,35,329,-196,-166,-23,-4,0,0,0
mpb,CA,-1453963.8779,2305940.4511,4,0,0,0,0,0,0,0,0,0,0,0,31,-19,336,-211,-137,0,0,0,0,0
mpb,CA,-1428963.8779,2305940.4511,6,0,0,0,0,0,0,0,0,0,0,0,49,-25,102,-6,-117,5,-8,0,0,0
mpb,CA,-1378963.8779,2305940.4511,6,0,0,0,0,0,0,0,0,0,0,0,13,-5,152,32,-149,-32,-11,0,0,0
mpb,CA,-1803963.8779,2330940.4511,3,0,0,0,0,0,0,0,0,0,0,0,35,-10,15,-40,0,0,0,0,0,0
mpb,CA,-1778963.8779,2330940.4511,7,0,0,0,0,0,0,0,0,0,0,19,116,-36,40,-139,7,25,-32,6,-6,0
mpb,CA,-1753963.8779,2330940.4511,7,0,0,0,0,0,0,0,0,0,0,49,808,-91,189,-955,240,-240,67,55,-122,0
mpb,CA,-1728963.8779,2330940.4511,6,0,0,0,0,0,0,0,0,0,0,633,438,-280,374,-1165,159,-159,149,-149,0,0
mpb,CA,-1703963.8779,2330940.4511,7,0,0,0,0,0,0,0,0,0,183,1173,114,-190,450,-1664,-66,0,12,-12,0,0
mpb,CA,-1678963.8779,2330940.4511,4,0,0,0,0,0,0,0,0,0,0,623,155,-155,357,-980,0,0,0,0,0,0
mpb,CA,-1653963.8779,2330940.4511,4,0,0,0,0,0,0,0,0,0,0,49,-6,-22,22,-43,0,0,0,0,0,0
mpb,CA,-1628963.8779,2330940.4511,6,0,0,0,0,0,0,0,0,0,0,20,11,-1,-10,39,-59,0,0,2,-2,0
mpb,CA,-1603963.8779,2330940.4511,7,0,0,0,0,0,0,0,0,0,3,-3,9,26,122,-43,-72,50,-92,0,0,0
mpb,CA,-1578963.8779,2330940.4511,8,0,0,0,0,0,0,0,0,0,0,4,61,23,195,-81,-184,-5,-13,7,-7,0
mpb,CA,-1553963.8779,2330940.4511,6,0,0,0,0,0,0,0,0,0,0,0,22,41,609,-206,-309,-102,-55,0,0,0
mpb,CA,-1528963.8779,2330940.4511,7,0,0,0,0,0,0,0,0,0,0,0,36,15,231,-177,-66,-16,-23,0,0,9
mpb,CA,-1503963.8779,2330940.4511,7,0,0,0,0,0,0,0,0,0,0,0,23,75,554,-523,-93,-26,-5,-5,0,0
mpb,CA,-1478963.8779,2330940.4511,3,0,0,0,0,0,0,0,0,0,0,0,0,46,340,-281,-105,0,0,0,0,0
mpb,CA,-1453963.8779,2330940.4511,3,0,0,0,0,0,0,0,0,0,0,0,0,4,131,-101,-34,0,0,0,0,0
mpb,CA,-1428963.8779,2330940.4511,3,0,0,0,0,0,0,0,0,0,0,0,0,0,138,54,-180,-12,0,0,0,0
mpb,CA,-1403963.8779,2330940.4511,4,0,0,0,0,0,0,0,0,0,0,0,13,-13,177,117,-267,-27,0,0,0,0
mpb,CA,-1778963.8779,2355940.4511,3,0,0,0,0,0,0,0,0,0,0,0,0,41,-14,-14,-13,0,0,0,0,0
mpb,CA,-1753963.8779,2355940.4511,6,0,0,0,0,0,0,0,0,0,0,0,441,-60,-116,-265,88,-88,109,-40,-69,0
mpb,CA,-1728963.8779,2355940.4511,7,0,0,0,0,0,0,0,0,0,0,326,1099,-309,392,-1508,186,-186,305,-268,-37,0
mpb,CA,-1703963.8779,2355940.4511,5,0,0,0,0,0,0,0,0,0,0,815,67,-3,395,-1274,0,0,6,-6,0,0
mpb,CA,-1678963.8779,2355940.4511,5,0,0,0,0,0,0,0,0,0,0,532,44,20,385,-975,-6,0,0,0,0,0
mpb,CA,-1653963.8779,2355940.4511,6,0,0,0,0,0,0,0,0,0,0,27,-17,9,64,-70,-13,0,0,0,27,-27
mpb,CA,-1628963.8779,2355940.4511,8,0,0,0,0,0,0,0,0,0,0,8,20,103,-22,-34,-75,121,-54,-36,-31,0
mpb,CA,-1603963.8779,2355940.4511,10,0,0,0,0,0,0,0,0,0,0,12,-7,132,83,96,-297,100,-58,-57,3,-7
mpb,CA,-1578963.8779,2355940.4511,6,0,0,0,0,0,0,0,0,0,0,24,-24,5,293,-103,-47,-116,-32,0,0,0
mpb,CA,-1553963.8779,2355940.4511,4,0,0,0,0,0,0,0,0,0,0,0,0,0,637,96,-408,-181,-144,0,0,0
mpb,CA,-1528963.8779,2355940.4511,7,0,0,0,0,0,0,0,0,0,0,0,13,32,438,449,-790,23,-155,-10,0,0
mpb,CA,-1503963.8779,2355940.4511,6,0,0,0,0,0,0,0,0,0,0,0,10,29,402,164,-572,-33,0,0,4,-4
mpb,CA,-1478963.8779,2355940.4511,4,0,0,0,0,0,0,0,0,0,0,0,0,16,194,158,-366,-2,0,0,0,0
mpb,CA,-1378963.8779,2355940.4511,3,0,0,0,0,0,0,0,0,0,0,0,0,0,31,1,-30,-2,0,0,0,0
mpb,CA,-1353963.8779,2355940.4511,4,0,0,0,0,0,0,0,0,0,0,0,0,4,89,7,-27,-73,0,0,0,0
mpb,CA,-1328963.8779,2355940.4511,3,0,0,0,0,0,0,0,0,0,0,0,0,0,57,-39,8,-26,0,0,0,0
mpb,CA,-1978963.8779,2380940.4511,6,0,0,0,0,0,0,0,0,0,58,-58,0,42,-6,-28,-8,0,61,-61,0,17
mpb,CA,-1753963.8779,2380940.4511,3,0,0,0,0,0,0,0,0,0,0,0,82,-5,-58,-19,0,0,0,0,0,0
mpb,CA,-1728963.8779,2380940.4511,6,0,0,0,0,0,0,0,0,0,0,158,419,-105,208,-680,29,-29,71,-71,0,0
mpb,CA,-1703963.8779,2380940.4511,4,0,0,0,0,0,0,0,0,0,0,502,110,-224,141,-529,0,0,0,0,0,0
mpb,CA,-1678963.8779,2380940.4511,5,0,0,0,0,0,0,0,0,0,0,138,238,1,28,-118,-287,0,0,0,0,0
mpb,CA,-1653963.8779,2380940.4511,7,0,0,0,0,0,0,0,0,0,0,217,226,-2,33,-97,-377,131,-131,0,23,-23
mpb,CA,-1628963.8779,2380940.4511,6,0,0,0,0,0,0,0,0,0,0,20,6,-8,1,19,-38,10,-10,0,0,0
mpb,CA,-1578963.8779,2380940.4511,3,0,0,0,0,0,0,0,0,0,0,0,0,0,6,7,-11,-2,0,0,0,0
mpb,CA,-1553963.8779,2380940.4511,7,0,0,0,0,0,0,0,0,0,0,0,0,0,715,-248,-353,-43,-20,-4,-26,-21
mpb,CA,-1528963.8779,2380940.4511,8,0,0,0,0,0,0,0,0,0,0,0,0,0,1012,-87,-871,-12,80,-87,-3,38
mpb,CA,-1503963.8779,2380940.4511,9,0,0,0,0,0,0,0,0,0,0,0,21,10,636,-80,-525,5,54,-42,-30,-49
mpb,CA,-1478963.8779,2380940.4511,4,0,0,0,0,0,0,0,0,0,0,0,22,-22,168,267,-435,0,0,14,-14,0
mpb,CA,-1353963.8779,2380940.4511,3,0,0,0,0,0,0,0,0,0,0,0,0,0,93,-39,-32,-22,0,0,0,0
mpb,CA,-1753963.8779,2405940.4511,4,0,0,0,0,0,0,0,0,0,0,0,0,96,-96,0,0,0,8,-4,6,-10
mpb,CA,-1728963.8779,2405940.4511,5,0,0,0,0,0,0,0,0,0,0,82,301,-61,147,-469,0,0,0,0,4,-4
mpb,CA,-1703963.8779,2405940.4511,7,0,0,0,0,0,0,0,0,0,0,412,284,-178,427,-945,0,25,-18,-7,17,-17
mpb,CA,-1678963.8779,2405940.4511,5,0,0,0,0,0,0,0,0,0,0,0,251,117,-101,-150,-117,21,-21,0,0,0
mpb,CA,-1653963.8779,2405940.4511,5,0,0,0,0,0,0,0,0,0,0,0,0,50,-1,31,-80,26,-26,9,-9,0
mpb,CA,-1603963.8779,2405940.4511,3,0,0,0,0,0,0,0,0,0,0,0,0,0,37,-37,16,-16,0,0,1,-1
mpb,CA,-1578963.8779,2405940.4511,6,0,0,0,0,0,0,0,0,0,0,0,0,0,158,-86,-61,7,-18,7,1,-8
mpb,CA,-1553963.8779,2405940.4511,6,0,0,0,0,0,0,0,0,0,0,0,0,0,326,22,-348,14,3,45,-22,-40
mpb,CA,-1528963.8779,2405940.4511,7,0,0,0,0,0,0,0,0,0,0,0,0,0,307,-61,-246,25,57,14,-53,-27
mpb,CA,-1503963.8779,2405940.4511,6,0,0,0,0,0,0,0,0,0,0,0,0,4,84,23,-111,0,13,-1,0,-12
mpb,CA,-1478963.8779,2405940.4511,5,0,0,0,0,0,0,0,0,0,0,0,0,0,118,420,-538,0,0,4,3,-3
mpb,CA,-1778963.8779,2430940.4511,4,0,0,0,0,0,0,0,0,0,0,0,0,0,0,0,0,6,34,-40,104,-88
mpb,CA,-1753963.8779,2430940.4511,4,0,0,0,0,0,0,0,0,0,0,0,1,84,-62,-23,0,0,0,0,10,-10
mpb,CA,-1728963.8779,2430940.4511,5,0,0,0,0,0,0,0,0,0,0,0,343,13,-222,-134,0,14,-14,0,30,-30
mpb,CA,-1703963.8779,2430940.4511,7,0,0,0,0,0,0,0,0,0,0,242,478,-131,240,-829,0,17,-17,24,-22,-2
mpb,CA,-1678963.8779,2430940.4511,5,0,0,0,0,0,0,0,0,0,0,0,80,78,65,-223,0,0,0,14,7,-21
mpb,CA,-1653963.8779,2430940.4511,3,0,0,0,0,0,0,0,0,0,0,0,0,65,68,-101,-32,0,0,0,0,0
mpb,CA,-1578963.8779,2430940.4511,4,0,0,0,0,0,0,0,0,0,0,0,0,0,14,46,-60,0,0,31,6,-37
mpb,CA,-1528963.8779,2430940.4511,7,0,0,0,0,0,0,0,0,0,0,0,0,0,82,719,-801,8,52,-6,-31,-13
mpb,CA,-1503963.8779,2430940.4511,3,0,0,0,0,0,0,0,0,0,0,0,0,0,111,200,-311,0,0,25,-25,0
mpb,CA,-1728963.8779,2455940.4511,5,0,0,0,0,0,0,0,0,0,0,0,74,-48,34,-60,0,0,0,4,1,-5
mpb,CA,-1703963.8779,2455940.4511,6,0,0,0,0,0,0,0,0,0,0,10,301,-41,68,-338,0,0,15,-15,1,-1
mpb,CA,-1678963.8779,2455940.4511,3,0,0,0,0,0,0,0,0,0,0,0,22,54,-76,0,0,0,0,0,14,-14
mpb,CA,-1653963.8779,2455940.4511,3,0,0,0,0,0,0,0,0,0,0,0,0,8,10,-18,0,0,0,4,-4,0
mpb,CA,-1553963.8779,2455940.4511,4,0,0,0,0,0,0,0,0,0,0,0,0,0,0,21,-21,8,-8,20,44,-64
mpb,CA,-1478963.8779,2455940.4511,3,0,0,0,0,0,0,0,0,0,0,0,0,0,0,110,-110,0,4,5,-9,0
mpb,CA,-1728963.8779,2480940.4511,4,0,0,0,0,0,0,0,0,0,0,0,52,27,0,-62,-17,0,0,0,0,0
mpb,CA,-1703963.8779,2480940.4511,4,0,0,0,0,0,0,0,0,0,0,0,19,155,-58,24,-140,0,0,0,0,0
mpb,CA,-1678963.8779,2480940.4511,3,0,0,0,0,0,0,0,0,0,0,0,0,150,-135,36,-51,0,0,0,0,0
mpb,CA,-1553963.8779,2480940.4511,4,0,0,0,0,0,0,0,0,0,0,0,0,0,111,110,-221,0,0,97,-20,-77
mpb,CA,-1728963.8779,2505940.4511,3,0,0,0,0,0,0,0,0,0,0,0,2,48,-50,61,-61,0,0,0,0,0
mpb,CA,-1703963.8779,2505940.4511,5,0,0,0,0,0,0,0,0,0,0,3,22,45,-43,27,-54,0,0,0,0,0
mpb,CA,-1553963.8779,2505940.4511,3,0,0,0,0,0,0,0,0,0,0,0,0,0,0,0,0,0,41,58,43,-142
mpb,CA,-1703963.8779,2530940.4511,3,0,0,0,0,0,0,0,0,0,0,0,2,34,-36,8,-8,0,0,0,0,0
mpb,CA,-1653963.8779,2530940.4511,3,0,0,0,0,0,0,0,0,0,0,0,0,135,24,-155,-4,0,0,0,0,0
mpb,CA,-1628963.8779,2530940.4511,3,0,0,0,0,0,0,0,0,0,0,0,0,12,97,-103,-6,0,0,0,0,0
