SPECIES,SOURCE,X,Y,DEF,1998,1999,2000,2001,2002,2003,2004,2005,2006,2007,2008,2009,2010,2011,2012,2013,2014,2015,2016,2017,2018,2019,2020
sb,USA,-1950000,1225000,7,21,-17,4,11,16,-35,0,5,-5,0,0,1,-1,0,0,0,0,0,0,0,0,0,0
sb,USA,-1950000,1200000,3,32,-22,-7,-3,0,0,0,0,0,0,0,0,0,0,0,0,0,0,0,0,0,0,0
sb,USA,-1950000,1175000,3,3,-2,1,-2,0,0,0,0,0,0,0,0,0,0,0,0,0,0,0,0,0,0,0
sb,USA,-1925000,1225000,4,0,2,-1,-1,2,-2,0,0,5,-5,0,0,0,0,0,0,0,0,0,0,0,0,0
sb,USA,-1925000,1200000,3,0,6,-4,-2,2,-2,0,0,0,0,0,0,0,0,0,0,0,0,0,0,0,0,0
sb,USA,-1900000,1200000,3,0,4,-4,5,-5,0,0,0,2,-2,0,0,0,0,0,0,0,0,0,0,0,0,0
sb,USA,-1800000,1075000,3,-1,0,0,23,-17,-6,0,0,0,0,0,0,0,0,0,0,0,0,0,0,0,0,0
sb,USA,-1800000,1e+06,3,0,0,0,0,0,5,12,-17,92,-92,0,0,0,0,0,0,0,0,0,0,0,0,0
sb,USA,-1775000,1075000,8,-44,0,1,21,-17,52,-57,2,16,-18,0,0,4,-4,0,0,0,0,0,0,0,0,0
sb,USA,-1750000,1275000,3,0,0,1,-1,24,-24,3,-3,0,0,0,0,0,0,0,0,0,0,0,0,0,0,0
sb,USA,-1750000,1175000,3,0,0,1,-1,0,0,7,-7,1,-1,0,0,0,0,0,0,0,0,0,0,0,0,0
sb,USA,-1750000,1125000,4,0,0,1,-1,1,-1,31,-30,-1,0,0,0,0,0,0,0,0,0,0,0,0,0,0
sb,USA,-1750000,1100000,3,-2,0,0,1,-1,0,0,0,0,0,0,0,0,0,0,0,0,0,0,0,0,6,-6
sb,USA,-1725000,1300000,4,0,0,0,7,-7,0,1,-1,1,-1,0,0,0,0,0,0,0,0,5,-5,0,0,0
sb,USA,-1725000,1275000,6,0,0,0,39,-39,1,2,0,6,-9,0,20,-20,0,0,0,0,0,0,0,0,0,0
sb,USA,-1725000,1250000,7,-3,0,0,3,-3,3,-3,2,4,-6,0,17,-17,0,0,0,0,12,-12,0,0,0,0
sb,USA,-1725000,1225000,4,0,0,1,3,-4,0,0,2,-2,0,0,0,0,0,0,0,0,1,-1,0,0,0,0
sb,USA,-1725000,1200000,6,0,0,0,15,-14,7,-8,0,6,-6,0,34,-34,0,0,0,0,2,-2,0,0,0,0
sb,USA,-1725000,1175000,8,-5,-9,0,37,42,-77,32,-35,0,0,0,0,0,0,0,0,0,0,0,0,0,0,0
sb,USA,-1725000,1150000,8,37,-35,3,26,-4,-20,46,-53,1,-1,0,0,0,0,0,0,0,0,0,0,0,0,0
sb,USA,-1725000,1075000,3,0,0,3,-3,0,0,0,0,1,-1,0,0,0,0,0,0,0,0,0,0,0,4,-4
sb,USA,-1700000,1300000,6,0,0,0,0,0,0,0,0,0,0,10,-10,4,-4,15,-14,-1,0,3,37,-40,0,0
sb,USA,-1700000,1275000,22,-25,2,7,282,-139,-101,41,228,15,-137,121,576,-551,-166,590,-410,368,-416,111,91,-454,-5,-53
sb,USA,-1700000,1250000,20,-12,0,2,71,-58,-5,98,27,-43,-78,68,47,-120,4,169,-175,58,-14,-39,-4,-7,-1,0
sb,USA,-1700000,1225000,15,0,-2,3,28,28,-59,12,34,2,-28,-15,100,-105,4,3,19,-26,18,-18,0,0,0,0
sb,USA,-1700000,1200000,14,-1,0,8,1,1,-10,6,29,-6,-2,-27,79,-61,13,15,-16,-30,1,-1,0,0,0,0
sb,USA,-1700000,1175000,10,-2,0,20,-20,11,-11,2,-2,16,13,-29,4,-4,17,-14,-3,0,0,0,0,6,-6,0
sb,USA,-1700000,1150000,6,-1,-7,3,29,17,-49,13,-13,0,0,0,0,0,0,0,0,0,0,0,0,0,0,0
sb,USA,-1675000,1275000,22,-79,0,3,155,-117,-37,13,26,305,4,105,462,-511,35,669,-372,-2,-562,773,-880,-63,3,-5
sb,USA,-1675000,1250000,18,-4,0,9,95,-71,37,-70,194,-68,86,45,323,-561,71,291,-168,-28,-137,115,-134,-29,0,0
sb,USA,-1675000,1225000,16,-9,7,-6,25,-19,0,0,1,5,29,-39,8,-8,18,-21,0,16,-13,-3,0,0,0,0
sb,USA,-1675000,1200000,4,0,0,2,-2,21,-21,0,4,2,-6,0,0,0,0,0,0,0,0,0,0,0,0,0
sb,USA,-1675000,1175000,5,2,-2,2,-2,0,0,0,0,1,15,-16,0,0,0,0,0,0,0,0,0,10,-10,0
sb,USA,-1675000,775000,4,-5,3,27,-28,-2,0,0,0,0,0,0,0,0,0,0,0,0,0,0,0,0,0,0
sb,USA,-1650000,1275000,19,-3,5,-5,10,44,65,80,100,-129,171,-61,67,-287,39,452,-244,104,-145,91,-348,-9,0,0
sb,USA,-1650000,1250000,18,-6,5,-5,146,362,-190,-29,325,-522,20,-84,137,-165,32,159,-124,-18,-5,36,-72,-8,0,0
sb,USA,-1650000,1225000,19,-13,9,6,45,473,-389,62,271,-392,128,-196,95,-49,-60,137,-58,-76,-3,13,-16,0,0,0
sb,USA,-1650000,1200000,7,0,0,0,2,-2,0,0,6,44,-44,-6,27,-27,0,33,-33,4,-4,0,0,0,0,0
sb,USA,-1625000,1275000,17,0,0,0,28,47,50,51,5,-74,57,-95,65,-108,-14,328,-189,-37,-84,12,-42,0,0,4
sb,USA,-1625000,1250000,18,0,0,0,23,-17,54,1,89,1,1,-87,12,-58,-7,149,-27,-46,-29,35,-85,-9,0,2
sb,USA,-1625000,1225000,6,-11,0,0,0,0,0,3,-3,37,-13,-24,1,-1,0,24,-24,0,0,0,0,0,0,0
sb,USA,-1625000,8e+05,3,0,30,-30,1,-1,0,0,0,0,0,0,0,36,-36,0,0,0,0,0,0,0,0,0
sb,USA,-1600000,1200000,6,0,0,0,52,-51,18,-19,0,1,-1,1,-1,0,0,0,3,-3,0,0,0,0,0,0
sb,USA,-1600000,1175000,5,0,0,0,27,-21,3,23,-32,0,0,0,0,0,0,0,0,1,-1,0,0,0,0,0
sb,USA,-1575000,1225000,5,0,0,0,0,1,-1,1,1,-2,27,-27,0,0,0,0,26,-26,0,0,0,0,0,0
sb,USA,-1575000,1200000,6,1,-1,0,67,-67,0,0,31,-29,-2,0,0,0,0,0,15,-11,-4,0,0,0,0,0
sb,USA,-1575000,1175000,3,0,0,0,29,-29,38,52,-90,0,0,0,0,0,0,0,0,0,0,0,0,0,0,0
sb,USA,-1575000,9e+05,3,1,-3,0,0,0,0,0,0,1,-1,0,0,0,0,0,0,0,0,0,0,0,0,0
sb,USA,-1575000,825000,5,3,0,21,-23,-1,0,0,2,-2,0,0,0,0,0,0,0,0,0,0,0,0,0,0
sb,USA,-1575000,8e+05,7,22,-4,11,-19,-12,0,0,3,-3,16,-16,0,0,0,0,0,0,0,0,0,0,0,0
sb,USA,-1575000,775000,4,24,-18,-6,0,0,0,0,10,-10,0,0,0,0,0,1,-1,0,0,0,0,0,0,0
sb,USA,-1550000,1200000,3,0,0,2,28,-30,0,0,5,-5,0,0,0,0,0,0,0,0,0,0,0,0,0,0
sb,USA,-1550000,1175000,5,0,0,0,33,-30,62,-65,0,5,-5,0,0,1,-1,0,0,0,0,0,0,0,0,0
sb,USA,-1550000,775000,4,4,-5,0,2,-2,0,0,0,5,-5,0,0,0,0,0,0,0,0,0,0,0,0,0
sb,USA,-1500000,7e+05,3,0,0,10,-5,-5,0,0,0,0,0,0,0,0,0,0,0,0,1,-1,0,0,0,0
sb,USA,-1475000,1200000,3,0,0,0,10,-10,0,0,0,0,14,-14,0,0,0,0,0,0,0,4,-4,0,0,0
sb,USA,-1475000,750000,3,-6,-6,0,2,-2,0,0,0,0,0,0,0,0,0,0,0,0,0,0,0,0,0,0
sb,USA,-1475000,650000,3,0,0,1,4,-5,0,0,0,0,0,0,0,0,0,0,0,0,0,0,0,2,-2,0
sb,USA,-1475000,25000,4,0,0,0,2,-2,0,0,0,0,0,1,28,-29,39,-39,0,0,0,0,0,0,0,0
sb,USA,-1450000,1200000,4,0,0,0,7,-3,-4,2,-2,0,0,0,0,0,0,1,-1,0,0,0,0,0,0,0
sb,USA,-1450000,750000,3,-1,0,6,-6,0,0,0,0,0,0,0,0,0,0,0,0,0,1,-1,0,0,0,0
sb,USA,-1450000,7e+05,4,0,0,2,14,-14,-2,0,0,0,0,0,0,0,0,0,0,0,3,-3,0,0,0,0
sb,USA,-1425000,1200000,8,0,1,1,3,-3,8,-10,18,-18,0,0,2,-2,0,1,-1,0,0,0,0,0,0,0
sb,USA,-1425000,1075000,4,2,-2,6,-5,-1,0,0,0,0,1,-1,0,0,0,0,0,0,0,0,0,0,0,0
sb,USA,-1425000,875000,6,-1,0,0,0,0,0,0,0,0,0,0,0,0,0,0,0,1,-1,31,35,-36,-9,-21
sb,USA,-1425000,850000,7,2,-2,1,-1,0,0,0,0,0,0,0,0,0,0,0,0,0,0,192,313,-253,334,-578
sb,USA,-1425000,825000,6,1,-1,0,0,0,3,-3,0,0,0,0,0,0,0,0,0,0,1,-1,4,31,70,-105
sb,USA,-1400000,1e+06,3,0,0,0,0,2,-2,2,-2,0,0,0,0,0,0,0,0,2,-2,0,0,0,0,0
sb,USA,-1400000,975000,3,0,6,-6,0,0,0,0,0,0,0,0,0,0,0,1,-1,4,-4,0,0,0,0,0
sb,USA,-1400000,925000,4,0,0,0,0,0,0,1,-1,0,0,0,0,0,1,-1,0,2,-1,-1,0,0,0,0
sb,USA,-1400000,9e+05,3,0,0,0,0,0,0,1,-1,0,0,0,0,0,0,0,0,2,-2,0,0,0,3,-3
sb,USA,-1400000,850000,7,0,0,0,0,0,0,0,0,0,0,0,0,0,6,-6,0,0,2,0,23,65,-45,-33
sb,USA,-1400000,825000,5,-1,0,4,-4,0,0,0,0,0,0,0,0,0,0,0,0,0,0,0,20,10,321,-351
sb,USA,-1400000,8e+05,4,0,0,0,0,0,0,0,0,0,0,0,0,0,0,0,0,0,13,-13,3,0,37,-40
sb,USA,-1400000,-150000,11,-243,-165,-230,804,-1249,20,69,15,-93,-13,0,0,1,-1,0,0,0,0,0,0,0,0,0
sb,USA,-1400000,-175000,7,1,3,-4,38,-38,78,3,-16,-50,-15,0,0,0,0,0,0,0,0,0,0,0,0,0
sb,USA,-1375000,1e+06,3,0,0,0,0,0,0,0,1,0,-1,0,0,0,0,0,3,-3,0,0,0,0,0,0
sb,USA,-1375000,9e+05,3,1,-1,0,0,0,0,0,0,0,0,0,0,0,0,0,0,2,-1,-1,0,0,0,0
sb,USA,-1375000,-125000,6,66,-60,-27,13,-14,0,0,95,-95,0,0,0,0,0,0,0,0,0,0,0,0,0,0
sb,USA,-1375000,-150000,6,-279,-277,-467,507,-551,0,0,3,-3,0,0,0,0,0,0,0,0,0,0,0,0,0,0
sb,USA,-1375000,-175000,4,-1,3,-3,0,0,0,0,11,-11,0,0,1,-1,0,0,0,0,0,0,0,0,0,0
sb,USA,-1350000,1200000,4,0,-1,0,0,0,0,0,0,0,0,0,0,0,0,1,-1,1,-1,0,0,0,0,0
sb,USA,-1350000,1175000,3,-1,0,0,0,0,0,0,0,0,0,0,0,1,-1,3,-3,0,0,0,0,0,0,0
sb,USA,-1350000,1150000,3,-3,1,-1,0,0,0,0,0,0,0,0,0,0,0,0,1,-1,0,0,0,0,0,0
sb,USA,-1350000,1100000,3,-1,-1,0,0,0,0,0,0,0,0,0,0,0,0,0,3,-3,0,0,0,0,0,0
sb,USA,-1350000,1075000,5,-2,2,-1,-1,1,-1,0,0,0,0,0,0,0,0,0,2,-2,0,0,0,0,0,0
sb,USA,-1350000,1025000,3,0,0,2,-1,-1,0,0,0,0,0,0,0,0,1,-1,0,0,0,0,0,0,0,0
sb,USA,-1350000,975000,3,0,0,0,0,1,-1,0,0,0,0,0,0,0,0,0,0,1,0,-1,0,0,0,0
sb,USA,-1350000,950000,6,0,1,-1,1,0,-1,1,0,-1,0,0,0,0,0,0,0,0,1,-1,0,0,0,0
sb,USA,-1350000,7e+05,3,0,0,0,0,0,1,0,-1,0,0,0,0,0,0,0,0,0,0,0,3,-3,0,0
sb,USA,-1350000,-75000,13,6,6,-7,6,-6,-1,2,-6,6,-6,1,-1,1,1,-2,0,9,35,-44,0,0,0,0
sb,USA,-1350000,-1e+05,17,5,13,3,26,21,-36,10,-51,15,-11,5,3,-2,-9,-1,1,1,26,-28,0,0,0,0
sb,USA,-1350000,-125000,4,1,3,-3,-1,0,0,0,3,-3,0,0,0,0,0,0,0,0,0,0,0,0,0,0
sb,USA,-1350000,-175000,10,-48,-2,2,0,-1,0,-1,-2,1,-1,3,-3,0,0,0,0,0,0,0,0,0,0,0
sb,USA,-1350000,-425000,6,-11,-15,-1,0,0,0,18,4,-22,0,0,0,0,0,0,3,-3,0,0,0,0,0,0
sb,USA,-1325000,925000,4,1,1,-2,1,-1,0,0,0,0,0,0,0,0,0,0,0,1,-1,0,0,0,0,0
sb,USA,-1325000,825000,4,0,1,-1,1,-1,0,0,1,-1,0,0,0,0,0,0,0,1,-1,0,0,0,0,0
sb,USA,-1325000,-25000,4,0,0,0,1,-1,0,0,3,-1,-2,0,0,0,0,0,0,0,1,-1,0,0,0,0
sb,USA,-1325000,-50000,6,0,0,0,0,0,0,0,0,0,0,0,0,0,4,-1,0,14,10,-22,-5,0,0,0
sb,USA,-1325000,-75000,19,-5,2,-4,4,-5,5,-2,25,-20,-8,1,4,1,1,5,-3,15,20,-26,-6,-12,0,0
sb,USA,-1325000,-1e+05,8,0,5,2,9,40,-52,15,32,-30,-21,0,0,0,0,0,0,0,0,0,0,0,0,0
sb,USA,-1325000,-125000,10,6,35,7,26,20,-80,-22,24,-1,-25,0,0,0,0,0,0,0,0,0,0,0,0,0
sb,USA,-1325000,-150000,12,1,1,4,-1,34,-33,81,-22,-65,0,4,-2,-2,5,1,-6,0,0,0,0,0,0,0
sb,USA,-1300000,1150000,4,1,1,-2,0,0,0,1,0,-1,0,0,0,0,0,0,0,0,0,0,0,0,0,0
sb,USA,-1300000,1125000,3,0,0,1,-1,0,0,0,0,1,-1,0,0,0,0,0,1,-1,0,0,0,0,0,0
sb,USA,-1300000,1100000,4,0,1,-1,0,0,0,1,-1,2,-1,-1,0,0,0,0,0,0,0,0,0,0,0,0
sb,USA,-1300000,0,7,-1,0,1,0,-1,4,-3,-1,3,-3,0,0,0,0,0,0,1,-1,0,0,0,0,0
sb,USA,-1300000,-50000,20,245,-245,4,4,24,-44,-9,57,-33,58,5,-12,99,-14,-124,160,-72,56,44,-246,0,0,0
sb,USA,-1300000,-75000,11,2,1,-3,0,0,0,0,0,2,3,-5,0,1,3,-4,2,12,6,-14,-5,-1,0,0
sb,USA,-1300000,-125000,15,442,-526,249,-235,155,-205,281,537,-809,598,-389,-63,-154,-11,-13,0,0,0,0,0,0,0,0
sb,USA,-1300000,-150000,11,0,1,5,2,23,-25,13,34,-53,1,8,-9,0,1,0,-1,0,0,0,0,0,0,0
sb,USA,-1275000,1175000,4,-1,0,0,0,0,0,1,-1,0,0,0,0,0,0,1,-1,0,3,-3,0,0,0,0
sb,USA,-1275000,1150000,8,1,-5,-1,0,6,-6,0,0,0,0,0,1,0,-1,0,2,-2,3,-3,0,0,0,0
sb,USA,-1275000,1125000,7,-4,-2,0,1,-1,0,1,-1,0,0,0,0,0,1,-1,1,-1,1,-1,0,0,0,0
sb,USA,-1275000,875000,3,-1,0,0,0,1,-1,0,0,0,0,0,0,0,0,0,0,1,-1,0,0,0,0,0
sb,USA,-1275000,75000,11,1,-1,7,18,-11,-2,-6,-6,0,0,0,2,7,-7,-2,5,-5,3,-3,0,0,0,0
sb,USA,-1275000,0,4,-41,-4,-12,21,-21,0,0,0,0,0,0,0,0,0,0,0,0,0,0,0,0,0,0
sb,USA,-1275000,-25000,9,-26,0,0,2,3,-3,0,-2,35,-29,-1,-5,0,0,0,0,0,1,-1,0,0,0,0
sb,USA,-1275000,-50000,21,-22,-118,-1,43,27,-37,112,182,-180,307,-219,-4,-15,179,-244,326,-207,264,-473,-105,2,-2,0
sb,USA,-1275000,-75000,18,16,-13,27,3,-34,-5,19,-21,-5,57,-48,-5,-4,-1,0,0,3,102,-70,-16,-19,0,0
sb,USA,-1275000,-125000,5,0,-1,0,0,0,0,3,-3,12,-12,0,0,1,-1,0,0,0,0,0,0,0,0,0
sb,USA,-1250000,1150000,5,40,-51,0,1,-1,0,1,-1,0,0,0,1,-1,0,0,0,0,0,0,0,0,0,0
sb,USA,-1250000,1125000,4,0,-2,0,1,-1,0,0,0,0,0,0,0,0,0,0,0,0,1,-1,0,0,0,0
sb,USA,-1250000,1100000,4,4,-6,-1,0,0,0,0,0,0,0,0,1,-1,0,0,0,0,0,0,0,0,0,0
sb,USA,-1250000,1075000,4,2,-1,-2,0,0,0,0,0,0,0,0,0,0,0,0,1,-1,0,0,0,0,0,0
sb,USA,-1250000,1025000,3,0,0,0,1,-1,0,1,-1,0,0,0,1,-1,0,0,0,0,0,0,0,0,0,0
sb,USA,-1250000,775000,3,0,0,0,0,0,0,0,0,0,0,0,0,0,0,1,-1,1,1,-2,0,0,0,0
sb,USA,-1250000,150000,6,0,0,0,1,-1,0,0,2,-2,0,0,2,10,-11,1,-2,0,0,0,0,0,0,0
sb,USA,-1250000,125000,5,-1,0,0,0,0,0,0,0,0,4,-2,1,0,-3,0,0,0,0,0,0,0,0,0
sb,USA,-1250000,1e+05,11,0,0,2,-2,0,1,2,-3,1,26,-10,6,-1,6,-24,1,-5,0,0,0,0,0,0
sb,USA,-1250000,75000,7,0,0,0,0,2,8,-10,0,0,1,-1,1,0,-1,1,0,-1,0,0,0,0,0,0
sb,USA,-1250000,50000,6,1,0,4,6,14,-2,-23,0,0,0,0,0,0,0,0,0,0,0,0,0,0,0,0
sb,USA,-1250000,25000,9,199,-172,385,307,-663,-120,-218,-25,0,0,0,0,0,0,0,1,-1,0,0,0,0,0,0
sb,USA,-1250000,0,8,383,-1062,-405,603,-893,1,24,-31,0,0,0,0,0,0,0,0,0,0,0,0,0,0,0
sb,USA,-1250000,-25000,4,-8,1,1,1,-3,0,0,0,0,0,0,0,0,0,0,0,0,0,0,0,0,0,0
sb,USA,-1250000,-50000,3,0,0,0,0,0,0,0,0,4,-2,-2,0,0,0,0,0,0,1,-1,0,0,0,0
sb,USA,-1225000,1175000,3,0,0,0,0,0,0,0,0,0,0,0,0,0,0,4,-4,5,7,-12,0,0,0,0
sb,USA,-1225000,1150000,4,-4,-6,0,0,0,0,0,0,0,0,0,0,0,0,0,0,2,-2,15,-15,0,0,0
sb,USA,-1225000,1125000,4,0,0,-2,-1,0,0,0,0,0,0,0,0,0,0,0,0,0,0,0,0,0,0,0
sb,USA,-1225000,1100000,6,5,-5,1,-3,0,0,1,-1,0,0,0,0,0,0,0,1,-1,0,0,0,0,0,0
sb,USA,-1225000,1075000,4,-5,-1,1,-1,0,0,1,-1,0,0,0,0,0,0,0,0,0,0,0,0,0,0,0
sb,USA,-1225000,1050000,4,6,-13,2,-1,-1,0,0,0,0,0,0,0,0,0,0,0,0,0,0,0,0,0,0
sb,USA,-1225000,1025000,3,9,-4,-5,1,-1,0,0,0,0,0,0,0,0,0,0,0,0,0,0,0,0,0,0
sb,USA,-1225000,3e+05,4,0,1,-1,2,-2,1,-1,0,0,0,0,0,0,0,0,0,3,-3,0,0,0,0,0
sb,USA,-1225000,275000,3,1,-1,1,-1,0,0,2,-2,0,0,0,0,0,0,0,0,0,0,0,0,0,0,0
sb,USA,-1225000,175000,10,-1,0,0,0,0,0,5,-2,-3,0,0,25,1,-19,3,-4,-3,-2,-1,0,0,0,0
sb,USA,-1225000,150000,10,2,-2,0,0,0,1,-1,0,0,17,-5,-7,3,-7,0,0,0,-1,0,0,0,0,0
sb,USA,-1225000,125000,14,-5,0,0,5,-4,-1,8,11,-2,217,-22,-133,-74,-4,-1,3,-3,2,-2,0,2,-2,0
sb,USA,-1225000,1e+05,5,0,0,1,0,1,-2,0,6,-5,-1,0,0,0,0,0,0,0,0,0,0,0,0,0
sb,USA,-1225000,75000,11,-1,0,-1,2,0,3,37,26,15,181,-134,-130,0,0,0,0,0,0,0,0,0,0,0
sb,USA,-1225000,50000,12,15,24,1,69,91,50,181,-167,-123,175,-218,-99,0,0,0,0,0,0,0,0,0,0,0
sb,USA,-1225000,25000,10,54,-14,181,-25,252,-75,-330,-79,0,0,6,-6,0,0,0,0,0,0,2,-2,0,0,0
sb,USA,-1225000,-750000,3,0,17,-17,20,3,-23,0,0,0,0,0,0,0,0,0,0,0,0,0,0,0,0,0
sb,USA,-1225000,-775000,3,0,7,-7,22,10,-32,0,0,0,0,0,0,0,0,0,0,0,0,0,0,0,0,0
sb,USA,-1200000,1125000,4,0,0,0,0,0,0,1,-1,0,0,0,0,0,0,5,-4,-1,1,-1,0,0,0,0
sb,USA,-1200000,1075000,5,-1,0,0,0,0,0,1,-1,0,0,0,1,-1,0,0,1,2,-3,0,0,0,0,0
sb,USA,-1200000,675000,4,0,0,0,0,0,0,0,0,0,0,0,0,8,24,-32,0,2,3,-5,0,0,0,0
sb,USA,-1200000,350000,4,0,0,1,0,-1,0,0,0,0,0,0,1,-1,0,0,0,2,-2,0,0,0,0,0
sb,USA,-1200000,325000,4,-1,0,0,1,-1,0,0,0,0,0,0,0,1,-1,0,0,1,-1,0,0,0,0,0
sb,USA,-1200000,3e+05,3,-53,-55,-1,0,0,0,0,0,0,0,0,0,0,0,0,0,0,0,0,0,0,0,0
sb,USA,-1200000,275000,9,5,-41,-3,1,-1,0,3,-3,0,0,1,-1,0,2,-2,0,1,2,-3,0,0,0,0
sb,USA,-1200000,2e+05,13,-2,1,0,2,-3,1,-1,0,0,0,0,0,1,2,16,42,41,-19,-74,-9,58,-58,0
sb,USA,-1200000,175000,18,-2,1,-1,12,-6,2,1,-10,0,0,0,38,-5,13,161,266,290,-408,-289,-61,109,-114,0
sb,USA,-1200000,150000,19,15,-10,-6,10,-8,-4,-4,10,-11,1,52,304,292,-35,-173,-100,-259,-82,28,-28,143,-143,0
sb,USA,-1200000,125000,12,-1,-1,0,2,-2,0,11,1,-4,62,-15,25,19,-88,-11,0,0,0,0,0,4,-4,0
sb,USA,-1200000,1e+05,10,0,0,0,5,-4,-1,13,64,-14,126,-50,-71,-41,-27,0,0,3,-3,0,0,0,0,0
sb,USA,-1200000,75000,5,0,0,2,-2,0,0,5,-5,3,-3,22,-22,2,-2,0,0,0,0,0,0,0,0,0
sb,USA,-1200000,-6e+05,3,0,0,0,0,121,-109,-7,-5,0,0,0,0,0,0,0,0,0,0,0,0,0,0,0
sb,USA,-1200000,-625000,12,0,2,1,-3,555,-544,70,-64,-16,-1,0,0,1,-1,0,15,-15,0,0,0,2,-1,35
sb,USA,-1200000,-650000,4,0,0,0,0,136,-134,48,-50,0,0,0,0,1,-1,0,0,0,0,0,0,0,0,0
sb,USA,-1175000,750000,3,0,0,0,0,0,0,0,0,0,0,0,0,0,0,0,1,1,0,-2,0,0,0,0
sb,USA,-1175000,7e+05,6,0,0,0,0,0,0,0,0,0,0,0,0,4,44,-48,1,2,2,-1,-4,0,0,0
sb,USA,-1175000,675000,6,0,0,0,0,0,0,0,0,0,0,0,1,291,-217,-75,5,-3,10,-12,0,0,0,0
sb,USA,-1175000,2e+05,15,7,-7,1,4,-4,1,-2,0,0,0,0,5,1,-4,21,391,318,128,-72,-766,365,-387,0
sb,USA,-1175000,175000,15,-20,5,-5,57,-50,77,219,-303,0,0,0,0,1,0,78,622,1220,328,672,-1534,-1053,-334,0
sb,USA,-1175000,150000,16,6,-12,0,5,-5,-2,0,0,0,0,1,-1,8,18,99,428,53,-258,-301,8,121,-176,0
sb,USA,-1175000,125000,3,0,0,0,0,0,0,0,0,0,0,0,0,0,0,28,-27,0,-1,0,0,0,0,0
sb,USA,-1175000,75000,6,0,0,0,2,10,-12,0,0,0,0,1,0,5,-6,0,0,0,1,-1,0,0,0,0
sb,USA,-1175000,-6e+05,4,0,0,0,1,126,105,-230,-2,0,0,0,0,0,0,0,0,0,0,0,0,0,0,0
sb,USA,-1175000,-625000,12,1,-1,1,-1,481,-349,-76,34,-90,0,1,-1,0,0,0,38,-38,0,0,1,2,4,80
sb,USA,-1175000,-650000,5,1,-1,1,-1,283,-268,138,-153,0,0,0,0,0,0,0,0,0,0,0,0,0,0,0
sb,USA,-1175000,-675000,3,0,0,0,0,68,-66,10,-12,0,0,0,0,0,0,0,0,0,0,0,0,0,0,0
sb,USA,-1150000,7e+05,3,0,0,0,0,0,0,0,0,0,0,0,0,0,8,-8,0,1,-1,2,-2,0,0,0
sb,USA,-1150000,675000,5,0,0,0,0,0,0,0,0,0,0,0,0,73,-54,-19,1,1,-2,0,2,-2,0,0
sb,USA,-1150000,625000,3,0,0,4,-4,1,-1,0,0,0,0,0,0,0,0,0,0,0,1,-1,0,0,0,0
sb,USA,-1150000,525000,3,0,0,4,-1,-2,-1,0,0,0,0,0,0,0,0,0,0,0,0,0,0,0,0,0
sb,USA,-1150000,2e+05,9,-1,0,0,0,0,0,0,0,0,0,0,0,1,-1,0,29,331,55,583,246,-99,-1130,-15
sb,USA,-1150000,175000,8,0,0,0,0,0,81,-81,0,0,0,0,0,0,0,0,14,406,356,1211,-42,-832,-1046,-67
sb,USA,-1150000,150000,9,0,0,0,0,0,0,0,0,0,0,0,0,0,1,20,19,81,177,-150,24,391,-534,-29
sb,USA,-1150000,-625000,4,0,0,1,-1,120,-58,-4,-58,0,0,0,0,0,0,0,0,0,0,0,0,0,0,0
sb,USA,-1150000,-650000,3,0,0,0,0,96,-87,69,-78,0,0,0,0,0,0,0,0,0,0,0,0,0,0,0
sb,USA,-1125000,675000,5,0,18,-15,12,-15,45,-45,0,0,0,0,0,0,0,0,0,0,2,-2,0,0,0,0
sb,USA,-1125000,650000,3,0,0,8,-5,-3,1,-1,0,0,0,0,0,0,0,0,0,0,0,0,0,0,0,0
sb,USA,-1125000,6e+05,3,0,0,0,0,3,-3,0,0,0,0,0,0,0,1,-1,0,2,-2,0,0,0,0,0
sb,USA,-1125000,575000,3,0,0,0,0,0,0,0,0,0,0,0,0,0,0,0,1,1,-1,-1,0,0,0,0
sb,USA,-1125000,550000,3,1,-1,0,0,0,0,0,0,0,0,0,0,0,0,0,0,7,-6,-1,0,0,0,0
sb,USA,-1125000,525000,6,3,-3,2,-1,-1,0,9,-9,0,0,0,0,0,0,0,1,-1,3,-3,0,0,0,0
sb,USA,-1125000,5e+05,4,0,0,0,0,2,-2,0,0,0,0,0,0,0,0,1,-1,1,3,-4,0,0,0,0
sb,USA,-1125000,475000,8,0,2,-1,-3,3,-3,0,0,0,0,0,0,0,0,0,1,0,-1,0,0,2,-2,0
sb,USA,-1125000,450000,4,4,-4,0,0,0,0,0,0,1,-1,1,-1,0,0,0,0,11,-11,0,0,0,0,0
sb,USA,-1125000,425000,5,1,-1,2,-2,0,0,0,0,0,0,0,0,0,0,0,2,31,-22,-11,0,0,0,0
sb,USA,-1125000,4e+05,6,-2,0,0,0,0,0,0,1,-1,0,0,0,0,0,2,0,1,40,-43,0,0,0,0
sb,USA,-1125000,375000,7,1,-1,0,0,0,0,0,0,0,0,9,-9,0,1,0,-1,1,6,-1,-6,0,0,0
sb,USA,-1125000,2e+05,7,0,0,0,0,0,0,0,0,0,0,0,0,0,0,1,-1,30,44,378,-141,805,-249,-867
sb,USA,-1125000,175000,10,0,0,31,21,-52,92,-56,-36,0,0,0,0,0,0,0,0,121,-39,110,4,389,356,-941
sb,USA,-1125000,150000,6,0,0,0,2,-2,9,6,-15,0,0,0,0,0,0,0,2,9,136,-147,0,0,0,0
sb,USA,-1125000,-175000,12,1,5,0,-2,-1,-2,1,-2,0,0,0,1,8,-4,-3,1,-3,0,0,0,0,0,0
sb,USA,-1125000,-3e+05,3,1,0,-1,0,5,-5,0,0,0,0,0,0,0,0,0,0,0,0,0,0,0,0,0
sb,USA,-1125000,-325000,3,0,7,-7,0,3,-2,-1,0,0,0,0,0,0,0,0,0,0,0,0,0,0,0,0
sb,USA,-1125000,-7e+05,6,-1,7,3,-10,1,0,-1,0,0,0,0,0,2,-2,0,0,0,0,0,0,0,0,0
sb,USA,-1100000,7e+05,3,0,0,0,0,0,0,1,-1,0,0,0,0,0,0,0,0,0,9,-9,0,0,2,-2
sb,USA,-1100000,6e+05,4,0,0,0,0,0,1,-1,0,0,0,0,0,0,0,0,1,0,0,-1,0,0,0,0
sb,USA,-1100000,550000,4,0,0,0,3,-3,0,0,0,0,0,0,1,-1,1,-1,0,0,1,-1,0,0,0,0
sb,USA,-1100000,525000,4,0,0,0,1,-1,0,0,0,0,0,0,0,0,2,-2,1,-1,4,-4,0,0,0,0
sb,USA,-1100000,5e+05,6,0,0,1,-1,4,-4,0,0,0,0,0,0,1,-1,0,0,52,-50,-2,1,-1,0,0
sb,USA,-1100000,475000,3,0,0,0,1,-1,0,0,0,0,0,0,0,0,0,0,1,-1,2,-2,0,0,0,0
sb,USA,-1100000,450000,3,0,0,1,-1,0,0,0,0,0,0,0,0,0,0,0,1,-1,1,-1,0,0,0,0
sb,USA,-1100000,2e+05,5,0,0,0,0,0,1,-1,0,0,0,0,0,0,0,0,0,0,0,11,-9,24,27,-53
sb,USA,-1100000,175000,11,-2,0,1,22,-23,2,447,-449,0,0,0,0,0,0,1,-1,0,78,-40,38,204,12,-292
sb,USA,-1100000,150000,6,0,0,0,5,-5,0,9,-9,0,0,0,0,0,0,1,-1,0,1,-1,5,4,-9,0
sb,USA,-1100000,-175000,7,10,0,-9,1,-2,0,0,0,0,0,0,0,5,-1,-3,-1,0,0,0,0,0,0,0
sb,USA,-1100000,-3e+05,4,1,30,-31,0,14,-14,0,3,-3,0,0,0,0,0,0,0,0,0,0,0,0,0,0
sb,USA,-1100000,-325000,10,1,26,-23,0,43,-32,-14,28,-27,-2,0,0,0,0,0,0,0,0,0,0,0,0,2
sb,USA,-1100000,-350000,11,5,5,-1,-9,122,-102,-15,40,-41,-4,0,2,-2,0,0,7,-7,0,0,0,0,0,32
sb,USA,-1100000,-375000,9,1,6,-6,2,191,-63,-130,20,-21,0,0,0,0,0,0,2,-2,0,0,0,0,0,0
sb,USA,-1100000,-4e+05,8,0,7,-7,32,54,-35,-40,8,-18,-1,0,0,0,0,0,0,0,0,0,0,0,0,12
sb,USA,-1100000,-425000,5,0,2,-2,5,0,6,-9,-2,0,0,0,0,0,0,0,0,0,0,0,0,0,0,0
sb,USA,-1075000,625000,3,0,0,0,0,0,0,0,0,0,0,0,0,0,0,0,1,0,0,-1,0,0,0,0
sb,USA,-1075000,550000,10,-12,2,190,-179,-13,126,-126,8,-8,0,0,2,-2,0,0,1,1,2,-4,0,0,0,0
sb,USA,-1075000,525000,13,-1,0,0,2,-2,0,0,0,0,0,0,32,-3,-12,32,55,463,-166,-38,-277,104,97,-287
sb,USA,-1075000,5e+05,8,-2,0,0,0,0,0,0,0,0,0,0,0,0,0,0,9,41,37,-51,-9,155,35,-217
sb,USA,-1075000,475000,10,0,0,0,1,-1,0,0,0,0,0,0,0,0,1,29,114,619,-153,8,38,-181,71,-546
sb,USA,-1075000,450000,5,0,0,0,0,0,0,0,0,0,0,0,0,0,2,-2,1,1,35,-27,-10,0,0,0
sb,USA,-1075000,-1e+05,14,-6,-3,-3,2,1,-2,5,-6,0,1,-1,0,1,2,0,8,-11,3,-3,1,-1,0,0
sb,USA,-1075000,-4e+05,5,0,1,-1,6,-1,0,-5,17,-17,0,0,0,0,0,0,0,0,0,0,0,0,0,0
sb,USA,-1050000,925000,3,-1,0,0,0,0,0,0,0,0,0,0,0,0,0,0,1,0,-1,0,0,0,0,0
sb,USA,-1050000,650000,3,0,0,0,0,2,-2,0,0,0,0,0,0,0,0,0,0,1,2,-3,0,0,0,0
sb,USA,-1050000,625000,11,0,0,11,5,-11,47,-52,38,40,-8,-69,-1,24,-24,0,0,1,-1,0,2,-2,0,0
sb,USA,-1050000,6e+05,15,-1,42,111,53,413,-71,-534,618,-540,-63,-28,-1,17,-13,-4,0,1,-1,0,9,-9,0,0
sb,USA,-1050000,575000,6,0,15,-2,1,42,6,-62,0,0,1,-1,0,0,0,0,0,0,0,0,0,0,0,0
sb,USA,-1050000,550000,4,0,0,4,37,-18,-22,-1,0,0,0,0,0,0,0,0,0,0,0,0,0,0,0,0
sb,USA,-1050000,525000,16,0,0,0,0,10,-9,-1,0,11,9,22,340,651,-793,18,721,1132,-1021,-724,-275,125,-172,-44
sb,USA,-1050000,5e+05,13,0,0,0,0,0,0,0,9,-6,-3,0,26,270,-197,-47,-42,533,741,-1045,124,180,-299,-244
sb,USA,-1050000,475000,8,0,0,0,0,0,0,0,0,0,0,0,0,0,54,-54,5,224,-29,90,-163,-95,56,-88
sb,USA,-1050000,450000,6,0,0,0,0,0,0,0,15,-15,0,0,0,0,0,2,-2,18,5,-16,-7,0,5,-5
sb,USA,-1050000,425000,3,0,0,0,0,0,0,0,0,0,0,0,0,0,1,-1,0,46,-46,0,0,1,-1,0
sb,USA,-1050000,-75000,3,0,0,0,3,-3,2,-2,0,0,0,0,0,0,0,0,0,0,0,0,0,1,-1,0
sb,USA,-1025000,675000,6,-18,0,0,0,0,0,0,0,0,2,-1,-1,3,-3,0,0,0,0,0,8,-2,-6,0
sb,USA,-1025000,650000,13,0,0,0,0,0,2,-2,12,17,35,58,-55,76,-104,-38,0,1,-2,0,64,-60,-4,0
sb,USA,-1025000,625000,14,0,0,0,40,-10,94,-109,148,27,-103,40,-115,3,-15,14,-14,3,-3,1,36,-37,0,0
sb,USA,-1025000,6e+05,12,0,10,48,238,111,-274,-116,50,-63,-4,3,-3,15,-15,0,0,9,-9,0,1,-1,0,0
sb,USA,-1025000,575000,12,3,292,305,961,-1029,-486,-46,0,7,-7,4,-4,1,-1,0,0,6,-5,11,-12,0,0,0
sb,USA,-1025000,550000,14,0,19,40,365,-4,-193,-205,143,-115,-50,7,-7,7,-7,0,11,-1,-10,0,1,1,-2,0
sb,USA,-1025000,525000,18,0,0,0,6,-4,80,-64,232,-39,-82,11,-76,563,-613,-14,345,-343,195,-196,39,-33,-6,-1
sb,USA,-1025000,5e+05,8,0,0,0,0,0,0,0,0,0,0,0,0,77,-75,-2,33,5,-35,66,-69,3,5,-8
sb,USA,-1025000,475000,10,0,0,0,0,0,0,0,3,-3,0,2,-2,24,-8,-16,0,2,51,-52,36,-28,-5,-4
sb,USA,-1025000,425000,3,0,0,0,0,0,0,0,0,0,0,0,0,0,0,0,0,0,1,5,-1,-5,0,0
sb,USA,-1025000,4e+05,8,0,0,0,0,0,0,0,0,0,0,0,0,0,0,47,-42,49,76,-113,1,-11,-5,-2
sb,USA,-1025000,-1e+05,4,0,0,0,4,-2,-1,-1,2,-2,0,0,0,0,0,0,0,0,0,0,0,0,0,0
sb,USA,-1025000,-175000,5,0,0,0,0,0,0,0,0,0,0,2,-2,0,0,0,59,-54,1,-5,-1,0,0,0
sb,USA,-1025000,-2e+05,4,0,0,0,0,0,1,-1,1,-1,0,0,0,0,0,0,4,-4,1,-1,0,0,0,0
sb,USA,-1025000,-225000,4,0,0,0,9,-9,1,-1,0,0,1,-1,0,0,0,0,16,-16,0,0,0,0,0,0
sb,USA,-1e+06,650000,12,0,0,0,0,0,1,-1,8,6,-11,35,81,388,-119,-329,-7,-6,-46,19,-19,0,0,0
sb,USA,-1e+06,625000,15,0,3,8,10,78,21,19,373,-298,-15,32,-213,152,-150,-20,0,0,0,0,7,-6,-1,0
sb,USA,-1e+06,6e+05,9,0,0,72,230,41,21,-316,37,-84,11,-8,-4,0,0,0,0,0,0,0,0,0,0,0
sb,USA,-1e+06,575000,10,0,0,91,576,358,-321,-647,283,-321,-19,15,-15,1,1,-2,0,0,0,0,0,0,0,0
sb,USA,-1e+06,550000,15,0,0,2,124,239,425,-787,1841,-1587,14,45,-308,-2,5,-10,38,-39,0,1,-1,0,0,0
sb,USA,-1e+06,525000,16,0,0,0,0,5,10,-11,218,-167,142,159,-128,267,-107,-259,-44,-77,-4,-4,10,-7,-3,0
sb,USA,-1e+06,5e+05,12,0,0,0,0,0,0,0,0,0,6,-4,2,244,-42,28,-202,79,-108,-1,48,-48,-2,0
sb,USA,-1e+06,450000,3,0,0,0,0,0,0,0,0,0,0,0,0,16,-4,-12,0,0,3,-3,0,0,0,0
sb,USA,-1e+06,425000,6,0,0,0,0,0,0,1,1,-1,-1,0,0,5,-4,-1,0,0,3,-3,0,0,0,0
sb,USA,-1e+06,4e+05,5,0,0,0,0,0,0,0,0,0,0,0,0,7,8,-15,9,20,11,-40,0,0,0,0
sb,USA,-1e+06,375000,3,0,0,0,0,0,0,0,0,2,-2,0,0,0,0,0,0,16,22,-38,0,0,0,0
sb,USA,-1e+06,-50000,6,0,0,0,0,7,-7,0,0,1,-1,0,0,0,2,-2,18,-11,-7,5,-5,0,0,0
sb,USA,-1e+06,-125000,5,0,0,0,5,-5,0,0,1,0,0,-1,0,0,3,-3,0,0,0,0,0,0,0,0
sb,USA,-1e+06,-150000,4,0,0,3,1,-2,-2,0,0,0,0,0,0,0,0,0,0,0,0,0,0,0,5,-5
sb,USA,-1e+06,-175000,13,0,0,0,0,1,-1,0,14,-13,7,-8,0,1,-1,3,192,-143,84,-133,-1,3,-4,-1
sb,USA,-1e+06,-2e+05,14,0,0,0,0,0,8,-8,52,-7,-28,-17,0,0,240,176,150,-320,22,-176,-76,59,-56,-13
sb,USA,-1e+06,-225000,10,0,0,0,0,0,1,-1,0,113,-113,0,0,23,263,-208,112,-24,-158,13,-13,-8,0,0
sb,USA,-1e+06,-250000,3,0,0,0,0,0,0,0,0,42,-42,10,-10,0,28,-28,0,0,0,0,0,0,0,0
sb,USA,-1e+06,-5e+05,9,-5,-9,15,-4,-6,-1,11,7,-18,-4,0,0,0,0,0,0,0,0,0,0,0,0,0
sb,USA,-975000,650000,5,0,0,0,0,0,0,0,4,0,-4,30,-26,-3,-1,0,0,0,0,0,0,0,0,0
sb,USA,-975000,625000,8,0,0,1,-1,16,59,41,-50,-54,27,-38,-1,0,0,0,0,0,0,0,0,0,0,0
sb,USA,-975000,6e+05,6,0,0,0,0,7,-1,1,-6,-1,2,0,-2,0,0,0,0,0,0,0,0,0,0,0
sb,USA,-975000,575000,6,0,0,21,281,248,-46,-504,358,-358,0,0,0,53,-53,0,0,0,0,0,0,0,0,0
sb,USA,-975000,550000,8,0,0,0,0,0,15,-15,34,-16,1,80,-96,3,10,-16,0,0,0,0,0,0,0,0
sb,USA,-975000,525000,12,0,0,0,0,0,0,0,8,-4,-3,9,2,111,511,-173,-461,340,-339,0,3,-4,0,0
sb,USA,-975000,5e+05,10,0,0,0,0,0,0,0,6,-5,-1,9,-9,1,4,66,-71,47,-40,-4,5,-8,0,0
sb,USA,-975000,-25000,3,0,0,0,0,0,0,0,0,0,0,0,0,0,3,1,-4,3,-3,0,0,0,0,0
sb,USA,-975000,-50000,15,0,0,0,0,3,-2,-1,73,-68,11,-4,103,333,231,-213,-77,411,-702,15,-102,-11,0,0
sb,USA,-975000,-150000,4,0,0,0,1,1,-2,0,2,-2,0,0,1,-1,0,0,0,0,0,0,0,0,0,0
sb,USA,-975000,-175000,8,20,-20,0,0,0,0,0,0,0,10,-9,-1,0,0,0,3,-3,5,-3,1,-3,0,2
sb,USA,-975000,-2e+05,13,0,0,0,0,0,0,0,21,-2,-18,-1,7,-7,76,-76,46,72,23,20,26,22,-35,-104
sb,USA,-975000,-225000,14,1,-1,0,0,0,0,0,5,102,-107,0,0,27,261,-282,135,46,-16,57,74,45,-24,-123
sb,USA,-975000,-250000,10,0,0,0,0,0,0,0,3,-2,-1,0,0,0,0,0,8,-6,8,6,31,16,-31,-20
sb,USA,-950000,50000,5,1,-1,6,25,-22,-5,-4,0,0,0,0,0,0,0,0,0,0,0,0,0,0,0,0
sb,USA,-950000,25000,5,3,-3,4,1,-5,0,0,1,-1,3,-3,0,0,0,0,0,0,0,0,0,0,0,0
sb,USA,-950000,0,9,0,0,0,0,0,4,-4,3,2,9,-10,-3,-1,0,0,0,15,-15,1,0,-1,0,0
sb,USA,-950000,-25000,17,-1,0,0,7,-6,6,-7,26,-19,4,0,10,11,3,10,-8,16,-51,20,-21,-1,0,0
sb,USA,-950000,-50000,16,0,0,0,0,1,1,-2,273,-242,3,-14,94,1064,517,-382,-703,416,-996,38,-20,-39,-9,0
sb,USA,-950000,-150000,15,11,-11,1,-1,126,-126,0,132,-66,-13,-50,-3,0,0,0,93,-62,457,121,-242,-92,-158,19
sb,USA,-950000,-175000,13,0,0,0,0,0,0,0,32,-9,-7,-15,0,-1,0,0,21,503,275,-403,-45,139,-106,-132
sb,USA,-950000,-2e+05,16,0,0,0,0,0,0,0,320,-310,125,-65,9,69,-79,327,1063,519,-546,-1068,-119,4,-17,-176
sb,USA,-950000,-225000,16,0,0,0,0,0,0,0,601,-338,112,-305,144,466,402,350,474,-633,86,-459,-536,230,-301,-254
sb,USA,-950000,-250000,18,0,0,0,0,5,-1,-3,23,-12,-12,2,-1,59,-47,6,218,213,2,79,-29,-352,-15,-124
sb,USA,-925000,75000,5,1,-1,5,17,-22,6,-6,0,2,-2,0,0,0,0,0,0,0,0,0,0,0,0,0
sb,USA,-925000,50000,10,2,-2,60,37,-79,-11,-7,7,-1,-5,-1,0,2,-1,-1,0,0,0,0,0,0,0,0
sb,USA,-925000,25000,8,7,-7,14,13,-25,6,-8,1,-1,0,0,2,-2,1,-1,0,0,0,0,0,0,0,0
sb,USA,-925000,0,7,0,0,0,6,-6,8,-8,22,-18,2,-4,-2,0,0,0,0,2,-2,0,0,0,0,0
sb,USA,-925000,-25000,19,3,-3,0,21,-17,157,-161,360,-239,-31,-5,-70,30,14,131,17,421,-579,-39,-2,-7,8,-9
sb,USA,-925000,-50000,16,0,0,0,1,5,-1,-5,23,-8,-4,-3,-3,3,6,-4,21,-14,-15,-2,1,0,-1,0
sb,USA,-925000,-75000,7,0,0,0,0,0,0,10,-10,0,0,0,0,25,-24,-1,0,10,16,-26,26,-21,-5,0
sb,USA,-925000,-1e+05,14,0,0,0,0,0,0,7,-7,0,0,1,8,609,-320,-288,-4,300,132,-201,-58,-113,-63,-2
sb,USA,-925000,-150000,14,1,-1,0,0,0,0,5,-5,10,-5,-4,-1,0,32,-32,107,116,290,-3,-198,81,-300,-11
sb,USA,-925000,-175000,12,0,0,0,0,0,0,10,-10,72,-72,0,0,0,214,550,451,661,-473,-389,-504,-176,-30,-186
sb,USA,-925000,-2e+05,15,0,0,0,0,0,0,0,200,-181,154,96,384,925,-488,117,-308,2,-429,-436,-32,62,-62,-4
sb,USA,-925000,-225000,14,0,0,0,0,0,0,331,1915,-1402,1339,-899,1344,-1525,-653,-380,31,-82,-19,1,1,-2,0,1
sb,USA,-925000,-250000,16,-2,0,0,0,13,-13,20,64,-44,0,-17,210,313,-292,-94,5,-158,-4,-3,0,0,29,-26
sb,USA,-925000,-4e+05,14,12,-5,13,-10,-19,6,-13,2,4,-6,0,0,0,0,2,-2,0,2,27,-26,5,-8,0
sb,USA,-9e+05,150000,7,1,-1,0,20,-4,-16,0,0,2,-1,-1,0,12,-9,-3,0,0,0,0,0,0,0,0
sb,USA,-9e+05,75000,7,0,1,6,-7,0,4,-4,2,-2,0,0,0,1,0,-1,0,1,-1,0,0,0,0,0
sb,USA,-9e+05,25000,4,0,0,1,-1,3,-1,-2,0,1,-1,0,0,0,0,0,0,0,0,0,0,0,0,0
sb,USA,-9e+05,0,6,1,1,5,-3,-4,0,0,2,-1,-1,0,0,0,0,0,0,0,0,0,0,0,0,0
sb,USA,-9e+05,-25000,9,3,-3,0,1,-1,9,0,-9,97,-92,-4,-1,0,0,0,5,-2,-3,0,0,0,0,0
sb,USA,-9e+05,-50000,9,0,0,0,0,0,2,1,-3,13,-8,-5,1,-1,0,0,0,5,-1,13,-17,0,0,1
sb,USA,-9e+05,-75000,12,0,0,0,0,0,0,3,-3,0,0,0,0,176,-174,-1,0,98,125,-27,-171,-13,-12,2
sb,USA,-9e+05,-1e+05,13,0,0,0,0,0,0,5,-5,1,-1,0,0,68,-65,-2,1,385,147,55,-312,-189,-87,9
sb,USA,-9e+05,-150000,9,0,0,0,0,0,0,0,0,0,0,0,0,0,0,1,76,276,22,-167,-141,-33,-26,-6
sb,USA,-9e+05,-175000,12,0,0,0,0,0,0,15,-15,1,-1,0,0,11,629,1119,-1155,170,-491,-169,-98,-12,36,-40
sb,USA,-9e+05,-2e+05,14,0,0,0,0,0,0,0,5,10,127,-48,94,592,1116,-357,-676,-688,-164,-9,16,-17,-1,0
sb,USA,-9e+05,-225000,14,0,0,0,0,0,0,82,1089,-953,449,296,694,780,-892,-755,-476,-146,-103,-65,13,31,-44,0
sb,USA,-9e+05,-250000,18,0,1,-1,0,0,0,47,165,-130,-23,106,99,59,3,512,890,-776,-260,-510,-99,33,-55,-59
sb,USA,-9e+05,-275000,14,0,0,0,0,0,0,0,4,-3,-1,20,-10,-10,8,69,801,-134,-231,-218,-84,-99,-52,-51
sb,USA,-9e+05,-3e+05,13,0,0,0,0,0,0,202,-202,0,35,-34,-1,0,19,71,131,-129,88,-128,-30,-10,13,-24
sb,USA,-9e+05,-4e+05,7,-1,0,2,-3,2,-1,-1,1,-1,0,0,0,0,0,0,0,0,0,0,0,0,0,0
sb,USA,-9e+05,-425000,10,8,-12,4,-1,-5,3,-1,-2,0,0,0,0,0,0,0,0,0,15,-11,-4,1,-1,0
sb,USA,-9e+05,-450000,3,8,-7,-1,0,0,0,0,2,-2,0,0,0,0,0,0,0,0,0,0,0,0,0,0
sb,USA,-875000,650000,7,0,0,1,3,-4,0,0,0,0,3,-2,-1,0,11,-5,-6,0,0,0,0,2,-2,0
sb,USA,-875000,625000,14,0,0,71,84,-155,0,0,0,51,71,-113,-5,23,-2,25,-45,-5,1,9,-10,0,3,18
sb,USA,-875000,6e+05,5,0,0,1,-1,0,0,0,0,0,29,-13,-16,2,-2,9,-9,0,0,0,0,0,0,0
sb,USA,-875000,2e+05,9,0,0,0,1,34,-29,-5,-1,200,-158,-40,-2,1,1,-2,0,0,0,0,0,0,0,0
sb,USA,-875000,175000,12,0,0,0,4,14,43,-41,-13,312,-281,-31,-7,3,0,-3,0,0,0,1,-1,0,1,-1
sb,USA,-875000,150000,10,0,0,0,0,20,21,-35,-1,9,13,-27,13,37,-20,-28,-2,0,0,0,0,0,0,0
sb,USA,-875000,125000,7,0,3,-3,1,-1,7,-7,0,0,14,4,-17,4,-5,0,0,0,0,0,0,0,0,0
sb,USA,-875000,75000,6,0,0,3,-3,8,-7,0,0,-1,0,0,0,7,-7,0,0,0,0,0,0,0,0,0
sb,USA,-875000,0,8,2,-1,10,1,-12,1,0,0,-1,0,0,0,0,0,0,0,0,2,-2,0,0,0,0
sb,USA,-875000,-25000,5,0,0,0,1,-1,2,-1,-1,0,0,0,0,0,0,0,0,0,8,-8,0,0,0,1
sb,USA,-875000,-50000,8,0,0,0,0,0,0,4,-4,1,-1,1,-1,2,-2,0,0,1,4,19,-24,0,0,3
sb,USA,-875000,-75000,13,0,0,0,0,0,0,5,-5,6,-3,-3,2,8,-10,1,0,51,338,96,-300,-177,-5,-4
sb,USA,-875000,-1e+05,10,0,0,0,0,0,0,11,-11,0,1,-1,0,0,0,0,3,136,343,103,-148,-250,-170,102
sb,USA,-875000,-150000,10,0,0,0,0,0,0,1,-1,1,2,-3,0,0,0,1,217,268,-247,-44,-59,-111,-25,0
sb,USA,-875000,-175000,8,0,0,0,0,0,0,0,0,0,0,0,0,0,6,619,436,-128,-507,-402,-14,-5,-5,0
sb,USA,-875000,-2e+05,9,0,0,0,0,0,0,0,129,-125,26,-30,0,153,1405,1133,-964,-601,-962,-164,0,0,0,0
sb,USA,-875000,-225000,12,0,1,-1,0,0,0,0,4,-4,0,30,-30,74,-21,546,-108,26,-293,11,-72,-64,-99,0
sb,USA,-875000,-250000,17,0,0,0,0,1,-1,0,206,-26,155,-19,-274,294,98,225,1553,-102,195,-141,-959,-432,-726,-42
sb,USA,-875000,-275000,16,0,0,0,0,0,0,0,98,-24,57,-87,-2,130,92,308,1142,-140,307,-375,-942,125,-392,-274
sb,USA,-875000,-3e+05,22,0,12,24,-21,20,3,-5,269,-189,88,-129,35,206,111,537,285,-202,-140,208,40,-225,-695,-87
sb,USA,-875000,-325000,14,0,1,-1,0,4,40,68,20,-132,0,0,0,0,3,-3,24,-22,6,120,224,145,-421,-22
sb,USA,-875000,-350000,15,-3,-6,-3,1,0,62,28,-13,-87,-1,0,0,0,9,-9,0,0,14,-11,21,21,-45,0
sb,USA,-875000,-4e+05,5,1,3,-4,2,-2,0,0,0,0,0,0,0,0,0,0,0,0,3,-2,-1,0,0,0
sb,USA,-875000,-425000,18,6,-3,2,-2,1,-5,0,-2,1,-1,0,0,0,0,6,19,83,119,19,-79,-81,-85,9
sb,USA,-875000,-725000,14,14,-24,7,-7,0,7,0,8,-6,-9,0,0,0,0,0,0,2,6,13,19,-15,-16,-7
sb,USA,-850000,625000,9,0,0,7,-3,-4,0,0,0,1,20,-21,0,1,2,0,5,-8,0,0,0,0,0,1
sb,USA,-850000,6e+05,12,0,0,3,45,-48,0,47,-47,62,-51,-1,-9,3,-3,11,-5,-7,3,-3,0,0,0,0
sb,USA,-850000,575000,9,0,0,0,0,0,0,197,-191,121,-109,6,24,-47,-1,0,0,0,1,-1,0,3,-3,0
sb,USA,-850000,550000,6,0,0,0,0,0,0,19,-18,-1,14,-4,1,-9,-2,0,0,0,0,0,0,0,0,0
sb,USA,-850000,525000,3,0,0,0,0,0,0,2,-2,0,1,3,-4,0,0,0,0,0,0,0,0,0,0,0
sb,USA,-850000,175000,17,-4,0,0,2,28,136,157,-189,899,-845,-81,-91,-2,42,-52,-4,0,11,-5,12,-18,0,1
sb,USA,-850000,150000,15,1,-1,2,174,1482,745,-785,-1268,-161,-139,6,-43,-9,-3,-1,0,0,0,0,0,0,2,0
sb,USA,-850000,125000,14,0,1,-1,54,1194,456,-503,-1118,20,231,-286,-11,-4,-33,1,-1,0,0,0,0,11,-5,-6
sb,USA,-850000,1e+05,15,0,0,0,0,219,-37,-2,-76,110,418,-629,199,-105,-96,77,-74,-2,21,-8,-15,0,0,0
sb,USA,-850000,25000,3,0,0,3,-3,0,0,0,0,0,0,0,18,-15,-3,0,0,0,0,0,0,0,0,0
sb,USA,-850000,0,8,1,-1,0,1,0,2,-3,0,3,-3,0,16,25,-37,-4,0,0,0,0,0,0,0,0
sb,USA,-850000,-25000,12,0,0,0,1,2,-3,0,1,1,-2,20,-18,6,-6,-2,0,2,33,-33,-2,0,0,1
sb,USA,-850000,-50000,3,0,0,0,0,0,0,5,-5,0,0,0,0,1,-1,0,0,0,23,-23,0,0,0,0
sb,USA,-850000,-75000,10,0,0,0,0,0,0,2,-2,0,0,1,0,-1,0,0,0,54,133,-57,-103,-10,1,14
sb,USA,-850000,-1e+05,8,0,0,0,0,0,0,0,0,0,0,0,0,0,0,0,1,358,465,-103,-165,-192,9,-18
sb,USA,-850000,-125000,9,0,0,0,0,0,0,1,-1,0,0,0,0,0,0,0,2,790,-6,294,-190,-475,-322,-40
sb,USA,-850000,-150000,10,0,0,0,0,0,0,0,0,6,-6,4,-4,0,0,25,269,1132,-374,-152,-125,-539,-209,-27
sb,USA,-850000,-175000,4,0,0,0,0,0,0,0,0,0,0,0,0,0,0,36,18,-47,59,-66,0,0,0,0
sb,USA,-850000,-2e+05,6,0,0,0,0,0,0,0,0,0,5,-5,0,5,-5,30,-16,-2,-6,-6,0,0,0,0
sb,USA,-850000,-250000,12,0,0,0,0,2,-2,0,4,-4,1,-1,0,1,14,3,-11,31,-28,5,0,29,-44,0
sb,USA,-850000,-3e+05,6,0,0,0,0,0,10,-10,0,0,0,0,0,0,0,0,0,3,-3,15,-8,-6,0,-1
sb,USA,-850000,-325000,10,0,1,-1,0,0,8,-6,-2,3,-3,0,0,0,0,0,0,0,9,-4,5,63,-62,3
sb,USA,-850000,-350000,5,1,-1,0,0,0,11,-10,1,-2,0,0,0,0,0,40,-40,0,0,0,0,0,0,0
sb,USA,-825000,6e+05,3,0,0,0,0,0,0,0,0,3,1,-3,-1,0,0,0,0,0,0,0,0,0,0,0
sb,USA,-825000,575000,7,0,0,0,0,0,0,0,1,9,-6,-3,5,101,-84,-23,0,0,0,0,0,0,0,0
sb,USA,-825000,550000,10,0,0,0,7,-7,0,44,-44,37,-1,-22,-2,-9,7,-9,0,-1,0,0,0,0,0,0
sb,USA,-825000,525000,4,0,0,0,0,0,0,0,0,0,4,27,-31,1,-1,0,0,0,1,-1,0,0,0,0
sb,USA,-825000,250000,7,0,0,0,0,0,0,0,0,3,-3,0,0,4,12,4,-19,-1,1,-1,5,-5,0,0
sb,USA,-825000,225000,13,0,0,0,0,1,-1,0,0,103,-46,-38,97,-98,72,-52,7,-26,-14,-4,40,-41,0,0
sb,USA,-825000,2e+05,14,0,0,0,1,-1,1,27,-12,86,208,-259,54,28,238,-344,-12,-7,-3,-5,0,0,0,0
sb,USA,-825000,175000,7,-1,0,0,0,0,0,0,1,343,-318,-24,1,-3,1,-1,0,0,0,0,0,0,0,0
sb,USA,-825000,150000,6,0,0,0,0,0,16,38,-53,13,27,-41,0,0,0,0,0,0,0,0,0,1,-1,0
sb,USA,-825000,1e+05,15,0,0,0,0,0,0,1,9,-6,95,-89,16,52,153,-49,-10,74,33,59,-335,-3,2,-2
sb,USA,-825000,75000,13,0,0,0,0,0,1,-1,0,0,7,5,45,32,138,34,82,-185,62,-154,-64,-2,2,-2
sb,USA,-825000,25000,8,0,0,0,0,0,0,5,-5,0,0,104,-21,-76,-7,0,0,0,14,-13,0,-1,0,1
sb,USA,-825000,0,12,0,0,0,3,24,-10,-1,10,-15,-3,43,-46,-5,33,-29,-4,0,0,0,0,0,0,1
sb,USA,-825000,-25000,3,0,0,0,0,0,0,0,0,0,0,0,0,1,-1,0,0,0,3,-2,-1,0,0,0
sb,USA,-825000,-50000,5,0,0,0,0,0,0,0,0,0,0,0,0,0,0,0,0,0,1,-1,9,12,5,-11
sb,USA,-825000,-75000,8,0,0,0,0,0,0,0,0,0,0,0,0,1,2,-3,0,0,42,-28,130,78,228,-130
sb,USA,-825000,-1e+05,7,0,0,0,0,0,0,0,0,0,0,0,0,0,0,0,0,20,50,1,-48,-13,-3,2
sb,USA,-825000,-125000,8,0,0,0,0,0,0,0,0,0,1,-1,0,0,0,0,0,115,62,-87,-14,-36,-8,-30
sb,USA,-825000,-150000,9,0,0,0,0,0,0,0,0,1,-1,0,0,0,0,2,91,491,-194,309,-456,-151,-86,-6
sb,USA,-825000,-175000,3,0,0,0,0,1,-1,0,0,0,0,0,0,0,0,0,0,16,-10,-6,0,0,0,0
sb,USA,-825000,-425000,21,2,17,31,37,19,-2,-1,46,-60,-91,0,0,6,-5,15,208,-21,247,-43,75,-145,41,153
sb,USA,-825000,-450000,18,7,22,16,12,11,42,-58,119,-118,-53,0,0,0,0,23,85,32,182,48,-160,45,-237,49
sb,USA,-825000,-7e+05,6,1,-2,48,0,-10,-35,-3,0,0,0,0,0,0,0,0,0,0,0,0,0,0,0,0
sb,USA,-8e+05,225000,13,0,0,0,0,0,0,1,-1,59,-34,-18,42,178,745,-821,66,226,-423,-17,15,-18,0,0
sb,USA,-8e+05,2e+05,14,0,0,0,0,0,1,29,-17,119,3,-95,307,288,504,-802,-196,7,-139,-8,-1,0,0,0
sb,USA,-8e+05,175000,7,0,0,0,0,0,4,4,160,49,152,-324,-45,0,4,-4,0,0,0,0,0,0,0,0
sb,USA,-8e+05,150000,9,0,0,0,0,0,0,1,116,316,-346,-86,1,-1,-1,0,0,0,0,0,3,-1,-2,0
sb,USA,-8e+05,125000,11,0,0,0,0,0,0,2,60,156,-208,-4,-5,0,-1,0,2,-2,0,0,1,16,-15,-2
sb,USA,-8e+05,1e+05,17,0,0,0,0,0,0,3,6,40,-9,-29,-7,15,317,-277,342,174,-355,-37,-172,131,-47,-93
sb,USA,-8e+05,75000,15,0,0,0,0,0,0,0,0,1,1,7,77,25,204,-7,143,75,183,-225,-216,54,-175,-113
sb,USA,-8e+05,50000,4,0,0,0,0,0,0,0,0,0,0,2,11,-13,0,0,0,5,-5,4,-4,0,0,0
sb,USA,-8e+05,25000,9,0,0,0,0,1,-1,0,0,0,3,2,46,-32,-13,-6,0,4,9,10,-23,0,0,0
sb,USA,-8e+05,0,8,0,0,0,0,0,0,0,0,0,1,4,7,-11,0,2,-3,0,0,4,-4,0,1,-1
sb,USA,-8e+05,-25000,8,0,0,0,0,0,0,2,-2,0,0,0,0,1,6,-7,0,0,4,-4,4,6,0,-6
sb,USA,-8e+05,-1e+05,5,0,0,0,0,0,0,0,0,0,0,0,0,0,0,0,0,0,8,93,55,-25,-56,-75
sb,USA,-8e+05,-125000,8,0,0,0,0,0,0,0,0,0,0,0,0,0,0,0,2,11,49,-41,372,-167,-99,-32
sb,USA,-8e+05,-150000,9,0,0,0,0,0,0,0,1,-1,0,0,0,0,0,9,178,336,-99,28,-329,-108,-14,-1
sb,USA,-8e+05,-175000,10,0,0,0,0,0,0,1,-1,0,0,0,0,0,0,64,140,462,124,-81,-410,-236,-59,-2
sb,USA,-8e+05,-2e+05,10,0,0,0,0,0,0,5,-5,0,0,0,0,0,2,18,15,111,-26,77,-106,-63,-28,4
sb,USA,-8e+05,-225000,7,0,0,0,0,0,0,0,0,0,0,0,0,0,0,0,0,6,3,15,-13,5,-15,0
sb,USA,-8e+05,-250000,6,0,0,0,0,0,0,0,0,0,0,0,0,0,0,0,0,8,8,22,-23,14,-27,-2
sb,USA,-8e+05,-325000,14,2,0,5,0,-1,37,7,37,-87,0,0,0,0,0,0,0,0,21,-16,10,55,-60,-1
sb,USA,-8e+05,-350000,16,3,27,-11,18,-11,88,-37,93,-175,0,0,0,0,0,0,0,25,41,-26,3,5,-42,-4
sb,USA,-8e+05,-375000,12,0,0,10,15,11,150,-157,60,-89,0,0,0,0,0,0,12,-6,2,14,-20,6,-8,0
sb,USA,-8e+05,-4e+05,14,1,4,-4,1,0,33,-18,-3,24,-38,0,0,4,-4,7,-5,-2,0,0,0,13,-13,2
sb,USA,-8e+05,-425000,18,0,0,2,-1,-1,19,15,26,-4,-3,-28,-25,1,-1,45,194,11,101,190,213,-65,-17,320
sb,USA,-8e+05,-450000,15,0,1,3,-4,2,0,-2,6,10,-16,0,0,0,0,2,14,-2,6,149,-69,-56,0,106
sb,USA,-775000,150000,5,0,0,0,0,0,0,0,17,4,-11,-10,64,-51,-13,0,0,0,0,0,0,0,0,0
sb,USA,-775000,125000,17,0,0,0,0,0,4,-4,18,17,26,-8,135,308,-121,-186,24,-10,-172,-7,-23,80,-60,6
sb,USA,-775000,1e+05,18,0,0,1,-1,0,5,-5,36,50,-80,18,8,571,276,45,79,737,-941,276,-717,760,-760,-123
sb,USA,-775000,75000,18,0,0,0,1,5,13,-18,7,-4,-4,7,-7,8,9,-10,-6,88,155,289,-270,362,-169,-206
sb,USA,-775000,50000,13,0,0,0,0,3,-3,0,0,0,0,5,24,49,-51,-25,-2,21,-3,111,-82,-1,-19,-7
sb,USA,-775000,25000,6,0,0,0,0,0,2,-2,0,0,0,0,0,1,10,-10,-1,3,-3,0,1,-1,0,0
sb,USA,-775000,0,5,0,0,0,0,0,0,0,0,0,0,0,0,0,0,0,0,0,0,1,7,49,7,-1
sb,USA,-775000,-25000,5,0,0,0,0,0,0,0,0,0,0,0,0,0,0,0,0,1,-1,2,-2,13,15,-26
sb,USA,-775000,-50000,6,0,0,0,0,0,0,0,0,0,0,0,0,0,0,0,0,10,-10,4,-1,24,-15,-4
sb,USA,-775000,-1e+05,7,0,0,0,0,0,0,0,0,0,0,0,0,1,-1,0,0,0,7,53,23,83,41,-81
sb,USA,-775000,-125000,7,0,0,0,0,0,0,0,0,0,0,0,1,2,-3,0,0,0,1,-1,48,-2,-29,-8
sb,USA,-775000,-2e+05,10,0,0,0,0,0,0,2,1,-3,0,0,0,0,0,0,23,23,150,51,-121,-14,-94,-9
sb,USA,-775000,-225000,8,0,0,0,0,0,0,0,0,0,0,0,0,0,0,0,53,-13,22,165,-154,53,-55,-7
sb,USA,-775000,-250000,9,0,0,0,0,0,0,0,0,0,0,0,0,0,1,-1,10,-5,22,103,-40,81,-113,114
sb,USA,-775000,-275000,11,0,0,0,0,0,2,-2,28,-26,-2,0,0,0,0,0,2,36,15,28,139,158,-300,-59
sb,USA,-775000,-3e+05,10,0,0,0,0,0,0,0,34,10,-43,-1,0,0,0,0,1,-1,5,30,8,43,-69,0
sb,USA,-775000,-325000,10,0,1,-1,0,0,42,50,47,22,-161,0,0,0,0,0,0,0,8,-8,18,22,-29,-4
sb,USA,-775000,-350000,6,0,5,-3,-2,0,17,-3,57,-71,0,0,0,0,0,0,1,-1,0,0,0,0,0,0
sb,USA,-775000,-375000,4,0,0,0,0,0,0,14,38,-42,-10,0,0,0,0,0,0,0,0,0,1,-1,0,0
sb,USA,-750000,150000,4,0,0,0,0,0,2,-2,3,-3,0,0,1,-1,0,0,2,-2,0,0,0,0,0,0
sb,USA,-750000,125000,9,0,0,0,0,0,5,-5,0,0,0,0,0,4,2,-3,8,-11,4,0,-2,-1,-1,0
sb,USA,-750000,1e+05,13,0,0,0,0,0,0,0,0,0,0,1,4,130,203,-244,-73,90,-36,237,-67,-172,-56,40
sb,USA,-750000,75000,6,0,0,0,0,0,0,0,0,0,0,0,0,0,0,0,0,1,18,24,-33,28,-38,6
sb,USA,-750000,50000,5,0,0,0,0,0,0,0,0,0,0,1,-1,0,0,0,0,2,-2,7,-2,-4,-1,0
sb,USA,-750000,25000,4,0,0,0,0,0,0,0,0,0,0,2,-2,0,0,0,0,2,-1,-1,0,1,-1,0
sb,USA,-750000,0,5,0,0,0,0,0,2,-2,0,0,0,0,0,0,2,-2,1,5,-6,0,0,0,1,-1
sb,USA,-750000,-1e+05,6,0,0,0,0,0,0,0,0,0,0,0,0,0,0,0,0,1,-1,4,-3,76,-60,-9
sb,USA,-750000,-175000,8,0,0,0,0,0,0,7,-3,-1,-3,0,0,0,0,0,0,0,15,170,24,-119,-90,5
sb,USA,-750000,-2e+05,16,0,0,0,0,0,0,3,182,-170,-15,11,-10,90,-54,10,184,93,65,-80,-112,-105,-56,666
sb,USA,-750000,-225000,7,0,0,0,0,0,0,0,14,-14,0,0,0,0,0,0,7,3,-9,2,-3,1,-1,24
sb,USA,-750000,-250000,5,0,0,0,0,0,0,0,0,0,0,0,0,0,0,0,0,0,2,16,-18,1,1,-1
sb,USA,-750000,-275000,8,0,0,0,0,0,20,-20,11,-2,-9,0,0,0,0,0,0,0,0,6,11,-5,-11,12
sb,USA,-725000,-50000,3,0,0,0,0,0,0,0,0,0,0,0,0,0,0,0,0,0,0,12,-7,-4,-1,0
sb,USA,-725000,-75000,5,0,0,0,0,0,0,0,0,0,0,0,0,0,0,0,0,0,0,17,-11,-5,4,-4
sb,USA,-725000,-1e+05,5,0,0,0,0,0,0,1,-1,0,0,0,0,0,0,0,0,0,0,17,-17,22,25,-33
