"","1","2","3","4","5","6","7","8","9","10","11","12","13","14","15","16","17","18","19","20","21","22","23","24","25","26","27","28","29","30","31","32","33","34","35","36","37","38","39","40","41","42","43","44","45","46","47","48","49","50","51","52","53","54","55","56","57","58","59","60","61","62","63","64","65","66","67","68","69","70","71","72","73"
"1",0,50,75,100,522.015325445528,800.390529679106,807.000619578449,673.145600891813,1212.69328356349,1267.37918556366,1274.01923062409,919.238815542512,590.021186060297,951.971638232989,929.045208803102,838.525491562421,794.11900871343,645.174395028197,625,962.094070244693,850,515.388203202208,928.035559663529,862.046982478333,840.386815698581,1096.58560997307,1073.83657974573,917.877987534291,570.087712549569,555.090082779363,1152.44305716161,1129.7123527695,1107.07949127423,1084.55059817419,1062.1322893124,805.062109405231,590.021186060297,1118.03398874989,1073.54552767919,977.880360780397,795.691523141977,778.620575119872,686.476510887299,707.548584904245,816.241385865725,816.241385865725,849.264387573151,1015.19702521235,1213.72360939384,1192.68604418766,1171.8041645258,1151.08644332213,650.480591562884,867.827747885489,955.24865872714,1269.35022747861,1248.24877328199,1227.29377086336,1185.85412256314,1165.38620208067,816.241385865725,1027.74023955472,1173.93568818739,1185.32695911297,1340.00932832574,1355.08302328677,1208.30459735946,1360.14705087354,1375,1200.26038841578,1201.04121494643,1226.01998352392,1234.14950471975
"2",50,0,25,50,474.341649025257,848.896342317482,855.131568824354,719.809002444399,1261.19982556294,1315.76973669408,1322.16678221774,965.660395791398,630.971473206198,998.123238883856,975,883.529852353615,838.525491562421,686.476510887299,665.676347784717,1007.78221853732,894.427190999916,548.292804986533,972.753822917186,905.883546599672,883.883476483184,1142.36596587959,1119.43065886191,961.769203083567,602.079728939615,585.768725692999,1198.17569663218,1175.26592735432,1152.44305716161,1129.7123527695,1107.07949127423,845.946215784432,620.987117418711,1162.9703349613,1118.03398874989,1020.41658159793,831.038506929733,813.17279836453,715.017482303754,735.272058492637,849.264387573151,785.015923405379,816.241385865725,976.281209488332,1256.23445264011,1234.90890352285,1213.72360939384,1192.68604418766,650.480591562884,835.53874835342,919.238815542512,1311.96417634019,1290.59094991403,1269.35022747861,1227.29377086336,1206.49285120137,840.386815698581,995.615387586994,1152.44305716161,1162.9703349613,1310.77267289183,1325.23582806986,1188.48643240047,1331.35269556943,1345.59466407979,1200.26038841578,1200,1225,1229.07485532819
"3",75,25,0,25,450.693909432999,873.212459828649,879.275269753449,743.303437365925,1285.49601321824,1340.00932832574,1346.29120178363,989.002022242624,651.920240520265,1021.33491079077,998.123238883856,906.228448019593,860.958767886128,707.548584904245,686.476510887299,1030.77640640442,916.856041044612,565.685424949238,995.301461869719,928.035559663529,905.883546599672,1165.38620208067,1142.36596587959,983.933432707721,618.970920156997,602.079728939615,1221.16747418198,1198.17569663218,1175.26592735432,1152.44305716161,1129.7123527695,866.746791167986,637.377439199098,1185.59057013794,1140.4494727957,1041.93329920874,849.264387573151,831.038506929733,730.154093325512,750,866.386172558173,770.146090037468,800.390529679106,957.209485953832,1277.69323391806,1256.23445264011,1234.90890352285,1213.72360939384,651.920240520265,820.060973342836,901.734439843572,1333.46353530946,1311.96417634019,1290.59094991403,1248.24877328199,1227.29377086336,853.302408293801,980.114789195633,1142.36596587959,1152.44305716161,1296.63024798899,1310.77267289183,1179.24764150708,1317.43121262554,1331.35269556943,1201.04121494643,1200.26038841578,1225.25507548428,1227.29377086336
"4",100,50,25,0,427.200187265877,897.566153550812,903.465549979633,766.893082508898,1309.81868974297,1364.27636496423,1370.44700736657,1012.42283656583,673.145600891813,1044.62912078881,1021.33491079077,929.045208803102,883.529852353615,728.868986855663,707.548584904245,1053.8619454179,939.414711402797,583.630876496438,1017.96365357512,950.328890437411,928.035559663529,1188.48643240047,1165.38620208067,1006.23058987491,636.396103067893,618.970920156997,1244.23671381293,1221.16747418198,1198.17569663218,1175.26592735432,1152.44305716161,887.764045228235,654.31261641512,1208.30459735946,1162.9703349613,1063.60236930913,867.827747885489,849.264387573151,745.821694508815,765.261393250698,883.883476483184,755.810822891549,785.015923405379,938.416218956173,1299.27864601863,1277.69323391806,1256.23445264011,1234.90890352285,654.31261641512,805.062109405231,884.590300647707,1355.08302328677,1333.46353530946,1311.96417634019,1269.35022747861,1248.24877328199,866.746791167986,965.012953280939,1132.75107592092,1142.36596587959,1282.81916106675,1296.63024798899,1170.46999107196,1303.84048104053,1317.43121262554,1202.3414656411,1201.04121494643,1226.01998352392,1226.01998352392
"5",522.015325445528,474.341649025257,450.693909432999,427.200187265877,0,1275.98001551748,1277.20397744448,1129.43569980765,1681.70300588421,1733.85408843997,1736.55549868123,1364.73440639562,995.301461869719,1393.28747930928,1368.6215693171,1270.08857958805,1220.91154470748,1049.40459309077,1025,1397.54248593737,1274.7548783982,862.046982478333,1353.23686027244,1279.89257361702,1255.48795294897,1529.70585407784,1505.19932234904,1334.16640641263,901.387818865997,877.852493303972,1583.70609647119,1559.24661295127,1534.80454781708,1510.38074669932,1485.97611017136,1195.04184027171,910.013736160065,1540.29218007494,1491.64338901763,1377.04393539204,1132.75107592092,1109.61705105861,972.753822917186,983.933432707721,1129.7123527695,475.657439761011,480.884601541784,561.805126356106,1604.8753845704,1581.13883008419,1557.44181271725,1533.7861650178,689.655711206686,505.593710403917,538.51648071345,1660.1957715884,1636.49778490531,1612.83911162893,1565.64683118512,1542.11705132911,1047.0195795686,649.037749287358,900.347155268455,901.387818865997,972.432516938836,980.433577556379,950,996.242942258564,1004.05428140116,1152.44305716161,1142.36596587959,1165.38620208067,1130.5419054595
"6",800.390529679106,848.896342317482,873.212459828649,897.566153550812,1275.98001551748,0,25,158.113883008419,412.310562561766,467.038542306735,474.341649025257,167.705098312484,335.410196624968,201.556443707464,190.394327646598,176.776695296637,190.394327646598,305.163890393343,325.960120260132,223.606797749979,201.556443707464,492.442890089805,230.488611432322,226.384628453435,230.488611432322,336.340601176843,320.156211871642,251.246890528022,493.0770730829,514.78150704935,388.908729652601,371.651718682963,355.316760088797,340.036762718386,325.960120260132,302.076149339864,506.211418282915,375,347.311099736245,328.823660949148,437.321392113398,450.693909432999,548.292804986533,565.685424949238,493.0770730829,1367.70793665899,1415.31798547182,1631.33381010755,514.78150704935,503.115294937453,492.442890089805,482.830197895699,917.877987534291,1423.02494707577,1542.11705132911,561.805126356106,548.862460002504,536.772763839597,515.388203202208,506.211418282915,660.018939122204,1559.84774898065,1553.22245670091,1574.20614914312,1801.73527467272,1823.62962248369,1560.64890350136,1814.00799336717,1835.75597506858,1280.62484748657,1296.38921624642,1315.76973669408,1380.67012714841
"7",807.000619578449,855.131568824354,879.275269753449,903.465549979633,1277.20397744448,25,0,152.069063257455,406.970514902493,460.977222864644,467.038542306735,145.773797371133,325,180.277563773199,167.705098312484,152.069063257455,167.705098312484,291.547594742265,313.249102153542,201.556443707464,176.776695296637,482.830197895699,206.155281280883,201.556443707464,206.155281280883,318.198051533946,301.039864469807,226.384628453435,480.884601541784,503.115294937453,371.651718682963,353.553390593274,336.340601176843,320.156211871642,305.163890393343,279.508497187474,493.0770730829,355.316760088797,325.960120260132,304.138126514911,416.082924427331,430.116263352131,531.507290636732,548.292804986533,471.69905660283,1360.14705087354,1408.01278403287,1625,493.0770730829,480.884601541784,469.707355701398,459.619407771256,905.883546599672,1415.31798547182,1535.00814330088,540.832691319598,527.375577743225,514.78150704935,492.442890089805,482.830197895699,640.312423743285,1550.80624192708,1539.68340901628,1560.8491278788,1789.72763290954,1811.76709319934,1546.36670941921,1801.73527467272,1823.62962248369,1261.19982556294,1277.20397744448,1296.38921624642,1362.21327258253
"8",673.145600891813,719.809002444399,743.303437365925,766.893082508898,1129.43569980765,158.113883008419,152.069063257455,0,552.268050859363,604.669331122391,608.276253029822,246.221445044903,180.277563773199,279.508497187474,257.390753524675,176.776695296637,145.773797371133,160.078105935821,176.776695296637,291.547594742265,195.256241897666,335.410196624968,265.753645318366,215.058131676066,201.556443707464,425,403.112887414927,265.753645318366,340.036762718386,360.555127546399,480.884601541784,458.938993767146,437.321392113398,416.082924427331,395.284707521047,226.384628453435,355.316760088797,450.693909432999,410.030486671418,340.036762718386,333.541601603158,340.036762718386,410.030486671418,430.116263352131,388.104367406501,1209.59704034029,1257.22909606802,1473.51620282914,565.685424949238,548.292804986533,531.507290636732,515.388203202208,763.216876123687,1264.91106406735,1384.06105356664,618.970920156997,601.040764008565,583.630876496438,550.567888638631,535.023363975817,536.772763839597,1402.007489281,1400.89257261219,1421.48689758295,1646.58738000751,1668.27006207029,1410.00886522036,1659.25435060451,1680.77363139716,1151.08644332213,1165.38620208067,1185.85412256314,1245.49187070812
"9",1212.69328356349,1261.19982556294,1285.49601321824,1309.81868974297,1681.70300588421,412.310562561766,406.970514902493,552.268050859363,0,55.9016994374947,70.7106781186548,328.823660949148,701.78344238091,309.232921921325,333.541601603158,431.566912540802,480.884601541784,654.31261641512,679.153885360306,316.227766016838,436.606229914325,855.862138431184,371.651718682963,443.001128666734,467.038542306735,230.488611432322,250,403.887360535088,838.525491562421,863.133825081604,215.058131676066,230.488611432322,247.487373415292,265.753645318366,285.043856274785,553.398590529466,843.35638967165,265.753645318366,301.039864469807,416.082924427331,682.825014187383,705.779710674655,845.946215784432,854.400374531753,726.722092687432,1730.7873930671,1779.92275113276,2001.56189012481,380.788655293195,391.311896062463,403.112887414927,416.082924427331,1250,1784.65682975747,1907.38695602125,388.104367406501,395.284707521047,403.887360535088,425,437.321392113398,905.883546599672,1910.00654449141,1858.0904176062,1880.99043059767,2121.61495092771,2144.90675788016,1856.23947808466,2130.874233736,2154.0659228538,1500,1520.07401135603,1535.00814330088,1615.93626111923
"10",1267.37918556366,1315.76973669408,1340.00932832574,1364.27636496423,1733.85408843997,467.038542306735,460.977222864644,604.669331122391,55.9016994374947,0,25,375.832409459323,750.416550990182,353.553390593274,378.318648760539,477.62432936357,527.375577743225,701.78344238091,726.722092687432,357.945526581909,480.884601541784,903.119593409422,412.310562561766,485.41219597369,509.901951359278,257.390753524675,279.508497187474,443.001128666734,883.883476483184,908.639092269312,230.488611432322,250,270.416345659799,291.547594742265,313.249102153542,594.243216200236,887.764045228235,285.043856274785,325.960120260132,447.213595499958,719.809002444399,743.303437365925,886.002257333467,893.378419260282,761.577310586391,1775.52809045647,1824.82875908947,2047.10160959343,381.608438061844,395.284707521047,410.030486671418,425.73465914816,1291.55913530895,1829.10497238403,1952.24230053546,380.788655293195,391.311896062463,403.112887414927,430.116263352131,445.112345369121,939.414711402797,1952.56241897666,1894.23467395146,1917.3549488814,2159.4270073332,2182.88799529431,1891.09756490774,2168.23661070465,2191.60329439431,1525.81945196671,1546.36670941921,1560.64890350136,1643.35784295448
"11",1274.01923062409,1322.16678221774,1346.29120178363,1370.44700736657,1736.55549868123,474.341649025257,467.038542306735,608.276253029822,70.7106781186548,25,0,375,750,350.891721190455,375.832409459323,475.657439761011,525.594901040716,700.446286306095,725.430906427345,353.553390593274,477.62432936357,901.387818865997,406.970514902493,480.884601541784,505.593710403917,246.221445044903,269.258240356725,436.606229914325,880.695747690427,905.538513813742,215.058131676066,235.849528301415,257.390753524675,279.508497187474,302.076149339864,588.430114796991,883.883476483184,270.416345659799,313.249102153542,436.606229914325,711.512473537885,735.272058492637,879.275269753449,886.002257333467,752.080447824566,1771.47537380569,1820.88577346301,2043.58753176858,360.555127546399,375,390.512483795333,406.970514902493,1285.49601321824,1824.82875908947,1948.2363819619,357.945526581909,369.120576505835,381.608438061844,410.030486671418,425.73465914816,929.045208803102,1946.95274724375,1884.80768249708,1908.04219030922,2150.87191622374,2174.42521140645,1880.99043059767,2159.4270073332,2182.88799529431,1511.6216457831,1532.3592920722,1546.36670941921,1629.80060130066
"12",919.238815542512,965.660395791398,989.002022242624,1012.42283656583,1364.73440639562,167.705098312484,145.773797371133,246.221445044903,328.823660949148,375.832409459323,375,0,375,35.3553390593274,25,103.077640640442,152.069063257455,325.960120260132,350.891721190455,55.9016994374947,111.803398874989,527.375577743225,79.0569415042095,125,145.773797371133,180.277563773199,160.078105935821,111.803398874989,509.901951359278,534.438958160799,235.849528301415,215.058131676066,195.256241897666,176.776695296637,160.078105935821,235.849528301415,515.388203202208,212.132034355964,180.277563773199,176.776695296637,375,395.284707521047,525.594901040716,536.772763839597,425.73465914816,1402.23036623802,1451.29252737,1672.75969583201,347.311099736245,335.410196624968,325,316.227766016838,925,1456.23658792107,1578.76534038469,395.284707521047,381.608438061844,369.120576505835,348.209706929603,340.036762718386,605.18592184551,1583.11401989876,1542.92741242095,1565.24758424985,1802.25553127186,1825.1712248444,1544.34452114805,1812.45689603919,1835.2452152233,1219.88728987559,1237.94184031399,1255.23902106332,1328.76822659183
"13",590.021186060297,630.971473206198,651.920240520265,673.145600891813,995.301461869719,335.410196624968,325,180.277563773199,701.78344238091,750.416550990182,750,375,0,400.780488547035,375.832409459323,276.134025429682,226.384628453435,55.9016994374947,35.3553390593274,403.112887414927,279.508497187474,158.113883008419,357.945526581909,285.043856274785,261.007662722764,534.438958160799,509.901951359278,340.036762718386,160.078105935821,180.277563773199,588.430114796991,564.025708633924,539.675828623073,515.388203202208,491.172067609713,215.058131676066,176.776695296637,546.008241696039,498.121471129282,391.311896062463,237.170824512628,230.488611432322,246.221445044903,269.258240356725,279.508497187474,1037.12342563458,1085.41466730462,1304.31974607456,626.498204307083,604.669331122391,583.09518948453,561.805126356106,583.09518948453,1092.01648339208,1212.69328356349,682.367203197809,660.492240681145,638.846616959032,596.343022093828,575.543221661067,388.104367406501,1226.01998352392,1220.65556157337,1241.21915873064,1466.71401438726,1488.49756466042,1230.09146001425,1479.2312192487,1500.83310198036,986.154146165801,999.062060134404,1020.41658159793,1075.29065838033
"14",951.971638232989,998.123238883856,1021.33491079077,1044.62912078881,1393.28747930928,201.556443707464,180.277563773199,279.508497187474,309.232921921325,353.553390593274,350.891721190455,35.3553390593274,400.780488547035,0,25,125,175,350,375,25,127.47548783982,550.567888638631,70.7106781186548,134.629120178363,158.113883008419,145.773797371133,125,106.066017177982,530.330085889911,555.090082779363,201.556443707464,180.277563773199,160.078105935821,141.42135623731,125,246.221445044903,534.438958160799,176.776695296637,145.773797371133,158.113883008419,381.608438061844,403.112887414927,538.51648071345,548.292804986533,430.116263352131,1422.14626533279,1471.39389695622,1693.55395544399,313.249102153542,302.076149339864,292.617497767991,285.043856274785,941.076511235936,1475.84721431454,1598.82769553195,360.555127546399,347.311099736245,335.410196624968,316.227766016838,309.232921921325,610.327780786685,1600.78105935821,1554.22810423696,1576.78470312215,1815.38563396321,1838.47763108502,1554.42915567098,1825.1712248444,1848.14095782762,1220.91154470748,1239.45552562405,1256.23445264011,1331.58739855858
"15",929.045208803102,975,998.123238883856,1021.33491079077,1368.6215693171,190.394327646598,167.705098312484,257.390753524675,333.541601603158,378.318648760539,375.832409459323,25,375.832409459323,25,0,100,150,325,350,35.3553390593274,103.077640640442,525.594901040716,55.9016994374947,111.803398874989,134.629120178363,167.705098312484,145.773797371133,90.1387818865997,505.593710403917,530.330085889911,223.606797749979,201.556443707464,180.277563773199,160.078105935821,141.42135623731,223.606797749979,509.901951359278,195.256241897666,160.078105935821,152.069063257455,360.555127546399,381.608438061844,515.388203202208,525.594901040716,410.030486671418,1397.54248593737,1446.76362962303,1668.83192682786,325.960120260132,313.249102153542,302.076149339864,292.617497767991,917.196816392207,1451.29252737,1574.20614914312,375,360.555127546399,347.311099736245,325,316.227766016838,590.021186060297,1576.58650254276,1531.74736820404,1554.22810423696,1792.34483289349,1815.38563396321,1532.3592920722,1802.25553127186,1825.1712248444,1202.60134708057,1220.91154470748,1237.94184031399,1312.44047484067
"16",838.525491562421,883.529852353615,906.228448019593,929.045208803102,1270.08857958805,176.776695296637,152.069063257455,176.776695296637,431.566912540802,477.62432936357,475.657439761011,103.077640640442,276.134025429682,125,100,0,50,225,250,127.47548783982,25,425.73465914816,90.1387818865997,50,55.9016994374947,261.007662722764,237.170824512628,90.1387818865997,406.970514902493,431.566912540802,316.227766016838,292.617497767991,269.258240356725,246.221445044903,223.606797749979,141.42135623731,412.310562561766,279.508497187474,235.849528301415,167.705098312484,282.842712474619,301.039864469807,425,437.321392113398,336.340601176843,1299.27864601863,1348.37865601618,1570.03184681076,388.908729652601,371.651718682963,355.316760088797,340.036762718386,822.344210169926,1353.23686027244,1475.84721431454,442.295150323853,424.264068711928,406.970514902493,375,360.555127546399,512.95711321708,1480.07601156157,1442.65380462535,1464.79520752903,1700.73513516949,1723.55011531432,1445.03460166184,1711.17649586476,1733.85408843997,1131.92314226718,1149.18449345612,1167.26175299288,1237.94184031399
"17",794.11900871343,838.525491562421,860.958767886128,883.529852353615,1220.91154470748,190.394327646598,167.705098312484,145.773797371133,480.884601541784,527.375577743225,525.594901040716,152.069063257455,226.384628453435,175,150,50,0,175,200,176.776695296637,55.9016994374947,375.832409459323,134.629120178363,70.7106781186548,55.9016994374947,309.232921921325,285.043856274785,125,357.945526581909,382.426463519459,364.005494464026,340.036762718386,316.227766016838,292.617497767991,269.258240356725,111.803398874989,364.005494464026,325,279.508497187474,195.256241897666,250,265.753645318366,381.608438061844,395.284707521047,305.163890393343,1250.249975005,1299.27864601863,1520.69063257455,425.73465914816,406.970514902493,388.908729652601,371.651718682963,775.403120963541,1304.31974607456,1426.75330733803,480.234317807464,460.977222864644,442.295150323853,406.970514902493,390.512483795333,477.62432936357,1432.00034916197,1398.66007306994,1420.60726451754,1655.29453572468,1677.98241945498,1402.007489281,1666.02070815461,1688.56447907683,1098.29413182444,1114.95515604889,1133.57840487546,1202.08152801713
"18",645.174395028197,686.476510887299,707.548584904245,728.868986855663,1049.40459309077,305.163890393343,291.547594742265,160.078105935821,654.31261641512,701.78344238091,700.446286306095,325.960120260132,55.9016994374947,350,325,225,175,0,25,350.891721190455,226.384628453435,201.556443707464,304.138126514911,230.488611432322,206.155281280883,480.884601541784,456.207189772366,285.043856274785,190.394327646598,213.600093632938,534.438958160799,509.901951359278,485.41219597369,460.977222864644,436.606229914325,160.078105935821,201.556443707464,491.172067609713,443.001128666734,335.410196624968,201.556443707464,200,250,270.416345659799,250,1079.35165724615,1128.05141726785,1348.37865601618,570.635610525666,548.862460002504,527.375577743225,506.211418282915,614.918693812442,1133.85404704486,1255.48795294897,626.498204307083,604.669331122391,583.09518948453,540.832691319598,520.21630116712,380.788655293195,1264.91106406735,1248.24877328199,1269.35022747861,1498.54095706457,1520.69063257455,1255.48795294897,1510.38074669932,1532.3592920722,991.526600752597,1005.60926805594,1026.21878758869,1085.41466730462
"19",625,665.676347784717,686.476510887299,707.548584904245,1025,325.960120260132,313.249102153542,176.776695296637,679.153885360306,726.722092687432,725.430906427345,350.891721190455,35.3553390593274,375,350,250,200,25,0,375.832409459323,251.246890528022,176.776695296637,328.823660949148,254.950975679639,230.488611432322,505.593710403917,480.884601541784,309.232921921325,167.705098312484,190.394327646598,559.016994374947,534.438958160799,509.901951359278,485.41219597369,460.977222864644,180.277563773199,180.277563773199,515.388203202208,467.038542306735,357.945526581909,206.155281280883,201.556443707464,235.849528301415,257.390753524675,251.246890528022,1055.04739230046,1103.68700273221,1323.82022948737,592.663479556485,570.635610525666,548.862460002504,527.375577743225,592.663479556485,1109.61705105861,1231.10722522451,648.556088553642,626.498204307083,604.669331122391,561.805126356106,540.832691319598,371.651718682963,1241.21915873064,1227.29377086336,1248.24877328199,1476.48230602334,1498.54095706457,1235.16193270356,1488.49756466042,1510.38074669932,977.880360780397,991.526600752597,1012.42283656583,1070.04672795163
"20",962.094070244693,1007.78221853732,1030.77640640442,1053.8619454179,1397.54248593737,223.606797749979,201.556443707464,291.547594742265,316.227766016838,357.945526581909,353.553390593274,55.9016994374947,403.112887414927,25,35.3553390593274,127.47548783982,176.776695296637,350.891721190455,375.832409459323,0,125,550,55.9016994374947,127.47548783982,152.069063257455,134.629120178363,111.803398874989,90.1387818865997,527.375577743225,552.268050859363,190.394327646598,167.705098312484,145.773797371133,125,106.066017177982,237.170824512628,530.330085889911,160.078105935821,125,134.629120178363,369.120576505835,391.311896062463,529.740502510427,538.51648071345,416.082924427331,1417.96509124872,1467.35305908292,1690.04437811556,291.547594742265,279.508497187474,269.258240356725,261.007662722764,934.07708461347,1471.39389695622,1594.71784338171,340.036762718386,325.960120260132,313.249102153542,292.617497767991,285.043856274785,596.343022093828,1594.71784338171,1543.53490404331,1566.24551076771,1805.89313083582,1829.10497238403,1542.92741242095,1815.38563396321,1838.47763108502,1204.15945787923,1222.9574808635,1239.45552562405,1315.76973669408
"21",850,894.427190999916,916.856041044612,939.414711402797,1274.7548783982,201.556443707464,176.776695296637,195.256241897666,436.606229914325,480.884601541784,477.62432936357,111.803398874989,279.508497187474,127.47548783982,103.077640640442,25,55.9016994374947,226.384628453435,251.246890528022,125,0,425,79.0569415042095,25,35.3553390593274,254.950975679639,230.488611432322,70.7106781186548,403.112887414927,427.931069215592,309.232921921325,285.043856274785,261.007662722764,237.170824512628,213.600093632938,125,406.970514902493,269.258240356725,223.606797749979,145.773797371133,265.753645318366,285.043856274785,413.823633931171,425,318.198051533946,1294.70073762241,1343.96800557156,1566.24551076771,371.651718682963,353.553390593274,336.340601176843,320.156211871642,814.324873745117,1348.37865601618,1471.39389695622,425.73465914816,406.970514902493,388.908729652601,355.316760088797,340.036762718386,496.23583103198,1473.51620282914,1431.12717813617,1453.44418537486,1690.59900626967,1713.54894881938,1432.65487818944,1700.73513516949,1723.55011531432,1113.83347049727,1131.37084989848,1149.18449345612,1220.91154470748
"22",515.388203202208,548.292804986533,565.685424949238,583.630876496438,862.046982478333,492.442890089805,482.830197895699,335.410196624968,855.862138431184,903.119593409422,901.387818865997,527.375577743225,158.113883008419,550.567888638631,525.594901040716,425.73465914816,375.832409459323,201.556443707464,176.776695296637,550,425,0,500.62460986252,425.73465914816,400.780488547035,676.849318534044,651.920240520265,477.62432936357,55.9016994374947,50,728.868986855663,704.006392016436,679.153885360306,654.31261641512,629.483915600709,333.541601603158,79.0569415042095,682.367203197809,632.949445058608,515.388203202208,285.043856274785,265.753645318366,182.002747232013,206.155281280883,301.039864469807,879.275269753449,927.698765763974,1147.27939055838,743.303437365925,719.809002444399,696.419413859206,673.145600891813,430.116263352131,934.07708461347,1055.04739230046,798.827265433523,775.403120963541,752.080447824566,705.779710674655,682.825014187383,328.823660949148,1068.00046816469,1070.04672795163,1090.01146782958,1311.96417634019,1333.46353530946,1081.95425041912,1325,1346.29120178363,873.212459828649,883.529852353615,906.228448019593,951.971638232989
"23",928.035559663529,972.753822917186,995.301461869719,1017.96365357512,1353.23686027244,230.488611432322,206.155281280883,265.753645318366,371.651718682963,412.310562561766,406.970514902493,79.0569415042095,357.945526581909,70.7106781186548,55.9016994374947,90.1387818865997,134.629120178363,304.138126514911,328.823660949148,55.9016994374947,79.0569415042095,500.62460986252,0,75,100,176.776695296637,152.069063257455,35.3553390593274,475.657439761011,500.62460986252,230.488611432322,206.155281280883,182.002747232013,158.113883008419,134.629120178363,182.002747232013,477.62432936357,190.394327646598,145.773797371133,100,313.249102153542,335.410196624968,474.341649025257,482.830197895699,360.555127546399,1364.73440639562,1414.21356237309,1637.26143300329,301.039864469807,285.043856274785,270.416345659799,257.390753524675,879.275269753449,1417.96509124872,1541.5090009468,353.553390593274,336.340601176843,320.156211871642,291.547594742265,279.508497187474,540.832691319598,1540.29218007494,1487.65755468118,1510.38074669932,1750.17856231871,1773.41478509682,1487.02723579631,1759.61643547678,1782.72964860071,1150.27170703273,1168.8669727561,1185.59057013794,1261.19982556294
"24",862.046982478333,905.883546599672,928.035559663529,950.328890437411,1279.89257361702,226.384628453435,201.556443707464,215.058131676066,443.001128666734,485.41219597369,480.884601541784,125,285.043856274785,134.629120178363,111.803398874989,50,70.7106781186548,230.488611432322,254.950975679639,127.47548783982,25,425.73465914816,75,0,25,251.246890528022,226.384628453435,55.9016994374947,400.780488547035,425.73465914816,304.138126514911,279.508497187474,254.950975679639,230.488611432322,206.155281280883,111.803398874989,403.112887414927,261.007662722764,213.600093632938,125,250,270.416345659799,403.887360535088,413.823633931171,301.039864469807,1290.59094991403,1340.00932832574,1562.84996080878,355.316760088797,336.340601176843,318.198051533946,301.039864469807,807.000619578449,1343.96800557156,1467.35305908292,410.030486671418,390.512483795333,371.651718682963,336.340601176843,320.156211871642,480.234317807464,1467.35305908292,1419.94718211629,1442.43717367517,1680.77363139716,1703.85592113887,1420.60726451754,1690.59900626967,1713.54894881938,1096.01551083915,1113.83347049727,1131.37084989848,1204.15945787923
"25",840.386815698581,883.883476483184,905.883546599672,928.035559663529,1255.48795294897,230.488611432322,206.155281280883,201.556443707464,467.038542306735,509.901951359278,505.593710403917,145.773797371133,261.007662722764,158.113883008419,134.629120178363,55.9016994374947,55.9016994374947,206.155281280883,230.488611432322,152.069063257455,35.3553390593274,400.780488547035,100,25,0,276.134025429682,251.246890528022,79.0569415042095,375.832409459323,400.780488547035,328.823660949148,304.138126514911,279.508497187474,254.950975679639,230.488611432322,90.1387818865997,378.318648760539,285.043856274785,237.170824512628,141.42135623731,230.488611432322,250,380.788655293195,391.311896062463,282.842712474619,1265.89889011722,1315.29464379659,1538.0588415272,375,355.316760088797,336.340601176843,318.198051533946,783.022988168291,1319.32748019588,1442.65380462535,430.116263352131,410.030486671418,390.512483795333,353.553390593274,336.340601176843,460.977222864644,1443.08696896618,1397.54248593737,1419.94718211629,1657.74696501004,1680.77363139716,1398.66007306994,1667.70800801579,1690.59900626967,1078.48273050615,1096.01551083915,1113.83347049727,1185.59057013794
"26",1096.58560997307,1142.36596587959,1165.38620208067,1188.48643240047,1529.70585407784,336.340601176843,318.198051533946,425,230.488611432322,257.390753524675,246.221445044903,180.277563773199,534.438958160799,145.773797371133,167.705098312484,261.007662722764,309.232921921325,480.884601541784,505.593710403917,134.629120178363,254.950975679639,676.849318534044,176.776695296637,251.246890528022,276.134025429682,0,25,200,650,675,55.9016994374947,35.3553390593274,25,35.3553390593274,55.9016994374947,350.891721190455,650.480591562884,50,70.7106781186548,190.394327646598,467.038542306735,491.172067609713,637.377439199098,642.748006609122,506.211418282915,1535.00814330088,1584.69239917405,1808.48693664068,201.556443707464,200,201.556443707464,206.155281280883,1044.32992871027,1587.64763093074,1711.72427686237,237.170824512628,230.488611432322,226.384628453435,226.384628453435,230.488611432322,682.825014187383,1706.23855307516,1638.78766165724,1662.07701385947,1905.41990122912,1929.05417238604,1634.77827242718,1913.76592090046,1937.29837660594,1270.08857958805,1290.34879005639,1305.03831361382,1386.76782483587
"27",1073.83657974573,1119.43065886191,1142.36596587959,1165.38620208067,1505.19932234904,320.156211871642,301.039864469807,403.112887414927,250,279.508497187474,269.258240356725,160.078105935821,509.901951359278,125,145.773797371133,237.170824512628,285.043856274785,456.207189772366,480.884601541784,111.803398874989,230.488611432322,651.920240520265,152.069063257455,226.384628453435,251.246890528022,25,0,175,625,650,79.0569415042095,55.9016994374947,35.3553390593274,25,35.3553390593274,325.960120260132,625.49980015984,55.9016994374947,55.9016994374947,167.705098312484,443.001128666734,467.038542306735,612.882533606563,618.465843842649,482.830197895699,1510.1738310539,1559.84774898065,1783.6058981737,206.155281280883,201.556443707464,200,201.556443707464,1019.80390271856,1562.84996080878,1686.89804078373,246.221445044903,237.170824512628,230.488611432322,225,226.384628453435,660.018939122204,1681.70300588421,1615.54944214035,1638.78766165724,1881.82092665588,1905.41990122912,1611.87003198149,1890.27114457159,1913.76592090046,1250,1270.08857958805,1285.00972758964,1366.10760923142
"28",917.877987534291,961.769203083567,983.933432707721,1006.23058987491,1334.16640641263,251.246890528022,226.384628453435,265.753645318366,403.887360535088,443.001128666734,436.606229914325,111.803398874989,340.036762718386,106.066017177982,90.1387818865997,90.1387818865997,125,285.043856274785,309.232921921325,90.1387818865997,70.7106781186548,477.62432936357,35.3553390593274,55.9016994374947,79.0569415042095,200,175,0,450,475,251.246890528022,226.384628453435,201.556443707464,176.776695296637,152.069063257455,152.069063257455,450.693909432999,206.155281280883,158.113883008419,79.0569415042095,279.508497187474,302.076149339864,443.001128666734,450.693909432999,325.960120260132,1336.50664046237,1386.09162756291,1609.54186028199,301.039864469807,282.842712474619,265.753645318366,250,848.896342317482,1389.46932315903,1513.27459504216,355.316760088797,336.340601176843,318.198051533946,285.043856274785,270.416345659799,506.211418282915,1510.38074669932,1454.51882077889,1477.32867026942,1717.73833863019,1741.04853464801,1453.44418537486,1726.99160391705,1750.17856231871,1114.95515604889,1133.57840487546,1150.27170703273,1226.01998352392
"29",570.087712549569,602.079728939615,618.970920156997,636.396103067893,901.387818865997,493.0770730829,480.884601541784,340.036762718386,838.525491562421,883.883476483184,880.695747690427,509.901951359278,160.078105935821,530.330085889911,505.593710403917,406.970514902493,357.945526581909,190.394327646598,167.705098312484,527.375577743225,403.112887414927,55.9016994374947,475.657439761011,400.780488547035,375.832409459323,650,625,450,0,25,700.446286306095,675.462804305315,650.480591562884,625.49980015984,600.520607473216,301.039864469807,25,651.920240520265,602.079728939615,480.884601541784,235.849528301415,215.058131676066,127.47548783982,152.069063257455,247.487373415292,892.328414878737,941.408519188137,1163.23901241318,704.006392016436,680.073525436772,656.220237420334,632.455532033676,425,946.374661537385,1068.8779163216,759.111322534449,735.272058492637,711.512473537885,664.266512779321,640.800280898815,276.134025429682,1075.29065838033,1060.95475869615,1081.6653826392,1308.86401127084,1330.88316542062,1070.04672795163,1320.98448136229,1342.80490019958,838.525491562421,850,872.13817712562,922.293337284836
"30",555.090082779363,585.768725692999,602.079728939615,618.970920156997,877.852493303972,514.78150704935,503.115294937453,360.555127546399,863.133825081604,908.639092269312,905.538513813742,534.438958160799,180.277563773199,555.090082779363,530.330085889911,431.566912540802,382.426463519459,213.600093632938,190.394327646598,552.268050859363,427.931069215592,50,500.62460986252,425.73465914816,400.780488547035,675,650,475,25,0,725.430906427345,700.446286306095,675.462804305315,650.480591562884,625.49980015984,325.960120260132,35.3553390593274,676.849318534044,626.996810199223,505.593710403917,257.390753524675,235.849528301415,134.629120178363,158.113883008419,265.753645318366,867.827747885489,916.856041044612,1138.52975367357,728.010988928052,704.006392016436,680.073525436772,656.220237420334,403.112887414927,921.954445729289,1044.32992871027,783.022988168291,759.111322534449,735.272058492637,687.84082460988,664.266512779321,279.508497187474,1051.48704224065,1040.43260233424,1060.95475869615,1286.95376762337,1308.86401127084,1050.29757688,1299.27864601863,1320.98448136229,827.647267862342,838.525491562421,860.958767886128,908.982948134892
"31",1152.44305716161,1198.17569663218,1221.16747418198,1244.23671381293,1583.70609647119,388.908729652601,371.651718682963,480.884601541784,215.058131676066,230.488611432322,215.058131676066,235.849528301415,588.430114796991,201.556443707464,223.606797749979,316.227766016838,364.005494464026,534.438958160799,559.016994374947,190.394327646598,309.232921921325,728.868986855663,230.488611432322,304.138126514911,328.823660949148,55.9016994374947,79.0569415042095,251.246890528022,700.446286306095,725.430906427345,0,25,50,75,100,400,700,55.9016994374947,103.077640640442,230.488611432322,509.901951359278,534.438958160799,682.367203197809,686.476510887299,546.008241696039,1582.12673322967,1631.90839203676,1856.07111932706,176.776695296637,182.002747232013,190.394327646598,201.556443707464,1089.1510455396,1634.39591286812,1758.72823369616,201.556443707464,200,201.556443707464,213.600093632938,223.606797749979,719.809002444399,1750.89262948931,1676.67826371072,1700.18381359193,1944.86503387767,1968.660712261,1671.26449133583,1952.72245851785,1976.42353760524,1296.63024798899,1317.43121262554,1331.35269556943,1415.09716980849
"32",1129.7123527695,1175.26592735432,1198.17569663218,1221.16747418198,1559.24661295127,371.651718682963,353.553390593274,458.938993767146,230.488611432322,250,235.849528301415,215.058131676066,564.025708633924,180.277563773199,201.556443707464,292.617497767991,340.036762718386,509.901951359278,534.438958160799,167.705098312484,285.043856274785,704.006392016436,206.155281280883,279.508497187474,304.138126514911,35.3553390593274,55.9016994374947,226.384628453435,675.462804305315,700.446286306095,25,0,25,50,75,375,675,35.3553390593274,79.0569415042095,206.155281280883,485.41219597369,509.901951359278,657.647321898295,661.910114743686,522.015325445528,1557.24115023974,1607.01586799882,1831.154007723,175,176.776695296637,182.002747232013,190.394327646598,1064.48344280219,1609.54186028199,1733.85408843997,206.155281280883,201.556443707464,200,206.155281280883,213.600093632938,696.419413859206,1726.26765016321,1653.21656173654,1676.67826371072,1921.09994534381,1944.86503387767,1648.10497238495,1929.05417238604,1952.72245851785,1275.98001551748,1296.63024798899,1310.77267289183,1393.96018594506
"33",1107.07949127423,1152.44305716161,1175.26592735432,1198.17569663218,1534.80454781708,355.316760088797,336.340601176843,437.321392113398,247.487373415292,270.416345659799,257.390753524675,195.256241897666,539.675828623073,160.078105935821,180.277563773199,269.258240356725,316.227766016838,485.41219597369,509.901951359278,145.773797371133,261.007662722764,679.153885360306,182.002747232013,254.950975679639,279.508497187474,25,35.3553390593274,201.556443707464,650.480591562884,675.462804305315,50,25,0,25,50,350,650,25,55.9016994374947,182.002747232013,460.977222864644,485.41219597369,632.949445058608,637.377439199098,498.121471129282,1532.3592920722,1582.12673322967,1806.23918681884,176.776695296637,175,176.776695296637,182.002747232013,1039.83171715427,1584.69239917405,1708.98361607126,213.600093632938,206.155281280883,201.556443707464,201.556443707464,206.155281280883,673.145600891813,1701.65360752416,1629.80060130066,1653.21656173654,1897.36659610103,1921.09994534381,1625,1905.41990122912,1929.05417238604,1255.48795294897,1275.98001551748,1290.34879005639,1372.9530217746
"34",1084.55059817419,1129.7123527695,1152.44305716161,1175.26592735432,1510.38074669932,340.036762718386,320.156211871642,416.082924427331,265.753645318366,291.547594742265,279.508497187474,176.776695296637,515.388203202208,141.42135623731,160.078105935821,246.221445044903,292.617497767991,460.977222864644,485.41219597369,125,237.170824512628,654.31261641512,158.113883008419,230.488611432322,254.950975679639,35.3553390593274,25,176.776695296637,625.49980015984,650.480591562884,75,50,25,0,25,325,625,35.3553390593274,35.3553390593274,158.113883008419,436.606229914325,460.977222864644,608.276253029822,612.882533606563,474.341649025257,1507.48134316813,1557.24115023974,1781.32675273236,182.002747232013,176.776695296637,175,176.776695296637,1015.19702521235,1559.84774898065,1684.11697930993,223.606797749979,213.600093632938,206.155281280883,200,201.556443707464,650,1677.05098312484,1606.43238264173,1629.80060130066,1873.66619225517,1897.36659610103,1601.95193436008,1881.82092665588,1905.41990122912,1235.16193270356,1255.48795294897,1270.08857958805,1352.081728299
"35",1062.1322893124,1107.07949127423,1129.7123527695,1152.44305716161,1485.97611017136,325.960120260132,305.163890393343,395.284707521047,285.043856274785,313.249102153542,302.076149339864,160.078105935821,491.172067609713,125,141.42135623731,223.606797749979,269.258240356725,436.606229914325,460.977222864644,106.066017177982,213.600093632938,629.483915600709,134.629120178363,206.155281280883,230.488611432322,55.9016994374947,35.3553390593274,152.069063257455,600.520607473216,625.49980015984,100,75,50,25,0,300,600,55.9016994374947,25,134.629120178363,412.310562561766,436.606229914325,583.630876496438,588.430114796991,450.693909432999,1482.60750031827,1532.3592920722,1756.41680702503,190.394327646598,182.002747232013,176.776695296637,175,990.580637807947,1535.00814330088,1659.25435060451,235.849528301415,223.606797749979,213.600093632938,201.556443707464,200,626.996810199223,1652.46028696607,1583.11401989876,1606.43238264173,1850,1873.66619225517,1578.96326746381,1858.25859341481,1881.82092665588,1215.01028802229,1235.16193270356,1250,1331.35269556943
"36",805.062109405231,845.946215784432,866.746791167986,887.764045228235,1195.04184027171,302.076149339864,279.508497187474,226.384628453435,553.398590529466,594.243216200236,588.430114796991,235.849528301415,215.058131676066,246.221445044903,223.606797749979,141.42135623731,111.803398874989,160.078105935821,180.277563773199,237.170824512628,125,333.541601603158,182.002747232013,111.803398874989,90.1387818865997,350.891721190455,325.960120260132,152.069063257455,301.039864469807,325.960120260132,400,375,350,325,300,0,300,350.891721190455,301.039864469807,182.002747232013,141.42135623731,160.078105935821,292.617497767991,302.076149339864,195.256241897666,1184.53577404821,1234.14950471975,1457.73797371133,413.823633931171,391.311896062463,369.120576505835,347.311099736245,697.316284049068,1237.43686707646,1361.2953390062,469.707355701398,447.213595499958,425,381.608438061844,360.555127546399,371.651718682963,1358.53781691935,1308.14754519511,1330.64833821713,1569.23548264752,1592.36459392942,1308.86401127084,1578.96326746381,1601.95193436008,990.580637807947,1007.78221853732,1025.91422643416,1096.58560997307
"37",590.021186060297,620.987117418711,637.377439199098,654.31261641512,910.013736160065,506.211418282915,493.0770730829,355.316760088797,843.35638967165,887.764045228235,883.883476483184,515.388203202208,176.776695296637,534.438958160799,509.901951359278,412.310562561766,364.005494464026,201.556443707464,180.277563773199,530.330085889911,406.970514902493,79.0569415042095,477.62432936357,403.112887414927,378.318648760539,650.480591562884,625.49980015984,450.693909432999,25,35.3553390593274,700,675,650,625,600,300,0,650.480591562884,600.520607473216,477.62432936357,223.606797749979,201.556443707464,103.077640640442,127.47548783982,230.488611432322,887.764045228235,937.083240699566,1159.74135047432,697.316284049068,673.145600891813,649.037749287358,625,413.823633931171,941.408519188137,1064.48344280219,752.080447824566,728.010988928052,704.006392016436,656.220237420334,632.455532033676,251.246890528022,1068.00046816469,1047.0195795686,1068.00046816469,1297.11217710728,1319.32748019588,1055.04739230046,1308.86401127084,1330.88316542062,816.241385865725,828.02475808396,850,901.387818865997
"38",1118.03398874989,1162.9703349613,1185.59057013794,1208.30459735946,1540.29218007494,375,355.316760088797,450.693909432999,265.753645318366,285.043856274785,270.416345659799,212.132034355964,546.008241696039,176.776695296637,195.256241897666,279.508497187474,325,491.172067609713,515.388203202208,160.078105935821,269.258240356725,682.367203197809,190.394327646598,261.007662722764,285.043856274785,50,55.9016994374947,206.155281280883,651.920240520265,676.849318534044,55.9016994374947,35.3553390593274,25,35.3553390593274,55.9016994374947,350.891721190455,650.480591562884,0,50,176.776695296637,456.207189772366,480.884601541784,629.483915600709,632.949445058608,491.172067609713,1530.11437480994,1579.9525309325,1804.33505757661,152.069063257455,150,152.069063257455,158.113883008419,1035.91746775503,1582.12673322967,1706.6048165876,190.394327646598,182.002747232013,176.776695296637,176.776695296637,182.002747232013,664.266512779321,1697.4245196768,1621.14928368735,1644.68842033985,1889.60974806969,1913.43931181525,1615.54944214035,1897.36659610103,1921.09994534381,1241.21915873064,1261.9429464124,1275.98001551748,1359.45761243225
"39",1073.54552767919,1118.03398874989,1140.4494727957,1162.9703349613,1491.64338901763,347.311099736245,325.960120260132,410.030486671418,301.039864469807,325.960120260132,313.249102153542,180.277563773199,498.121471129282,145.773797371133,160.078105935821,235.849528301415,279.508497187474,443.001128666734,467.038542306735,125,223.606797749979,632.949445058608,145.773797371133,213.600093632938,237.170824512628,70.7106781186548,55.9016994374947,158.113883008419,602.079728939615,626.996810199223,103.077640640442,79.0569415042095,55.9016994374947,35.3553390593274,25,301.039864469807,600.520607473216,50,0,127.47548783982,406.970514902493,431.566912540802,579.87067523716,583.630876496438,443.001128666734,1480.28713430875,1530.11437480994,1754.45860595228,167.705098312484,158.113883008419,152.069063257455,150,986.470982847443,1532.3592920722,1656.80415257809,215.058131676066,201.556443707464,190.394327646598,176.776695296637,175,617.454451761423,1648.10497238495,1574.20614914312,1597.65453086705,1842.04370197886,1865.81081570453,1569.23548264752,1850,1873.66619225517,1200.26038841578,1220.65556157337,1235.16193270356,1317.43121262554
"40",977.880360780397,1020.41658159793,1041.93329920874,1063.60236930913,1377.04393539204,328.823660949148,304.138126514911,340.036762718386,416.082924427331,447.213595499958,436.606229914325,176.776695296637,391.311896062463,158.113883008419,152.069063257455,167.705098312484,195.256241897666,335.410196624968,357.945526581909,134.629120178363,145.773797371133,515.388203202208,100,125,141.42135623731,190.394327646598,167.705098312484,79.0569415042095,480.884601541784,505.593710403917,230.488611432322,206.155281280883,182.002747232013,158.113883008419,134.629120178363,182.002747232013,477.62432936357,176.776695296637,127.47548783982,0,279.508497187474,304.138126514911,452.769256906871,456.207189772366,316.227766016838,1353.69863706809,1403.56688476182,1628.07401551649,235.849528301415,215.058131676066,195.256241897666,176.776695296637,859.142013871979,1405.56927968706,1530.11437480994,291.547594742265,270.416345659799,250,212.132034355964,195.256241897666,492.442890089805,1520.69063257455,1448.4905936871,1471.8186029535,1715.55384642978,1739.25271309261,1444.38568256543,1723.73141759382,1747.31937550066,1085.41466730462,1105.10180526502,1120.54674155075,1200.26038841578
"41",795.691523141977,831.038506929733,849.264387573151,867.827747885489,1132.75107592092,437.321392113398,416.082924427331,333.541601603158,682.825014187383,719.809002444399,711.512473537885,375,237.170824512628,381.608438061844,360.555127546399,282.842712474619,250,201.556443707464,206.155281280883,369.120576505835,265.753645318366,285.043856274785,313.249102153542,250,230.488611432322,467.038542306735,443.001128666734,279.508497187474,235.849528301415,257.390753524675,509.901951359278,485.41219597369,460.977222864644,436.606229914325,412.310562561766,141.42135623731,223.606797749979,456.207189772366,406.970514902493,279.508497187474,0,25,175,176.776695296637,55.9016994374947,1076.16216250154,1126.11056295552,1350.92560861063,480.884601541784,456.207189772366,431.566912540802,406.970514902493,579.87067523716,1127.49722837797,1252.24797863682,534.438958160799,509.901951359278,485.41219597369,436.606229914325,412.310562561766,230.488611432322,1241.21915873064,1175.26592735432,1198.17569663218,1439.6180048888,1463.08748883995,1173.93568818739,1448.4905936871,1471.8186029535,849.264387573151,866.386172558173,884.590300647707,955.24865872714
"42",778.620575119872,813.17279836453,831.038506929733,849.264387573151,1109.61705105861,450.693909432999,430.116263352131,340.036762718386,705.779710674655,743.303437365925,735.272058492637,395.284707521047,230.488611432322,403.112887414927,381.608438061844,301.039864469807,265.753645318366,200,201.556443707464,391.311896062463,285.043856274785,265.753645318366,335.410196624968,270.416345659799,250,491.172067609713,467.038542306735,302.076149339864,215.058131676066,235.849528301415,534.438958160799,509.901951359278,485.41219597369,460.977222864644,436.606229914325,160.078105935821,201.556443707464,480.884601541784,431.566912540802,304.138126514911,25,0,150,152.069063257455,50,1051.18980208143,1101.13577727726,1325.94306061761,505.593710403917,480.884601541784,456.207189772366,431.566912540802,555.090082779363,1102.55385356,1227.29377086336,559.016994374947,534.438958160799,509.901951359278,460.977222864644,436.606229914325,212.132034355964,1216.55250605964,1152.44305716161,1175.26592735432,1416.20090382685,1439.6180048888,1151.6292806281,1425.21928137392,1448.4905936871,832.541290267336,849.264387573151,867.827747885489,937.083240699566
"43",686.476510887299,715.017482303754,730.154093325512,745.821694508815,972.753822917186,548.292804986533,531.507290636732,410.030486671418,845.946215784432,886.002257333467,879.275269753449,525.594901040716,246.221445044903,538.51648071345,515.388203202208,425,381.608438061844,250,235.849528301415,529.740502510427,413.823633931171,182.002747232013,474.341649025257,403.887360535088,380.788655293195,637.377439199098,612.882533606563,443.001128666734,127.47548783982,134.629120178363,682.367203197809,657.647321898295,632.949445058608,608.276253029822,583.630876496438,292.617497767991,103.077640640442,629.483915600709,579.87067523716,452.769256906871,175,150,0,25,158.113883008419,901.387818865997,951.314879522022,1176.06334863391,654.31261641512,629.483915600709,604.669331122391,579.87067523716,406.970514902493,952.955927627296,1077.61310311262,707.106781186547,682.367203197809,657.647321898295,608.276253029822,583.630876496438,150,1068.8779163216,1017.65662185238,1039.83171715427,1276.95927891221,1300,1020.41658159793,1286.95376762337,1309.81868974297,742.041103982792,755.810822891549,776.611228350453,835.53874835342
"44",707.548584904245,735.272058492637,750,765.261393250698,983.933432707721,565.685424949238,548.292804986533,430.116263352131,854.400374531753,893.378419260282,886.002257333467,536.772763839597,269.258240356725,548.292804986533,525.594901040716,437.321392113398,395.284707521047,270.416345659799,257.390753524675,538.51648071345,425,206.155281280883,482.830197895699,413.823633931171,391.311896062463,642.748006609122,618.465843842649,450.693909432999,152.069063257455,158.113883008419,686.476510887299,661.910114743686,637.377439199098,612.882533606563,588.430114796991,302.076149339864,127.47548783982,632.949445058608,583.630876496438,456.207189772366,176.776695296637,152.069063257455,25,0,152.069063257455,900.347155268455,950.328890437411,1175.26592735432,651.920240520265,626.996810199223,602.079728939615,577.16981903076,403.112887414927,951.314879522022,1076.16216250154,704.006392016436,679.153885360306,654.31261641512,604.669331122391,579.87067523716,125,1064.48344280219,1006.23058987491,1028.65203057205,1267.37918556366,1290.59094991403,1007.78221853732,1276.95927891221,1300,721.110255092798,735.272058492637,755.810822891549,816.241385865725
"45",816.241385865725,849.264387573151,866.386172558173,883.883476483184,1129.7123527695,493.0770730829,471.69905660283,388.104367406501,726.722092687432,761.577310586391,752.080447824566,425.73465914816,279.508497187474,430.116263352131,410.030486671418,336.340601176843,305.163890393343,250,251.246890528022,416.082924427331,318.198051533946,301.039864469807,360.555127546399,301.039864469807,282.842712474619,506.211418282915,482.830197895699,325.960120260132,247.487373415292,265.753645318366,546.008241696039,522.015325445528,498.121471129282,474.341649025257,450.693909432999,195.256241897666,230.488611432322,491.172067609713,443.001128666734,316.227766016838,55.9016994374947,50,158.113883008419,152.069063257455,0,1050,1100,1325,500.62460986252,475.657439761011,450.693909432999,425.73465914816,550.567888638631,1100.28405423327,1225.25507548428,552.268050859363,527.375577743225,502.493781056044,452.769256906871,427.931069215592,180.277563773199,1209.33866224478,1132.75107592092,1155.96280216969,1399.33019691565,1423.02494707577,1129.7123527695,1407.56882602592,1431.12717813617,795.691523141977,813.17279836453,831.038506929733,903.119593409422
"46",816.241385865725,785.015923405379,770.146090037468,755.810822891549,475.657439761011,1367.70793665899,1360.14705087354,1209.59704034029,1730.7873930671,1775.52809045647,1771.47537380569,1402.23036623802,1037.12342563458,1422.14626533279,1397.54248593737,1299.27864601863,1250.249975005,1079.35165724615,1055.04739230046,1417.96509124872,1294.70073762241,879.275269753449,1364.73440639562,1290.59094991403,1265.89889011722,1535.00814330088,1510.1738310539,1336.50664046237,892.328414878737,867.827747885489,1582.12673322967,1557.24115023974,1532.3592920722,1507.48134316813,1482.60750031827,1184.53577404821,887.764045228235,1530.11437480994,1480.28713430875,1353.69863706809,1076.16216250154,1051.18980208143,901.387818865997,900.347155268455,1050,0,50,275,1550.20159979275,1525.20490426696,1500.20831886775,1475.21184919319,500.62460986252,55.9016994374947,176.776695296637,1600.78105935821,1575.79345093194,1550.80624192708,1500.83310198036,1475.84721431454,905.538513813742,212.132034355964,425,425.73465914816,527.375577743225,540.832691319598,475.657439761011,548.862460002504,561.805126356106,761.987532706409,745.821694508815,765.261393250698,707.548584904245
"47",849.264387573151,816.241385865725,800.390529679106,785.015923405379,480.884601541784,1415.31798547182,1408.01278403287,1257.22909606802,1779.92275113276,1824.82875908947,1820.88577346301,1451.29252737,1085.41466730462,1471.39389695622,1446.76362962303,1348.37865601618,1299.27864601863,1128.05141726785,1103.68700273221,1467.35305908292,1343.96800557156,927.698765763974,1414.21356237309,1340.00932832574,1315.29464379659,1584.69239917405,1559.84774898065,1386.09162756291,941.408519188137,916.856041044612,1631.90839203676,1607.01586799882,1582.12673322967,1557.24115023974,1532.3592920722,1234.14950471975,937.083240699566,1579.9525309325,1530.11437480994,1403.56688476182,1126.11056295552,1101.13577727726,951.314879522022,950.328890437411,1100,50,0,225,1600.19530058053,1575.19840020234,1550.20159979275,1525.20490426696,550.567888638631,25,127.47548783982,1650.75740192192,1625.76904878891,1600.78105935821,1550.80624192708,1525.81945196671,955.24865872714,180.277563773199,427.931069215592,425.73465914816,503.115294937453,514.78150704935,480.884601541784,525.594901040716,536.772763839597,795.691523141977,778.620575119872,797.260935955099,735.272058492637
"48",1015.19702521235,976.281209488332,957.209485953832,938.416218956173,561.805126356106,1631.33381010755,1625,1473.51620282914,2001.56189012481,2047.10160959343,2043.58753176858,1672.75969583201,1304.31974607456,1693.55395544399,1668.83192682786,1570.03184681076,1520.69063257455,1348.37865601618,1323.82022948737,1690.04437811556,1566.24551076771,1147.27939055838,1637.26143300329,1562.84996080878,1538.0588415272,1808.48693664068,1783.6058981737,1609.54186028199,1163.23901241318,1138.52975367357,1856.07111932706,1831.154007723,1806.23918681884,1781.32675273236,1756.41680702503,1457.73797371133,1159.74135047432,1804.33505757661,1754.45860595228,1628.07401551649,1350.92560861063,1325.94306061761,1176.06334863391,1175.26592735432,1325,275,225,0,1825.1712248444,1800.17360273947,1775.17604760767,1750.17856231871,775.403120963541,226.384628453435,103.077640640442,1875.66654819027,1850.67555233217,1825.68480302598,1775.70408570798,1750.71414000116,1179.24764150708,195.256241897666,506.211418282915,493.0770730829,450,450.693909432999,561.805126356106,475,475.657439761011,965.012953280939,945.05290857179,960.468635614927,884.590300647707
"49",1213.72360939384,1256.23445264011,1277.69323391806,1299.27864601863,1604.8753845704,514.78150704935,493.0770730829,565.685424949238,380.788655293195,381.608438061844,360.555127546399,347.311099736245,626.498204307083,313.249102153542,325.960120260132,388.908729652601,425.73465914816,570.635610525666,592.663479556485,291.547594742265,371.651718682963,743.303437365925,301.039864469807,355.316760088797,375,201.556443707464,206.155281280883,301.039864469807,704.006392016436,728.010988928052,176.776695296637,175,176.776695296637,182.002747232013,190.394327646598,413.823633931171,697.316284049068,152.069063257455,167.705098312484,235.849528301415,480.884601541784,505.593710403917,654.31261641512,651.920240520265,500.62460986252,1550.20159979275,1600.19530058053,1825.1712248444,0,25,50,75,1050,1600,1725,55.9016994374947,35.3553390593274,25,55.9016994374947,79.0569415042095,654.31261641512,1704.58939337308,1600.78105935821,1625,1873.83297014435,1898.18992727282,1590.00786161578,1879.66087366844,1903.94327646598,1185.32695911297,1207.52846757333,1219.11853402366,1308.14754519511
"50",1192.68604418766,1234.90890352285,1256.23445264011,1277.69323391806,1581.13883008419,503.115294937453,480.884601541784,548.292804986533,391.311896062463,395.284707521047,375,335.410196624968,604.669331122391,302.076149339864,313.249102153542,371.651718682963,406.970514902493,548.862460002504,570.635610525666,279.508497187474,353.553390593274,719.809002444399,285.043856274785,336.340601176843,355.316760088797,200,201.556443707464,282.842712474619,680.073525436772,704.006392016436,182.002747232013,176.776695296637,175,176.776695296637,182.002747232013,391.311896062463,673.145600891813,150,158.113883008419,215.058131676066,456.207189772366,480.884601541784,629.483915600709,626.996810199223,475.657439761011,1525.20490426696,1575.19840020234,1800.17360273947,25,0,25,50,1025,1575,1700,79.0569415042095,55.9016994374947,35.3553390593274,35.3553390593274,55.9016994374947,629.483915600709,1679.65770322408,1576.58650254276,1600.78105935821,1849.49317381817,1873.83297014435,1566.04597633658,1855.39753152795,1879.66087366844,1163.23901241318,1185.32695911297,1197.13198938129,1285.73908706238
"51",1171.8041645258,1213.72360939384,1234.90890352285,1256.23445264011,1557.44181271725,492.442890089805,469.707355701398,531.507290636732,403.112887414927,410.030486671418,390.512483795333,325,583.09518948453,292.617497767991,302.076149339864,355.316760088797,388.908729652601,527.375577743225,548.862460002504,269.258240356725,336.340601176843,696.419413859206,270.416345659799,318.198051533946,336.340601176843,201.556443707464,200,265.753645318366,656.220237420334,680.073525436772,190.394327646598,182.002747232013,176.776695296637,175,176.776695296637,369.120576505835,649.037749287358,152.069063257455,152.069063257455,195.256241897666,431.566912540802,456.207189772366,604.669331122391,602.079728939615,450.693909432999,1500.20831886775,1550.20159979275,1775.17604760767,50,25,0,25,1000,1550,1675,103.077640640442,79.0569415042095,55.9016994374947,25,35.3553390593274,604.669331122391,1654.72807433729,1552.417469626,1576.58650254276,1825.1712248444,1849.49317381817,1542.11705132911,1831.154007723,1855.39753152795,1141.27122105133,1163.23901241318,1175.26592735432,1263.42787684933
"52",1151.08644332213,1192.68604418766,1213.72360939384,1234.90890352285,1533.7861650178,482.830197895699,459.619407771256,515.388203202208,416.082924427331,425.73465914816,406.970514902493,316.227766016838,561.805126356106,285.043856274785,292.617497767991,340.036762718386,371.651718682963,506.211418282915,527.375577743225,261.007662722764,320.156211871642,673.145600891813,257.390753524675,301.039864469807,318.198051533946,206.155281280883,201.556443707464,250,632.455532033676,656.220237420334,201.556443707464,190.394327646598,182.002747232013,176.776695296637,175,347.311099736245,625,158.113883008419,150,176.776695296637,406.970514902493,431.566912540802,579.87067523716,577.16981903076,425.73465914816,1475.21184919319,1525.20490426696,1750.17856231871,75,50,25,0,975,1525,1650,127.47548783982,103.077640640442,79.0569415042095,35.3553390593274,25,579.87067523716,1629.80060130066,1528.27517155779,1552.417469626,1800.8678463452,1825.1712248444,1518.2226450689,1806.93109995927,1831.154007723,1119.43065886191,1141.27122105133,1153.52719950593,1241.21915873064
"53",650.480591562884,650.480591562884,651.920240520265,654.31261641512,689.655711206686,917.877987534291,905.883546599672,763.216876123687,1250,1291.55913530895,1285.49601321824,925,583.09518948453,941.076511235936,917.196816392207,822.344210169926,775.403120963541,614.918693812442,592.663479556485,934.07708461347,814.324873745117,430.116263352131,879.275269753449,807.000619578449,783.022988168291,1044.32992871027,1019.80390271856,848.896342317482,425,403.112887414927,1089.1510455396,1064.48344280219,1039.83171715427,1015.19702521235,990.580637807947,697.316284049068,413.823633931171,1035.91746775503,986.470982847443,859.142013871979,579.87067523716,555.090082779363,406.970514902493,403.112887414927,550.567888638631,500.62460986252,550.567888638631,775.403120963541,1050,1025,1000,975,0,550,675,1100.28405423327,1075.29065838033,1050.29757688,1000.31245118713,975.320460156558,406.970514902493,661.910114743686,640.312423743285,660.018939122204,883.883476483184,905.883546599672,654.31261641512,896.172416446746,917.877987534291,550,550.567888638631,575.543221661067,588.430114796991
"54",867.827747885489,835.53874835342,820.060973342836,805.062109405231,505.593710403917,1423.02494707577,1415.31798547182,1264.91106406735,1784.65682975747,1829.10497238403,1824.82875908947,1456.23658792107,1092.01648339208,1475.84721431454,1451.29252737,1353.23686027244,1304.31974607456,1133.85404704486,1109.61705105861,1471.39389695622,1348.37865601618,934.07708461347,1417.96509124872,1343.96800557156,1319.32748019588,1587.64763093074,1562.84996080878,1389.46932315903,946.374661537385,921.954445729289,1634.39591286812,1609.54186028199,1584.69239917405,1559.84774898065,1535.00814330088,1237.43686707646,941.408519188137,1582.12673322967,1532.3592920722,1405.56927968706,1127.49722837797,1102.55385356,952.955927627296,951.314879522022,1100.28405423327,55.9016994374947,25,226.384628453435,1600,1575,1550,1525,550,0,125,1650.18938307093,1625.1922963145,1600.19530058053,1550.20159979275,1525.20490426696,952.955927627296,160.078105935821,403.112887414927,400.780488547035,480.884601541784,493.0770730829,456.207189772366,503.115294937453,514.78150704935,777.817459305202,760.345316287277,778.620575119872,715.017482303754
"55",955.24865872714,919.238815542512,901.734439843572,884.590300647707,538.51648071345,1542.11705132911,1535.00814330088,1384.06105356664,1907.38695602125,1952.24230053546,1948.2363819619,1578.76534038469,1212.69328356349,1598.82769553195,1574.20614914312,1475.84721431454,1426.75330733803,1255.48795294897,1231.10722522451,1594.71784338171,1471.39389695622,1055.04739230046,1541.5090009468,1467.35305908292,1442.65380462535,1711.72427686237,1686.89804078373,1513.27459504216,1068.8779163216,1044.32992871027,1758.72823369616,1733.85408843997,1708.98361607126,1684.11697930993,1659.25435060451,1361.2953390062,1064.48344280219,1706.6048165876,1656.80415257809,1530.11437480994,1252.24797863682,1227.29377086336,1077.61310311262,1076.16216250154,1225.25507548428,176.776695296637,127.47548783982,103.077640640442,1725,1700,1675,1650,675,125,0,1775.17604760767,1750.17856231871,1725.18114990861,1675.1865567751,1650.18938307093,1077.61310311262,127.47548783982,436.606229914325,427.200187265877,436.606229914325,443.001128666734,492.442890089805,460.977222864644,467.038542306735,870.7037383634,851.46931829632,867.827747885489,795.691523141977
"56",1269.35022747861,1311.96417634019,1333.46353530946,1355.08302328677,1660.1957715884,561.805126356106,540.832691319598,618.970920156997,388.104367406501,380.788655293195,357.945526581909,395.284707521047,682.367203197809,360.555127546399,375,442.295150323853,480.234317807464,626.498204307083,648.556088553642,340.036762718386,425.73465914816,798.827265433523,353.553390593274,410.030486671418,430.116263352131,237.170824512628,246.221445044903,355.316760088797,759.111322534449,783.022988168291,201.556443707464,206.155281280883,213.600093632938,223.606797749979,235.849528301415,469.707355701398,752.080447824566,190.394327646598,215.058131676066,291.547594742265,534.438958160799,559.016994374947,707.106781186547,704.006392016436,552.268050859363,1600.78105935821,1650.75740192192,1875.66654819027,55.9016994374947,79.0569415042095,103.077640640442,127.47548783982,1100.28405423327,1650.18938307093,1775.17604760767,0,25,50,100,125,701.78344238091,1752.85481429581,1643.35784295448,1667.70800801579,1917.19195700378,1941.64878389476,1631.33381010755,1922.56339297304,1946.95274724375,1218.86217432489,1241.47090179351,1252.24797863682,1342.80490019958
"57",1248.24877328199,1290.59094991403,1311.96417634019,1333.46353530946,1636.49778490531,548.862460002504,527.375577743225,601.040764008565,395.284707521047,391.311896062463,369.120576505835,381.608438061844,660.492240681145,347.311099736245,360.555127546399,424.264068711928,460.977222864644,604.669331122391,626.498204307083,325.960120260132,406.970514902493,775.403120963541,336.340601176843,390.512483795333,410.030486671418,230.488611432322,237.170824512628,336.340601176843,735.272058492637,759.111322534449,200,201.556443707464,206.155281280883,213.600093632938,223.606797749979,447.213595499958,728.010988928052,182.002747232013,201.556443707464,270.416345659799,509.901951359278,534.438958160799,682.367203197809,679.153885360306,527.375577743225,1575.79345093194,1625.76904878891,1850.67555233217,35.3553390593274,55.9016994374947,79.0569415042095,103.077640640442,1075.29065838033,1625.1922963145,1750.17856231871,25,0,25,75,100,676.849318534044,1727.89611956275,1619.02748586922,1643.35784295448,1892.74932307477,1917.19195700378,1607.21031604454,1898.18992727282,1922.56339297304,1196.34861140054,1218.86217432489,1229.83738762488,1320.03787824441
"58",1227.29377086336,1269.35022747861,1290.59094991403,1311.96417634019,1612.83911162893,536.772763839597,514.78150704935,583.630876496438,403.887360535088,403.112887414927,381.608438061844,369.120576505835,638.846616959032,335.410196624968,347.311099736245,406.970514902493,442.295150323853,583.09518948453,604.669331122391,313.249102153542,388.908729652601,752.080447824566,320.156211871642,371.651718682963,390.512483795333,226.384628453435,230.488611432322,318.198051533946,711.512473537885,735.272058492637,201.556443707464,200,201.556443707464,206.155281280883,213.600093632938,425,704.006392016436,176.776695296637,190.394327646598,250,485.41219597369,509.901951359278,657.647321898295,654.31261641512,502.493781056044,1550.80624192708,1600.78105935821,1825.68480302598,25,35.3553390593274,55.9016994374947,79.0569415042095,1050.29757688,1600.19530058053,1725.18114990861,50,25,0,50,75,651.920240520265,1702.93863659264,1594.71784338171,1619.02748586922,1868.32143915334,1892.74932307477,1583.11401989876,1873.83297014435,1898.18992727282,1173.93568818739,1196.34861140054,1207.52846757333,1297.35307453291
"59",1185.85412256314,1227.29377086336,1248.24877328199,1269.35022747861,1565.64683118512,515.388203202208,492.442890089805,550.567888638631,425,430.116263352131,410.030486671418,348.209706929603,596.343022093828,316.227766016838,325,375,406.970514902493,540.832691319598,561.805126356106,292.617497767991,355.316760088797,705.779710674655,291.547594742265,336.340601176843,353.553390593274,226.384628453435,225,285.043856274785,664.266512779321,687.84082460988,213.600093632938,206.155281280883,201.556443707464,200,201.556443707464,381.608438061844,656.220237420334,176.776695296637,176.776695296637,212.132034355964,436.606229914325,460.977222864644,608.276253029822,604.669331122391,452.769256906871,1500.83310198036,1550.80624192708,1775.70408570798,55.9016994374947,35.3553390593274,25,35.3553390593274,1000.31245118713,1550.20159979275,1675.1865567751,100,75,50,0,25,602.079728939615,1653.02752548165,1546.16460960662,1570.42987745394,1819.51229729288,1843.90889145858,1535.00814330088,1825.1712248444,1849.49317381817,1129.43569980765,1151.6292806281,1163.23901241318,1252.24797863682
"60",1165.38620208067,1206.49285120137,1227.29377086336,1248.24877328199,1542.11705132911,506.211418282915,482.830197895699,535.023363975817,437.321392113398,445.112345369121,425.73465914816,340.036762718386,575.543221661067,309.232921921325,316.227766016838,360.555127546399,390.512483795333,520.21630116712,540.832691319598,285.043856274785,340.036762718386,682.825014187383,279.508497187474,320.156211871642,336.340601176843,230.488611432322,226.384628453435,270.416345659799,640.800280898815,664.266512779321,223.606797749979,213.600093632938,206.155281280883,201.556443707464,200,360.555127546399,632.455532033676,182.002747232013,175,195.256241897666,412.310562561766,436.606229914325,583.630876496438,579.87067523716,427.931069215592,1475.84721431454,1525.81945196671,1750.71414000116,79.0569415042095,55.9016994374947,35.3553390593274,25,975.320460156558,1525.20490426696,1650.18938307093,125,100,75,25,0,577.16981903076,1628.07401551649,1521.92312552244,1546.16460960662,1795.13230710162,1819.51229729288,1511.00132362616,1800.8678463452,1825.1712248444,1107.3617295175,1129.43569980765,1141.27122105133,1229.83738762488
"61",816.241385865725,840.386815698581,853.302408293801,866.746791167986,1047.0195795686,660.018939122204,640.312423743285,536.772763839597,905.883546599672,939.414711402797,929.045208803102,605.18592184551,388.104367406501,610.327780786685,590.021186060297,512.95711321708,477.62432936357,380.788655293195,371.651718682963,596.343022093828,496.23583103198,328.823660949148,540.832691319598,480.234317807464,460.977222864644,682.825014187383,660.018939122204,506.211418282915,276.134025429682,279.508497187474,719.809002444399,696.419413859206,673.145600891813,650,626.996810199223,371.651718682963,251.246890528022,664.266512779321,617.454451761423,492.442890089805,230.488611432322,212.132034355964,150,125,180.277563773199,905.538513813742,955.24865872714,1179.24764150708,654.31261641512,629.483915600709,604.669331122391,579.87067523716,406.970514902493,952.955927627296,1077.61310311262,701.78344238091,676.849318534044,651.920240520265,602.079728939615,577.16981903076,0,1051.18980208143,956.882960450232,980.433577556379,1226.01998352392,1250,951.971638232989,1233.3896383544,1257.22909606802,620.987117418711,637.377439199098,656.220237420334,725
"62",1027.74023955472,995.615387586994,980.114789195633,965.012953280939,649.037749287358,1559.84774898065,1550.80624192708,1402.007489281,1910.00654449141,1952.56241897666,1946.95274724375,1583.11401989876,1226.01998352392,1600.78105935821,1576.58650254276,1480.07601156157,1432.00034916197,1264.91106406735,1241.21915873064,1594.71784338171,1473.51620282914,1068.00046816469,1540.29218007494,1467.35305908292,1443.08696896618,1706.23855307516,1681.70300588421,1510.38074669932,1075.29065838033,1051.48704224065,1750.89262948931,1726.26765016321,1701.65360752416,1677.05098312484,1652.46028696607,1358.53781691935,1068.00046816469,1697.4245196768,1648.10497238495,1520.69063257455,1241.21915873064,1216.55250605964,1068.8779163216,1064.48344280219,1209.33866224478,212.132034355964,180.277563773199,195.256241897666,1704.58939337308,1679.65770322408,1654.72807433729,1629.80060130066,661.910114743686,160.078105935821,127.47548783982,1752.85481429581,1727.89611956275,1702.93863659264,1653.02752548165,1628.07401551649,1051.18980208143,0,313.249102153542,302.076149339864,325,335.410196624968,369.120576505835,348.209706929603,357.945526581909,776.611228350453,755.810822891549,770.146090037468,691.465834296967
"63",1173.93568818739,1152.44305716161,1142.36596587959,1132.75107592092,900.347155268455,1553.22245670091,1539.68340901628,1400.89257261219,1858.0904176062,1894.23467395146,1884.80768249708,1542.92741242095,1220.65556157337,1554.22810423696,1531.74736820404,1442.65380462535,1398.66007306994,1248.24877328199,1227.29377086336,1543.53490404331,1431.12717813617,1070.04672795163,1487.65755468118,1419.94718211629,1397.54248593737,1638.78766165724,1615.54944214035,1454.51882077889,1060.95475869615,1040.43260233424,1676.67826371072,1653.21656173654,1629.80060130066,1606.43238264173,1583.11401989876,1308.14754519511,1047.0195795686,1621.14928368735,1574.20614914312,1448.4905936871,1175.26592735432,1152.44305716161,1017.65662185238,1006.23058987491,1132.75107592092,425,427.931069215592,506.211418282915,1600.78105935821,1576.58650254276,1552.417469626,1528.27517155779,640.312423743285,403.112887414927,436.606229914325,1643.35784295448,1619.02748586922,1594.71784338171,1546.16460960662,1521.92312552244,956.882960450232,313.249102153542,0,25,276.134025429682,301.039864469807,55.9016994374947,279.508497187474,304.138126514911,522.015325445528,498.121471129282,506.211418282915,413.823633931171
"64",1185.32695911297,1162.9703349613,1152.44305716161,1142.36596587959,901.387818865997,1574.20614914312,1560.8491278788,1421.48689758295,1880.99043059767,1917.3549488814,1908.04219030922,1565.24758424985,1241.21915873064,1576.78470312215,1554.22810423696,1464.79520752903,1420.60726451754,1269.35022747861,1248.24877328199,1566.24551076771,1453.44418537486,1090.01146782958,1510.38074669932,1442.43717367517,1419.94718211629,1662.07701385947,1638.78766165724,1477.32867026942,1081.6653826392,1060.95475869615,1700.18381359193,1676.67826371072,1653.21656173654,1629.80060130066,1606.43238264173,1330.64833821713,1068.00046816469,1644.68842033985,1597.65453086705,1471.8186029535,1198.17569663218,1175.26592735432,1039.83171715427,1028.65203057205,1155.96280216969,425.73465914816,425.73465914816,493.0770730829,1625,1600.78105935821,1576.58650254276,1552.417469626,660.018939122204,400.780488547035,427.200187265877,1667.70800801579,1643.35784295448,1619.02748586922,1570.42987745394,1546.16460960662,980.433577556379,302.076149339864,25,0,251.246890528022,276.134025429682,70.7106781186548,254.950975679639,279.508497187474,546.008241696039,522.015325445528,529.740502510427,436.606229914325
"65",1340.00932832574,1310.77267289183,1296.63024798899,1282.81916106675,972.432516938836,1801.73527467272,1789.72763290954,1646.58738000751,2121.61495092771,2159.4270073332,2150.87191622374,1802.25553127186,1466.71401438726,1815.38563396321,1792.34483289349,1700.73513516949,1655.29453572468,1498.54095706457,1476.48230602334,1805.89313083582,1690.59900626967,1311.96417634019,1750.17856231871,1680.77363139716,1657.74696501004,1905.41990122912,1881.82092665588,1717.73833863019,1308.86401127084,1286.95376762337,1944.86503387767,1921.09994534381,1897.36659610103,1873.66619225517,1850,1569.23548264752,1297.11217710728,1889.60974806969,1842.04370197886,1715.55384642978,1439.6180048888,1416.20090382685,1276.95927891221,1267.37918556366,1399.33019691565,527.375577743225,503.115294937453,450,1873.83297014435,1849.49317381817,1825.1712248444,1800.8678463452,883.883476483184,480.884601541784,436.606229914325,1917.19195700378,1892.74932307477,1868.32143915334,1819.51229729288,1795.13230710162,1226.01998352392,325,276.134025429682,251.246890528022,0,25,301.039864469807,25,35.3553390593274,785.015923405379,760.345316287277,764.852927038918,667.083203206317
"66",1355.08302328677,1325.23582806986,1310.77267289183,1296.63024798899,980.433577556379,1823.62962248369,1811.76709319934,1668.27006207029,2144.90675788016,2182.88799529431,2174.42521140645,1825.1712248444,1488.49756466042,1838.47763108502,1815.38563396321,1723.55011531432,1677.98241945498,1520.69063257455,1498.54095706457,1829.10497238403,1713.54894881938,1333.46353530946,1773.41478509682,1703.85592113887,1680.77363139716,1929.05417238604,1905.41990122912,1741.04853464801,1330.88316542062,1308.86401127084,1968.660712261,1944.86503387767,1921.09994534381,1897.36659610103,1873.66619225517,1592.36459392942,1319.32748019588,1913.43931181525,1865.81081570453,1739.25271309261,1463.08748883995,1439.6180048888,1300,1290.59094991403,1423.02494707577,540.832691319598,514.78150704935,450.693909432999,1898.18992727282,1873.83297014435,1849.49317381817,1825.1712248444,905.883546599672,493.0770730829,443.001128666734,1941.64878389476,1917.19195700378,1892.74932307477,1843.90889145858,1819.51229729288,1250,335.410196624968,301.039864469807,276.134025429682,25,0,325.960120260132,35.3553390593274,25,809.706737035082,785.015923405379,789.382670192347,691.465834296967
"67",1208.30459735946,1188.48643240047,1179.24764150708,1170.46999107196,950,1560.64890350136,1546.36670941921,1410.00886522036,1856.23947808466,1891.09756490774,1880.99043059767,1544.34452114805,1230.09146001425,1554.42915567098,1532.3592920722,1445.03460166184,1402.007489281,1255.48795294897,1235.16193270356,1542.92741242095,1432.65487818944,1081.95425041912,1487.02723579631,1420.60726451754,1398.66007306994,1634.77827242718,1611.87003198149,1453.44418537486,1070.04672795163,1050.29757688,1671.26449133583,1648.10497238495,1625,1601.95193436008,1578.96326746381,1308.86401127084,1055.04739230046,1615.54944214035,1569.23548264752,1444.38568256543,1173.93568818739,1151.6292806281,1020.41658159793,1007.78221853732,1129.7123527695,475.657439761011,480.884601541784,561.805126356106,1590.00786161578,1566.04597633658,1542.11705132911,1518.2226450689,654.31261641512,456.207189772366,492.442890089805,1631.33381010755,1607.21031604454,1583.11401989876,1535.00814330088,1511.00132362616,951.971638232989,369.120576505835,55.9016994374947,70.7106781186548,301.039864469807,325.960120260132,0,300,325,485.41219597369,460.977222864644,467.038542306735,371.651718682963
"68",1360.14705087354,1331.35269556943,1317.43121262554,1303.84048104053,996.242942258564,1814.00799336717,1801.73527467272,1659.25435060451,2130.874233736,2168.23661070465,2159.4270073332,1812.45689603919,1479.2312192487,1825.1712248444,1802.25553127186,1711.17649586476,1666.02070815461,1510.38074669932,1488.49756466042,1815.38563396321,1700.73513516949,1325,1759.61643547678,1690.59900626967,1667.70800801579,1913.76592090046,1890.27114457159,1726.99160391705,1320.98448136229,1299.27864601863,1952.72245851785,1929.05417238604,1905.41990122912,1881.82092665588,1858.25859341481,1578.96326746381,1308.86401127084,1897.36659610103,1850,1723.73141759382,1448.4905936871,1425.21928137392,1286.95376762337,1276.95927891221,1407.56882602592,548.862460002504,525.594901040716,475,1879.66087366844,1855.39753152795,1831.154007723,1806.93109995927,896.172416446746,503.115294937453,460.977222864644,1922.56339297304,1898.18992727282,1873.83297014435,1825.1712248444,1800.8678463452,1233.3896383544,348.209706929603,279.508497187474,254.950975679639,25,35.3553390593274,300,0,25,781.424980404389,756.637297521078,760.345316287277,661.910114743686
"69",1375,1345.59466407979,1331.35269556943,1317.43121262554,1004.05428140116,1835.75597506858,1823.62962248369,1680.77363139716,2154.0659228538,2191.60329439431,2182.88799529431,1835.2452152233,1500.83310198036,1848.14095782762,1825.1712248444,1733.85408843997,1688.56447907683,1532.3592920722,1510.38074669932,1838.47763108502,1723.55011531432,1346.29120178363,1782.72964860071,1713.54894881938,1690.59900626967,1937.29837660594,1913.76592090046,1750.17856231871,1342.80490019958,1320.98448136229,1976.42353760524,1952.72245851785,1929.05417238604,1905.41990122912,1881.82092665588,1601.95193436008,1330.88316542062,1921.09994534381,1873.66619225517,1747.31937550066,1471.8186029535,1448.4905936871,1309.81868974297,1300,1431.12717813617,561.805126356106,536.772763839597,475.657439761011,1903.94327646598,1879.66087366844,1855.39753152795,1831.154007723,917.877987534291,514.78150704935,467.038542306735,1946.95274724375,1922.56339297304,1898.18992727282,1849.49317381817,1825.1712248444,1257.22909606802,357.945526581909,304.138126514911,279.508497187474,35.3553390593274,25,325,25,0,806.225774829855,781.424980404389,785.015923405379,686.476510887299
"70",1200.26038841578,1200.26038841578,1201.04121494643,1202.3414656411,1152.44305716161,1280.62484748657,1261.19982556294,1151.08644332213,1500,1525.81945196671,1511.6216457831,1219.88728987559,986.154146165801,1220.91154470748,1202.60134708057,1131.92314226718,1098.29413182444,991.526600752597,977.880360780397,1204.15945787923,1113.83347049727,873.212459828649,1150.27170703273,1096.01551083915,1078.48273050615,1270.08857958805,1250,1114.95515604889,838.525491562421,827.647267862342,1296.63024798899,1275.98001551748,1255.48795294897,1235.16193270356,1215.01028802229,990.580637807947,816.241385865725,1241.21915873064,1200.26038841578,1085.41466730462,849.264387573151,832.541290267336,742.041103982792,721.110255092798,795.691523141977,761.987532706409,795.691523141977,965.012953280939,1185.32695911297,1163.23901241318,1141.27122105133,1119.43065886191,550,777.817459305202,870.7037383634,1218.86217432489,1196.34861140054,1173.93568818739,1129.43569980765,1107.3617295175,620.987117418711,776.611228350453,522.015325445528,546.008241696039,785.015923405379,809.706737035082,485.41219597369,781.424980404389,806.225774829855,0,25,35.3553390593274,127.47548783982
"71",1201.04121494643,1200,1200.26038841578,1201.04121494643,1142.36596587959,1296.38921624642,1277.20397744448,1165.38620208067,1520.07401135603,1546.36670941921,1532.3592920722,1237.94184031399,999.062060134404,1239.45552562405,1220.91154470748,1149.18449345612,1114.95515604889,1005.60926805594,991.526600752597,1222.9574808635,1131.37084989848,883.529852353615,1168.8669727561,1113.83347049727,1096.01551083915,1290.34879005639,1270.08857958805,1133.57840487546,850,838.525491562421,1317.43121262554,1296.63024798899,1275.98001551748,1255.48795294897,1235.16193270356,1007.78221853732,828.02475808396,1261.9429464124,1220.65556157337,1105.10180526502,866.386172558173,849.264387573151,755.810822891549,735.272058492637,813.17279836453,745.821694508815,778.620575119872,945.05290857179,1207.52846757333,1185.32695911297,1163.23901241318,1141.27122105133,550.567888638631,760.345316287277,851.46931829632,1241.47090179351,1218.86217432489,1196.34861140054,1151.6292806281,1129.43569980765,637.377439199098,755.810822891549,498.121471129282,522.015325445528,760.345316287277,785.015923405379,460.977222864644,756.637297521078,781.424980404389,25,0,25,103.077640640442
"72",1226.01998352392,1225,1225.25507548428,1226.01998352392,1165.38620208067,1315.76973669408,1296.38921624642,1185.85412256314,1535.00814330088,1560.64890350136,1546.36670941921,1255.23902106332,1020.41658159793,1256.23445264011,1237.94184031399,1167.26175299288,1133.57840487546,1026.21878758869,1012.42283656583,1239.45552562405,1149.18449345612,906.228448019593,1185.59057013794,1131.37084989848,1113.83347049727,1305.03831361382,1285.00972758964,1150.27170703273,872.13817712562,860.958767886128,1331.35269556943,1310.77267289183,1290.34879005639,1270.08857958805,1250,1025.91422643416,850,1275.98001551748,1235.16193270356,1120.54674155075,884.590300647707,867.827747885489,776.611228350453,755.810822891549,831.038506929733,765.261393250698,797.260935955099,960.468635614927,1219.11853402366,1197.13198938129,1175.26592735432,1153.52719950593,575.543221661067,778.620575119872,867.827747885489,1252.24797863682,1229.83738762488,1207.52846757333,1163.23901241318,1141.27122105133,656.220237420334,770.146090037468,506.211418282915,529.740502510427,764.852927038918,789.382670192347,467.038542306735,760.345316287277,785.015923405379,35.3553390593274,25,0,100
"73",1234.14950471975,1229.07485532819,1227.29377086336,1226.01998352392,1130.5419054595,1380.67012714841,1362.21327258253,1245.49187070812,1615.93626111923,1643.35784295448,1629.80060130066,1328.76822659183,1075.29065838033,1331.58739855858,1312.44047484067,1237.94184031399,1202.08152801713,1085.41466730462,1070.04672795163,1315.76973669408,1220.91154470748,951.971638232989,1261.19982556294,1204.15945787923,1185.59057013794,1386.76782483587,1366.10760923142,1226.01998352392,922.293337284836,908.982948134892,1415.09716980849,1393.96018594506,1372.9530217746,1352.081728299,1331.35269556943,1096.58560997307,901.387818865997,1359.45761243225,1317.43121262554,1200.26038841578,955.24865872714,937.083240699566,835.53874835342,816.241385865725,903.119593409422,707.548584904245,735.272058492637,884.590300647707,1308.14754519511,1285.73908706238,1263.42787684933,1241.21915873064,588.430114796991,715.017482303754,795.691523141977,1342.80490019958,1320.03787824441,1297.35307453291,1252.24797863682,1229.83738762488,725,691.465834296967,413.823633931171,436.606229914325,667.083203206317,691.465834296967,371.651718682963,661.910114743686,686.476510887299,127.47548783982,103.077640640442,100,0
