SOURCE,X,Y,1998,1999,2000,2001,2002,2003,2004,2005,2006,2007,2008,2009,2010,2011,2012,2013,2014,2015,2016,2017,2018,2019
USA,1350000,90000,4.34169555195128,-1.51539359066196,-1.6132487804367,1.11638449750487,0.689752654272679,-2.33067082952893,1.32695876894564,1.09903086669681,-0.205203249500132,-0.316229908564354,-1.2451865976544,-0.277517190312784,1.4097451479156,0.840536980211445,0.786964881814033,-2.66328236691338,-1.1606695652419,2.60378901082693,1.26941240094127,-0.282023807649336,-1.06989407500318,0.844932381751699
USA,1375000,115000,4.32817644153561,-1.71813687531162,-1.61682377315002,1.1013058200642,0.911072318590166,-2.59543874454181,1.26251690014419,1.04636427496123,0.151229216847055,-0.450949908677424,-1.14178061195646,-0.413194631598851,1.76961737624297,0.495212915685453,0.692657570639445,-2.45755040586947,-1.22902697765703,2.55271465660191,1.38623008381397,-0.343199949067323,-1.22162102286194,0.991180341359362
USA,1375000,140000,4.43407681536766,-1.52997964538816,-1.77556812766009,1.35507406738856,0.627273896935617,-2.520196102009,1.11395204074256,1.2367807504085,0.11282176978094,-0.563038599016748,-1.0503101877474,-0.491020254813164,1.90581649635235,0.426356340890974,0.777420421105371,-2.57549394342889,-1.3607996500999,2.66690607923223,1.64961407625445,-0.584125900599515,-1.1284840041617,0.812722194933265
USA,1375000,265000,4.47922410906454,-1.58079203849436,-1.65259479246926,1.52374072543192,0.423839050569454,-2.59147347594416,1.01560268670503,1.24798800370886,0.358463188565142,-0.700873141569507,-0.889239140565202,-0.967180521223962,2.51853748922694,0.44755487565718,0.934850215765172,-2.77868464829233,-1.68443632423543,2.33245628169407,1.46473862032111,-0.566555220908558,-1.02032295412569,0.218966378400747
USA,1375000,290000,4.59417537481762,-1.61204322986477,-1.56299272661277,1.42386608137,0.393702832834753,-2.55792797871891,1.00901908463043,1.16313228173272,0.515066925338257,-0.774587201996858,-0.842283869602279,-0.930302732961014,2.51238860450744,0.454867378155518,0.96404395051234,-2.91278864830596,-1.58019587853257,2.09959177145286,1.37655701124137,-0.437704941829892,-0.892466836498609,0.0815496813008174
USA,1400000,90000,4.01345900280658,-1.70993462289723,-1.4701042779259,0.797837407881824,1.24418336238142,-2.48052185971414,1.23077488988709,0.815451641790675,0.106761571504771,-0.182237476657281,-1.39501906993406,-0.383742394296293,2.21617831985117,0.192398340229047,0.474390737680417,-2.24850779105816,-1.37524583594664,2.38810887887731,1.28048043262334,-0.434407116026045,-1.18152574307948,1.17161922492476
USA,1400000,115000,4.22773570519735,-1.69391656594192,-1.63079724512231,1.09240186434645,0.973085847239915,-2.60503944777693,1.22932975289699,1.02016335704007,0.303130829423025,-0.506242136783267,-1.13807255381341,-0.536929883421079,2.12261800895765,0.266980242400452,0.634884362113977,-2.44635969987477,-1.29002584356985,2.48613687550786,1.42043656729688,-0.414960255981591,-1.25139425203273,1.18376661675888
USA,1400000,140000,4.16649134083013,-1.89979013537083,-1.45437576876626,1.06668307991686,1.09441797790798,-2.638257099182,1.05816329387367,1.1472182902621,0.218894684507321,-0.551017126610981,-1.01788637158024,-0.695479109800774,2.31854070705685,0.298836846143225,0.529912720913725,-2.43144906156773,-1.42180712926201,2.40435458142319,1.3983624874573,-0.34810039862486,-1.07475360691776,1.4004699948989
USA,1400000,165000,4.36459241906488,-1.87990023503531,-1.34055885786094,1.20389415425303,0.892036071946252,-2.79206819828733,1.01547973537154,1.22689795110645,0.356992864831187,-0.726725390708503,-0.838635659742653,-0.816952132498765,2.447530396671,0.248913063611314,0.66580435782283,-2.5148283708461,-1.7270154633751,2.59807442552024,1.43733545590859,-0.466487229990422,-1.09931632763536,0.863340703697531
USA,1400000,190000,4.40581491463467,-1.68213854017883,-1.49595034823502,1.29933545634066,0.792105222336892,-2.74734568271607,0.976186782492443,1.27641950488419,0.359224498699083,-0.709809775386207,-0.850307764310954,-0.832518053741017,2.3748982593672,0.307403284694448,0.78139536878491,-2.54509034786548,-1.7528569113605,2.59508260853748,1.4288173037235,-0.667267417841299,-1.08184886179138,0.710461774762161
USA,1400000,215000,4.37716357358454,-1.65034388389691,-1.55172231704904,1.32420631431261,0.778799418380867,-2.81724537241058,0.961191840593452,1.37310362596132,0.415036388523185,-0.711468212954937,-0.901422581170624,-0.795072794693506,2.36087380676382,0.314479289543766,0.870432381723514,-2.59191236592661,-1.78036258828533,2.50267847014738,1.29231916460493,-0.717401027918069,-1.07967679168144,0.611317815562188
USA,1400000,240000,4.3638381349489,-1.61765096169251,-1.63523242915978,1.3643017883254,0.706475072276688,-2.73225258903294,0.981012290256013,1.32749954579372,0.401608079970304,-0.726474332846579,-0.872008102103068,-0.728544500975319,2.36213070072124,0.292906232294448,0.941592338766487,-2.69965597767068,-1.73665537085699,2.33451256962037,1.14752213451076,-0.689588532609916,-0.966744838006285,0.419143138454828
USA,1400000,265000,4.43483309149458,-1.66327956382595,-1.65250897086579,1.37967627969715,0.595571367025157,-2.59018573038026,0.941401505518527,1.31472023354122,0.344689174306569,-0.721780755046131,-0.826665817689824,-0.802357431988405,2.4729929584773,0.279175912066728,0.978353335536016,-2.81821046462733,-1.67436195317039,2.18657444833127,1.10775330062951,-0.6176769439174,-0.87686135412498,0.253925520363127
USA,1400000,290000,4.51648668996941,-1.6335805593558,-1.60711173146766,1.45417482037055,0.435141403154575,-2.5894730988566,0.995312430042029,1.26812663023783,0.428355808284308,-0.81633038349929,-0.777300220928439,-0.989757412593286,2.63236773027615,0.339790050129885,0.956707996081564,-2.83849392470088,-1.69293131227837,2.12229470226012,1.38126744306119,-0.546456564254657,-0.972458714618879,0.192327393864285
USA,1400000,315000,4.57293750730681,-1.63223318303696,-1.55397018342926,1.52569640929355,0.354722437689145,-2.60246709843947,0.978052835657307,1.21156053639712,0.514732208213183,-0.86725912430079,-0.741879171941987,-1.03115829021219,2.64876468959555,0.414436713014406,0.928356525922534,-2.80544591893382,-1.74165363964727,2.031897458286,1.5502255107714,-0.451240429954685,-1.01056817586035,0.099070416661827
USA,1425000,115000,3.98666940353311,-1.86884887167419,-1.38419617654234,0.96053106276526,1.17507272103632,-2.70184980606747,1.33786733458205,0.864238828002485,0.266551559621429,-0.408468169908817,-1.2101700100293,-0.554453048069594,2.5308690453847,0.0236072951399384,0.486872649879404,-2.34918753182087,-1.5497183398577,2.45748548551281,1.2809848776096,-0.40045347504191,-1.19784326460656,1.62184095431059
USA,1425000,140000,4.07316738893232,-1.8213874351435,-1.51325928220508,1.15726240680984,1.05472091688754,-2.78572231523007,1.19005963931131,1.05567147833737,0.435221041428672,-0.597044690373116,-1.04185039011308,-0.774274051714686,2.56048178003214,0.110469917447894,0.539453887346399,-2.41653814323817,-1.54109199416288,2.43768545951303,1.47848665370624,-0.423015021291641,-1.16966224263696,1.49933432470025
USA,1425000,165000,4.14981518998508,-1.82842906314594,-1.43568345212399,1.22929144493457,0.964531432536806,-2.88838790706743,1.11725579635847,1.13739655165089,0.529560956763255,-0.735970678402204,-0.89206786532042,-0.898784527098737,2.66031052287546,0.0986856796566911,0.634658393486902,-2.44859545246865,-1.78514332504414,2.52651341336025,1.48833322961502,-0.551127134834074,-1.11416952743928,1.2159952193662
USA,1425000,190000,4.14034243121864,-1.7103155653781,-1.4786029344931,1.23590903126925,0.905510496644373,-2.7454880693894,1.00870861333075,1.24579367532873,0.464882211619015,-0.741616267946021,-0.894052823855775,-0.934604650748371,2.71645210954512,0.0267493229020408,0.724104713754448,-2.45804477144648,-1.8740424466788,2.52107147183711,1.57193510704642,-0.742891642074528,-1.09500188725553,1.13039230163777
USA,1425000,215000,4.17803891262726,-1.61324181952822,-1.56460159023098,1.29174487857282,0.862301545406548,-2.79129075642375,0.990509224235797,1.29496261187628,0.503562736255017,-0.784324143747576,-0.820282452168132,-0.906129210977179,2.62029811886799,0.0933863720161365,0.864993914134993,-2.55783074527911,-1.86561519812698,2.46741137078044,1.41830791019652,-0.812513192635533,-1.09158353265675,0.804763375878689
USA,1425000,240000,4.14730873553932,-1.6275129193069,-1.58539789834648,1.25794190714388,0.861974884484375,-2.67968965247487,0.929767119304538,1.34161286925277,0.359228738940777,-0.721086009456553,-0.819300048076394,-0.863448276484869,2.67150347891724,0.0370596864542,0.921033918405365,-2.66695208016749,-1.77676913695193,2.27264673408131,1.41081690432382,-0.801222726082114,-0.994791637303448,0.632857769091932
USA,1425000,265000,4.30245203564566,-1.68984418520679,-1.61873638110448,1.3688760056373,0.670767756887598,-2.64770888913138,1.01246543184602,1.31565423948458,0.287318587767214,-0.731098763503316,-0.802025065000209,-0.86979521139024,2.66628542045094,0.0848364646877064,0.992555759179529,-2.80269337779462,-1.70343363669377,2.20204904356907,1.00151212600256,-0.728809929140322,-0.851260610716743,0.319422543012139
USA,1425000,290000,4.4241786515415,-1.74397042811216,-1.62957617963931,1.41889596738337,0.541166029943282,-2.59610546456316,1.00623541680888,1.33690029568027,0.259551974805408,-0.75990104504455,-0.77269922494038,-0.977860153106433,2.7538835048354,0.111889155961551,1.02303741249521,-2.83728908101852,-1.73338988344511,2.15063260391756,1.4993672783752,-0.700402613673406,-0.985392596696417,0.205476668796398
USA,1425000,315000,4.46515331449432,-1.71989169751255,-1.64754166288328,1.54990102681987,0.396995666101449,-2.6042905372296,0.957883450661616,1.30108751971933,0.41547411223356,-0.888829418229509,-0.699811767829886,-1.0546571307416,2.79660599228502,0.182987350082838,1.01252270034964,-2.78032843480616,-1.81292541320929,2.09070663828433,1.83927935443147,-0.604318249087605,-1.08328944777628,0.129895989991972
USA,1425000,365000,4.4317773357701,-1.69330724933695,-1.65623089005869,1.78133164657742,0.159368875958156,-2.61828508417128,0.971512701015728,1.17200539840777,0.55236842077043,-0.891614755382898,-0.607923542039867,-1.11062717999785,2.78324903383723,0.211389620161174,1.1126020249277,-2.83767360638866,-1.85184839917818,1.97639013094955,2.08970271325786,-0.493906899981426,-1.10733484431329,-0.257315295733229
USA,1450000,90000,3.84956561762115,-1.83780970205352,-1.40778978987641,0.932264090892827,1.21399283000207,-2.61230415008671,1.47235231393836,0.637289305936133,0.339650926813583,-0.228973083900683,-1.55835606384433,-0.394992066241892,2.58659692327336,-0.0517189379266245,0.456699812476309,-2.33076442512061,-1.60469556363733,2.41525978155622,1.31054451200953,-0.375794538383703,-1.23291437951479,1.40030444456491
USA,1450000,115000,3.93318686283417,-1.80899868652493,-1.50735292736199,1.13079452449778,1.06772400706441,-2.60558520913944,1.29325686382431,0.844132622935692,0.267633529487808,-0.348105973791752,-1.34195318534617,-0.485650298620675,2.67659396036676,-0.141295717460737,0.500808447314389,-2.30808233642244,-1.69836688219372,2.48939194884356,1.51963608797522,-0.457616332210748,-1.19709973480923,1.30130642708869
USA,1450000,140000,3.97362335866902,-1.7336135350955,-1.62437137092353,1.36495287501459,0.930642197911265,-2.91545506094374,1.32109091975468,1.00080046036368,0.582769455676693,-0.622974219474507,-1.04609545951668,-0.810587491186269,2.70480171585989,-0.0430947398843102,0.614791644397688,-2.39518229790911,-1.68454139024304,2.44889789941781,1.58590329973857,-0.535240674501448,-1.21655273433253,1.33824875292896
USA,1450000,165000,3.9966123407211,-1.70573613022638,-1.62449067858923,1.36413487346612,0.940031032365345,-2.98166634612796,1.19489256057524,1.07676689602955,0.640228844466591,-0.70165749309392,-0.928618120703786,-0.896590952572421,2.71612312435721,-0.00142057921756011,0.659617799971048,-2.40067466965573,-1.81403297743991,2.47909794028632,1.55080604984958,-0.64711709286664,-1.11949257306286,1.26556730903433
USA,1450000,190000,4.03871461527237,-1.57480956346536,-1.67940107212485,1.41597651952416,0.849838220694227,-2.89071017090886,1.04492084674396,1.18311090015715,0.668436307063536,-0.805109122685906,-0.798902113103847,-0.933735976979265,2.65948112139321,0.0100382598322467,0.807064520673953,-2.47451658598067,-1.89252080187123,2.52890551573156,1.49795185810717,-0.813881675846801,-1.08658796353445,1.04896373245975
USA,1450000,215000,3.97404557228648,-1.59445098405365,-1.60751343776393,1.28168576384852,0.928282353999011,-2.72937180042883,0.968633759669045,1.22728231586769,0.545302791783897,-0.767474597464022,-0.825723371935246,-0.892559406056841,2.73223451773174,-0.152180968038062,0.906993764976602,-2.54909930565505,-1.83128655113953,2.39126372618345,1.61606719569228,-0.854127064341475,-1.05373852421954,0.978386451967019
USA,1450000,240000,4.03902930489899,-1.68101801627606,-1.5575663726113,1.36608194649969,0.832458961128675,-2.73501605937997,0.999324268435257,1.23686321397247,0.494561459627058,-0.829154003443643,-0.763485405782923,-0.843170162733456,2.74647091475811,-0.109090525501767,0.964661184706057,-2.72463376768394,-1.65925693049665,2.26099806128129,1.52268753900465,-0.859520768837042,-0.979234413793027,0.748497648737839
USA,1450000,265000,4.14097430120541,-1.75391290506397,-1.60270985907955,1.41036263970507,0.741199146854407,-2.72146226638587,1.04904334009391,1.2656203670535,0.299895513805365,-0.7525073660813,-0.786455117668481,-0.816992523914155,2.77915347250919,-0.146076066531918,1.00981713266874,-2.81319455452164,-1.63533444900789,2.22579046992043,1.73426541369695,-0.870883929169156,-0.984386902632401,0.477394822858818
USA,1450000,290000,4.28791978435065,-1.74169269383334,-1.6534894091802,1.48276429477924,0.574683943876869,-2.65073056891103,1.02305207187595,1.30900645093631,0.326765247563331,-0.861342063109785,-0.723270752932502,-0.920069893350281,2.82144287889488,-0.101651501830777,1.07483526667521,-2.78310334744219,-1.74537130016389,2.23824416710062,1.77725725713667,-0.7781209767838,-1.08053782072736,0.269813549866468
USA,1450000,315000,4.33595772014871,-1.69595648915379,-1.72116676137839,1.59730297174196,0.437024354698874,-2.62257863462653,0.95589015368057,1.3423461752611,0.385109112893861,-0.953731392350446,-0.651936779806801,-1.01159632812806,2.88535690647698,-0.0653124453469403,1.10049368116108,-2.75446160114324,-1.82124458995229,2.16471723491148,1.98395187387032,-0.690015406377863,-1.15969483771614,0.160251459997036
USA,1475000,140000,3.98249597276958,-1.5858544669324,-1.87402265335376,1.66342762746732,0.788679513996155,-2.80516614458704,1.13624527401499,1.25929341729598,0.452271189610335,-0.581481745893238,-1.11159687382267,-0.671687384147959,2.70397645093075,-0.170170849633211,0.617802053246574,-2.29723242052513,-1.81638860959636,2.49144972820956,1.56723570010122,-0.605776998834036,-1.15410929311563,1.16991784188832
USA,1475000,165000,3.99194623341649,-1.62475668366309,-1.77692433779225,1.51260134002616,0.863320840686156,-2.85854222380262,1.04686852343555,1.21993196049018,0.483304400101723,-0.57607286877476,-1.04291815779417,-0.682797154030292,2.71365534672496,-0.221562602890868,0.684092088950873,-2.28759742089596,-1.84602711922075,2.46538489243006,1.72110626765691,-0.704435374862928,-1.18901034186287,1.18771170175941
USA,1475000,190000,3.95268212365308,-1.56229025601174,-1.80913329518461,1.47075489417598,0.898440602292095,-2.86065078371882,0.966697565443077,1.21491726786683,0.644264576035846,-0.706048297664577,-0.90368207360318,-0.793931537371387,2.67437556553893,-0.155761725718592,0.775153360905845,-2.40463114238337,-1.840931128919,2.44098674494995,1.60743968881089,-0.832255233282716,-1.10011401990499,1.10562947164565
USA,1475000,215000,3.90493307745662,-1.56377985835219,-1.67539613103213,1.37900427465286,0.924070604955575,-2.77357933862338,0.968865778031778,1.20589859341088,0.658026654051298,-0.801155283096289,-0.812168141063066,-0.791540068498587,2.65782312978585,-0.287073811519857,0.984605461096594,-2.55291217644076,-1.78837806923096,2.35646328401977,1.59787310062156,-0.848861277427724,-1.0114779078386,0.735389553674036
USA,1475000,240000,4.05334799159671,-1.74156973497492,-1.57432440444506,1.46128555792738,0.728689806596386,-2.67656938662231,1.00486755381395,1.19048531865703,0.657047365082672,-0.892407737164385,-0.719111284233794,-0.836397551217731,2.60489399239544,-0.215356297694415,1.13457171244236,-2.66329644197751,-1.78462462689728,2.45562900493106,1.35949954476866,-0.871788586719221,-1.05237435421722,0.727447980136521
USA,1475000,265000,4.10795653719488,-1.76586664723743,-1.6100689267629,1.500398472299,0.669817541393398,-2.66867984407341,1.02154184403643,1.25617238645184,0.481381259939361,-0.899286805457781,-0.706329296022683,-0.809372265168063,2.69305977429678,-0.243292156668822,1.14082741116179,-2.72370171593425,-1.7257130715019,2.35741402998144,1.54728805430876,-0.838665162426543,-1.07706749876441,0.546930714846976
USA,1475000,290000,4.14923615508912,-1.79355633745046,-1.71557217405097,1.51752172965409,0.7008229542533,-2.75731543973126,1.12844529934544,1.21641786932797,0.281629237995259,-0.796893884638738,-0.733115001785207,-0.700715953791794,2.76143364919011,-0.330345806010406,1.09671221882813,-2.72544398732277,-1.66908617897886,2.25801176005579,2.18049855417114,-0.821911226304621,-1.23877505999058,0.229116399431886
USA,1475000,315000,4.26723732610723,-1.70665471492903,-1.79316873351819,1.66475097433625,0.457332669475128,-2.62954648309491,0.965108222639071,1.34925260964295,0.365262866532583,-1.00011329828306,-0.604292052310144,-0.943599872898721,2.92365506013384,-0.265118782521105,1.17968868684964,-2.73160016182212,-1.79869695512291,2.17749995865298,2.06699061509318,-0.691327635278432,-1.22164080702183,0.175326550834713
USA,1475000,340000,4.26887870602826,-1.59509312557685,-1.86492481765361,1.82460790483885,0.310759087374555,-2.59718853759787,0.877750023359761,1.45679853099341,0.306881228597113,-1.02034627684501,-0.531621705436195,-1.07619815077344,2.96877287946141,-0.17798983436154,1.21336422536688,-2.78218005584265,-1.82151724876275,2.02329619121237,2.12359967571193,-0.621571866307628,-1.22147750437013,0.0354979789131153
USA,1500000,140000,3.97452047391738,-1.48942621235946,-1.96950475045499,1.78604373116798,0.821472000851584,-2.79048890609885,0.994189333270733,1.32516132288703,0.596556586914125,-0.663455120408557,-1.11314643544318,-0.656278537800266,2.66292901610726,-0.223404363443231,0.682414254854414,-2.39350080543545,-1.78149435223828,2.46147174959922,1.44699703789349,-0.551592831567889,-1.00918344569458,0.960582025277352
USA,1500000,165000,3.89538297576472,-1.48044600452394,-1.86623096348596,1.6031529100347,0.797418270353873,-2.82336882487352,1.04495831815669,1.20665551486013,0.616287019015333,-0.650752677558657,-1.00479859639507,-0.683251736165947,2.68039831007807,-0.325763500781884,0.802331626404399,-2.31597831194071,-1.81941519818484,2.42925083623121,1.78564893949871,-0.651777548194283,-1.18285159466025,1.03939106616909
USA,1500000,190000,3.92186582846339,-1.55534967543447,-1.83117916755873,1.65758380946145,0.807614615159835,-2.89734927607742,0.998046694177577,1.27326334046156,0.765433677930536,-0.845774206216719,-0.891424329122483,-0.735918744953732,2.73216242279424,-0.227437874096741,0.717411489827689,-2.4052528755282,-1.78689221138601,2.431091285641,1.65918516066153,-0.899966962488661,-1.04977130037545,1.10614648248214
USA,1500000,215000,3.95993668590601,-1.62671158389121,-1.76577975162652,1.68162210777218,0.865959202051401,-2.91869921754381,0.943039836861601,1.36760928411125,0.719890516604496,-0.911865853915201,-0.879972079674179,-0.684227913878029,2.80283231892091,-0.269716235115123,0.713404460103594,-2.5168238355218,-1.66486480989213,2.30201610524029,1.60672586959202,-0.99285334081647,-0.934847884093555,0.955500761378899
USA,1500000,240000,3.96225614002638,-1.72408768951792,-1.6039721757732,1.51210424945117,0.815483037903735,-2.74215213219508,1.00875080896833,1.20691659319847,0.62983760624651,-0.784427518026357,-0.826964581263336,-0.667040108339265,2.62081457615435,-0.477769817437535,1.2230092745087,-2.62357242447868,-1.75382288740223,2.37445600344573,1.42279728239196,-0.853840461633936,-1.06083732955859,0.697164357977283
USA,1500000,265000,3.99849687230051,-1.58622915868528,-1.75666127746279,1.52348682995713,0.749901027711532,-2.83193993774715,1.1453145782842,1.25286741765631,0.438158860519139,-0.75922645689307,-0.893495127489342,-0.563541827620808,2.72152136717682,-0.423661093093975,1.1656722842726,-2.69895736578846,-1.67709967210323,2.21298453994017,1.71450064754573,-0.758518425505506,-1.02080377192197,0.481624346581974
USA,1500000,290000,4.03427321768624,-1.63815924473797,-1.8235447882047,1.6102412818019,0.721275225169114,-2.76283394817553,1.13301665741504,1.25665293554351,0.249856052583434,-0.817184661336976,-0.690424876186312,-0.594609055248283,2.68169579306946,-0.391237082773855,1.12512679395001,-2.6398615640695,-1.6332964967333,2.1816009444395,1.95298445933336,-0.68318849934112,-1.26262357930805,0.276124099521926
USA,1525000,190000,3.5180447264242,-1.1053320939749,-2.04803343705682,1.73388305956906,0.820899144801301,-3.10162501472553,1.19360933960093,1.2287400772003,0.797437984957373,-1.00431706025484,-0.645406921296058,-0.927772895461811,2.76431823253706,-0.0550465219217342,0.603871348791557,-2.37230067187862,-1.86671576181826,2.35615277380025,1.55906088825139,-0.817618112838573,-0.739906575616049,1.2244596549711
USA,1525000,215000,4.05783198554302,-1.94436843512908,-1.52469098492654,1.49510436484596,0.774516302148476,-2.52713580709707,0.937248473120961,1.09459200003388,1.00215450269647,-0.875896933116689,-0.74849906472697,-0.817589419658238,2.41726355714617,-0.450443696837062,1.33250887048984,-2.55057290323356,-1.98891976727712,2.76662642189912,0.862552576646053,-0.893163495733342,-0.961121187498398,0.692525635049483
USA,1525000,240000,4.07331124224788,-1.69888111155147,-1.71921445196332,1.57022797716194,0.78928082861577,-2.63131702079106,0.950522961876609,1.18458940081129,0.59323570283554,-0.668152725709299,-0.787807745520834,-0.688089942772582,2.605034804818,-0.666490679631027,1.37812752640566,-2.57948133292317,-1.81554654022932,2.53238902408666,1.14576662262663,-0.863965746659672,-1.12733325594274,0.571440024322454
USA,1525000,265000,3.94790772140193,-1.57805430709866,-1.84090256834839,1.59721718841874,0.831254677574783,-2.64024892320153,1.01583458629533,1.38440880421173,0.240853746779834,-0.842495624223965,-0.721855219470995,-0.614070743086041,2.63254939105413,-0.442343907544592,1.18230096048502,-2.58143717051695,-1.7228096852677,2.36100091792296,1.43042148749266,-0.709983649316099,-0.939255779672975,0.418375808780716
USA,1525000,315000,4.23354210869332,-1.59202729784598,-1.94025934343238,1.80443572884675,0.437637293416791,-2.56738299365915,0.88057719648911,1.55487078919174,0.188368431169724,-0.938365807970563,-0.468428765775346,-0.992182111790094,2.832198946303,-0.319775948261534,1.18732816658911,-2.66296203850247,-1.75981317854905,2.17963235188971,1.75632979149025,-0.671413244214661,-1.12125192285357,0.314079902697545
USA,1525000,340000,4.2351074274185,-1.62003183951185,-1.9701625608405,1.9482497735748,0.372070836157445,-2.62583133269662,0.8829424939205,1.48041175030686,0.160462280908368,-1.00666130578913,-0.381885143775942,-1.08026367599792,2.99604470296592,-0.278439962318162,1.19845041687555,-2.74693457031106,-1.78198880769061,1.96222051421043,2.16240604161734,-0.632942689980092,-1.13912719614319,0.173027805407298
USA,1550000,190000,3.56588988629714,-1.20668336611511,-2.12167728891698,1.77412967276564,0.795049961603738,-2.86934592590353,1.11410008180085,1.27468228757785,0.790929946979054,-0.90980607209451,-0.62905686991484,-0.882960498286396,2.61654692619711,-0.197558101622929,0.775793671213347,-2.46557101754819,-1.85057499809021,2.62162809552774,1.15732592736008,-0.561295561212148,-0.560855539972692,0.177361264894296
USA,1550000,215000,3.88816749525354,-1.35866273831464,-2.07641257672481,1.71771706143951,0.8501719477196,-2.77018971632884,0.977981432981026,1.39162730492402,0.592180885326517,-0.789722221736328,-0.683944141468627,-0.878276411487161,2.81022274228343,-0.341651589080866,0.815887062650624,-2.49132132544745,-1.74592244329365,2.49784462990344,1.19283446317674,-0.741639802369983,-0.656543918655419,0.332744129568119
USA,1550000,240000,4.21504298143501,-1.81596129141103,-1.6855829188346,1.28837364033145,0.759874125484083,-2.20097741636668,0.88828047537026,1.30544371523393,0.753808515335702,-0.895484317320087,-0.655271712272101,-0.845141411733969,2.31360623137192,-0.344563506690684,1.34286230099973,-2.51862969391809,-1.99600169232154,2.84210545706404,0.585284711475622,-0.707372940787667,-0.869124192797748,0.42997567597121
USA,1550000,265000,4.17748230382476,-1.55134619950039,-1.93525586979737,1.49148713539048,0.755845972814315,-2.36780785099526,0.899876495668284,1.54810353626959,0.301693495735962,-0.91037968151934,-0.587940008117807,-0.781674011615039,2.53732500963016,-0.342576384697463,1.14243188270319,-2.48657105419651,-1.85783271175425,2.60668865073382,0.895615971378792,-0.657786550410847,-0.823429307333806,0.377018098460555
USA,1550000,290000,4.08074039600753,-1.42187731836463,-2.06536869769122,1.70795805790431,0.73062883045294,-2.54381209712813,0.970922314670262,1.51712211563138,0.015052131164518,-0.917566105992442,-0.45198494664334,-0.790506719131776,2.72045782747746,-0.357993823457129,1.11578802357151,-2.50282061813964,-1.65010462805162,2.21388836389039,1.39680855497103,-0.41492437544179,-0.691061433603465,0.169576688673456
USA,1550000,315000,4.18380660890846,-1.45299354175754,-2.06968814533577,1.80671101503043,0.547359177651869,-2.56361041647803,0.967123115951699,1.52123029880584,0.0801106288616498,-0.959178495242801,-0.372532085698687,-0.897282483603244,2.76126518116922,-0.33463379612627,1.21021990232043,-2.55479588012124,-1.63151000602899,2.0448790727801,1.59009700173371,-0.351923862634072,-0.930675160354285,0.264826941909043
USA,1550000,340000,4.18474664923621,-1.49169659560872,-2.01663906727545,1.89787261068317,0.447909137496258,-2.57496544894396,0.851188541290282,1.65456615445397,0.0418816640452677,-0.946556850560635,-0.364895228497224,-1.03692112730673,2.83130091804889,-0.307969667693222,1.18391542615043,-2.61643884275281,-1.66287116184531,1.94038483044329,1.88442806732547,-0.512934886276909,-1.06226407151197,0.191590801433676
USA,1575000,215000,3.9290583790403,-1.24187345275174,-2.27665787892178,1.70902263785889,0.91107800303038,-2.61274143080975,0.900359570192214,1.49243887449756,0.338945829926715,-0.612131177229593,-0.641652143028671,-0.87388372551533,2.88233913948867,-0.382228873655245,0.70878867928909,-2.45822030641209,-1.61974340750509,2.40893208521745,1.32740617357717,-0.643689014963731,-0.576633246313731,0.168857992684449
USA,1575000,240000,4.2943967455409,-1.32670473861546,-2.24495213441803,1.40182908506833,1.01220022092227,-2.43439954891988,0.853360641431624,1.60068406887611,0.263206620049118,-0.670240020220061,-0.625862206129489,-1.11978316615167,3.10216555352939,-0.438947991713237,0.874052152418204,-2.45897481110753,-1.69555878187889,2.45602052273222,0.749111387756191,-0.355864127140075,-0.556701365774079,-0.0564907506200001
USA,1575000,265000,4.33724789569366,-1.27290377172322,-2.23753552122109,1.53986232182732,0.813128704054414,-2.39886038630662,0.847976936812634,1.68748023075021,0.111950106113398,-0.809929266253372,-0.498224736333368,-0.920753832927744,2.86449293787301,-0.411868286271395,0.94094722899573,-2.42316818213718,-1.83065041507012,2.56208402149915,0.785660325991701,-0.454202635074808,-0.575648553493609,0.165874917771685
USA,1575000,290000,4.2325531355424,-1.28390289495881,-2.21285689353882,1.68835775792854,0.74407099258098,-2.47579085671174,0.902661651407669,1.69995548526283,-0.1083970724922,-0.814727674331692,-0.395724868275881,-0.874267706171933,2.79811174024573,-0.438392689447758,1.08179241797486,-2.40314817672363,-1.72753455195883,2.3196616635219,1.0887072694542,-0.372848389876652,-0.639599710270079,0.183822349986939
USA,1575000,315000,4.1412576105206,-1.22060793682972,-2.26156677355375,1.79207634375089,0.705970778554522,-2.52289445784388,0.913575905976486,1.63294587689587,-0.0039482468475992,-0.955241808364102,-0.315795041215012,-0.905053473491594,2.74662335188459,-0.353018878976586,1.23597108983122,-2.50248855034895,-1.53615397830426,1.97865913619769,1.49389157052422,-0.175146697877622,-0.829704004796866,0.149171172698998
USA,1575000,340000,4.0724107774828,-1.26650565179614,-2.19054782377244,1.86082234157578,0.632580430617975,-2.53318816559337,0.875118392360783,1.72218264283753,0.00520905141909722,-1.0181910101821,-0.338713244226497,-0.93964479989344,2.70607727062343,-0.323972765220047,1.2709848775635,-2.50486760143868,-1.55670031131932,1.84291909158153,1.67641300803015,-0.206927106761525,-0.98875823540264,0.167645066072693
USA,1575000,390000,4.18869219350396,-1.51971908764304,-1.89792067706329,1.87271409944782,0.447848029311386,-2.51806021765492,0.714828136548368,1.69472700811165,0.141966152422695,-0.98691199199359,-0.277688416125581,-1.02998379999347,2.58537732766593,-0.136865107591765,1.17938041774271,-2.62982251816379,-1.43760277726411,1.52445123562886,1.71295630426794,-0.217469634818181,-0.972178357422782,-0.0765078643806438
USA,1600000,240000,4.27300555799317,-1.18302589474408,-2.36021404826647,1.4164263190766,1.12000875956156,-2.53205591779106,0.894151740943342,1.58337216665292,0.219690536840391,-0.613336990783143,-0.540826035699436,-1.17766092334013,3.20638615045798,-0.513607030304668,0.805144211921708,-2.42912174995592,-1.60897645041232,2.32314209512934,1.04395062398761,-0.333756899041733,-0.614364689167492,0.0678100092196488
USA,1600000,265000,4.34093674540504,-1.05879584163595,-2.39621753927596,1.58322469401594,0.897399258430103,-2.45840367285812,0.823975155499245,1.6533993990869,0.193789067836006,-0.86964380110039,-0.383075529829896,-1.03901971644057,3.10201621937277,-0.527716522912561,0.901779923456069,-2.41282154238122,-1.71081816630441,2.33844260400824,1.15332745289125,-0.339467055274133,-0.600149529684123,0.0683515819244747
USA,1600000,290000,4.20226200763138,-1.19032008871926,-2.33983751224466,1.72155017423637,0.801927522122379,-2.51942983926303,0.915984839333905,1.72443809550163,-0.0639832053898597,-0.780866652489034,-0.398410074312324,-0.91197672137957,2.87643630045229,-0.552972540110561,1.02758536815519,-2.39293443076452,-1.57030863793072,2.25050841605999,1.08579862036112,-0.4003018801975,-0.682966555006834,0.319620233803205
USA,1600000,315000,4.07923530797018,-1.1461942907503,-2.34749354349374,1.8009398389737,0.766293429451066,-2.54565571285456,0.90436347832487,1.78458911634023,-0.102888725337598,-0.876256678832471,-0.383302680853,-0.908519101214039,2.81830875196432,-0.506842943429706,1.13952224184224,-2.40436600176417,-1.49444057241836,1.99384113694804,1.39650917318413,-0.286057668987513,-0.797284942206828,0.25289456604988
USA,1600000,340000,3.99183581987034,-1.10094602125001,-2.27604695138627,1.81415526960301,0.661572148519552,-2.53071467908594,0.883239520516071,1.7262794079936,0.126003932953371,-1.07495392159357,-0.387694889617725,-0.92096062116236,2.76149124621912,-0.425855349475691,1.15274880778393,-2.43024486777233,-1.46093597842005,1.765266829389,1.70659482311265,-0.194488826144895,-0.846325879449962,0.148493867844383
USA,1600000,365000,4.04285439782741,-1.23977587116789,-2.16159989949285,1.86970131000615,0.587042948681972,-2.52404462464558,0.839490834543986,1.70762732088106,0.24836742779197,-1.14251583018457,-0.310798048300959,-0.979416881469715,2.68038284390705,-0.373396271219669,1.16314662107248,-2.4573282470833,-1.4314218283237,1.63479685895322,1.61491553610469,-0.125746868585158,-0.883610439337977,0.0836323163669865
USA,1625000,115000,2.99856146111337,-0.934074019731668,-2.13137883368034,1.66955825711229,1.04127366671305,-2.60584871056634,0.955270717643091,1.10936716809364,0.755853669445621,-0.487000416198846,-0.600457694996823,-1.17776372915938,2.7651019907087,-0.00632916952566376,0.329159673731833,-2.66012089251089,-1.05148477838113,2.56439744752925,0.920973807810291,-0.107687212716646,-0.60192107560114,0.255190983384535
USA,1625000,265000,4.1349213521487,-0.820361523145301,-2.48092910822183,1.65575953650727,0.928353423436188,-2.68109244006672,1.02925278893397,1.62391553854874,0.397626332778163,-1.02531440759849,-0.329455506680315,-1.06515265797988,3.07947772513912,-0.563525822987901,0.90873906777883,-2.44630336039487,-1.4462393256537,2.11466086813076,1.60908859259058,-0.460877583187428,-0.787572825340666,0.21763458231578
USA,1625000,290000,4.11259687931816,-0.928539192961482,-2.51012984579766,1.70471580725951,0.861384851959294,-2.4005498388613,0.740529238786761,1.72182451827092,0.174755299309103,-0.987272280284077,-0.234975109271895,-0.908888675205897,2.91973186809321,-0.6144388585132,1.11408421954382,-2.49409310668321,-1.3235723864841,1.82592379925156,1.44413344272238,-0.396025613125219,-0.580095402552054,0.221412661556414
USA,1625000,315000,4.01656849153223,-0.965470853965227,-2.55786687707542,1.78441654693089,0.804159347532362,-2.38517703232818,0.761097964020192,1.74500045327051,0.110263257583642,-1.01154333573993,-0.252392870307038,-0.922043585953415,2.86534854917066,-0.576129875613685,1.19864617603965,-2.52978112469828,-1.27254233192611,1.72738949819001,1.44274275573435,-0.27780421184488,-0.689299351333265,0.226163128270626
USA,1625000,340000,3.96693305402992,-0.990464001658735,-2.55139324334117,1.87304905344216,0.653185839236985,-2.45235889280601,0.860411168431876,1.73140122212593,0.27440336891089,-1.14784428258746,-0.318720996943753,-0.99200735189863,2.88289193846701,-0.555344304569111,1.15464388963286,-2.4860390331073,-1.35990543597542,1.7465645012385,1.54754784044537,-0.210602694451318,-0.806564635690786,0.140071803933231
USA,1625000,365000,3.96060336516861,-1.06525818328598,-2.43382565116275,1.87793232153315,0.602641471099433,-2.44967469647773,0.910340120935935,1.66688425634142,0.401993640096138,-1.27304651111811,-0.288238710249558,-0.987682317571805,2.76696987951171,-0.491196567747698,1.16967793636254,-2.49171861599406,-1.35000413211182,1.61603694927283,1.43882236351806,-0.15805792192219,-0.735607435156692,0.0544800129660077
USA,1625000,415000,4.1074856531144,-1.23293230533448,-2.2638335466113,1.92203896521353,0.409633626481364,-2.43855229604268,0.711606660090966,1.93967894509852,0.157654529572086,-1.13344329467918,-0.248724896117197,-1.04225439083854,2.6462189384397,-0.211301037885305,1.10098628546927,-2.67509065839224,-1.28177804234052,1.50691219676191,1.64764821341321,-0.18714479794497,-0.960397206538677,-0.387535703272805
USA,1650000,115000,3.00542702193392,-0.811888241449477,-2.12585942362865,1.73138754428395,0.957027432857397,-2.49681623308282,0.892851334661211,0.986592432590583,0.823957664530419,-0.548395966346872,-0.461029898057911,-1.22344539801684,2.77528257049726,0.0936965084398107,0.205040514831458,-2.41155878242475,-1.02719240094071,2.50946642339302,0.670508116780424,0.0512554452244318,-0.740294639594631,0.508002113792249
USA,1650000,140000,3.47788541768946,-0.841746582119701,-2.16540096971387,1.73467098596429,1.01322864347177,-2.63366275004055,0.864902157603799,1.28379581973789,0.0909308302205698,-0.159994670295934,-0.307479209470881,-1.2599661650236,2.85615150623668,-0.099805292570732,0.304939789013793,-2.45899665021011,-1.14581733909629,2.43083886010366,0.647871224288229,0.00727281752671161,-0.801882930433431,0.43398619247339
USA,1650000,240000,3.89549971552918,-0.581949297963742,-2.46392108606315,1.68789230539863,0.806291274540291,-2.89297284871872,1.26133412232602,1.57261856291999,0.406240664261373,-0.93285593695061,-0.280812301565911,-1.18793605144193,3.16830989102672,-0.451817276794163,0.66262424923593,-2.45999269727437,-1.32178746742396,2.40977552232402,1.14949842599592,-0.474571364393012,-0.711641239983516,0.696562987203466
USA,1650000,265000,3.99705978053209,-0.673728229926103,-2.56645696107937,1.6509578861791,0.87571543556276,-2.68341584735633,1.08819749926912,1.60891273377425,0.373958862062912,-1.02689701631982,-0.224844823494102,-1.12832526424774,3.13172329604297,-0.550609615341956,0.862605103578846,-2.4931191038222,-1.16194147292296,1.9961133210295,1.42762530054181,-0.555434720643266,-0.507394694295924,0.333374037505819
USA,1650000,290000,3.87850607535329,-0.801196972565052,-2.64054601530191,1.66205787014773,0.857544843983287,-2.37080071284019,0.789213192569053,1.67506438977513,0.274418367753431,-1.06286295431168,-0.142170927642625,-1.01674082899801,3.00616878072399,-0.602872310987037,1.08459287410087,-2.56294103301789,-1.03864171538714,1.61409357929373,1.71210396640292,-0.585048370680888,-0.410006042640234,0.0289908687994416
USA,1650000,315000,3.89742930671458,-0.841091450630274,-2.68146222982935,1.74844442094919,0.78425939116223,-2.33802608586451,0.751859306896099,1.696585902414,0.214441348788517,-1.0665050303706,-0.12550260456989,-1.07874150003289,2.98214749289374,-0.52295403869113,1.15152771728915,-2.68488459843918,-1.03743887945344,1.59402384582965,1.51393131499985,-0.407890965164839,-0.643922912162902,0.237976165438429
USA,1650000,340000,3.90117614956976,-0.847868258359143,-2.82685381902594,1.87737032730598,0.639172448571871,-2.34144116948932,0.860121663524445,1.74062649547875,0.32774481663024,-1.18148197996334,-0.161007313507049,-1.17369379648249,3.04293587936155,-0.59312447366283,1.17816431338886,-2.64069606889697,-1.1876053108387,1.68965036596937,1.405089383252,-0.302778800268757,-0.822886150914217,0.188997405829498
USA,1650000,365000,3.91936607723912,-0.893513605742798,-2.78624367337192,2.00706729486821,0.4939857090572,-2.36988713983737,0.882188058257217,1.81742974518934,0.374779555464781,-1.2784986834464,-0.218504779206681,-1.1367650720618,2.99833281534256,-0.641446339770422,1.17271946635945,-2.55460924953407,-1.30602670529288,1.67573481481684,1.405898277596,-0.271656112852505,-0.829733908194903,0.0202878435186742
USA,1675000,115000,3.22178810357824,-0.854023255566256,-2.09867062450257,1.4783230543351,1.22316502279139,-2.74927560397554,1.1021209239713,0.85977558383786,0.877998909454891,-0.596976665497092,-0.361364163569087,-1.3208793147048,2.88467346581575,0.130673984456487,0.178803223544814,-2.47322059313339,-1.12226570014795,2.39100530344981,0.701327493779042,0.0432849517594347,-0.700008095152092,0.608402985971001
USA,1675000,140000,3.05753103033024,-0.702392661652955,-2.25097442525895,1.55017447267276,1.15929029875765,-2.72300801293711,1.00556555057871,1.08087495067029,0.519746732261603,-0.400681012483826,-0.297091055520416,-1.40634435686704,2.98333611811243,-0.0630477910572287,0.359316740267822,-2.30486898847797,-1.53906910898177,2.43874422510079,1.29132184674009,-0.0718243876092242,-0.942751684232947,0.433275428189122
USA,1675000,165000,3.29819412969194,-0.629314047931254,-2.41682853802468,1.75277206441325,0.949992677608256,-2.88120000474446,1.21632977849463,1.16185928376138,0.456333788776576,-0.45597394709592,-0.213501624791936,-1.4190040887551,2.97729449354397,-0.271379553811032,0.624992310706554,-2.45907959111444,-1.54617869175667,2.64508745018085,0.956251828353548,-0.0460365693517568,-0.833617405857586,0.283025837753644
USA,1675000,240000,4.35073461775165,-1.02839276820806,-2.43422271031843,1.6701501539995,0.637445525870763,-2.27865101469428,0.669426068424816,1.60852532698588,0.460352268188518,-1.06059722443593,-0.173116444851553,-1.2335440592025,3.26270297658441,-0.419968009750053,0.568757660945649,-2.41207254050592,-1.20169360222626,2.55706072262274,0.763738521574167,-0.432105347368883,-0.775151551146994,0.980672045542822
USA,1675000,265000,4.08405038330757,-0.736112722358177,-2.56046328244685,1.58442393737955,0.753603210367229,-2.48186255105085,0.918587152596248,1.63919024655503,0.393721386473785,-1.19261603524223,-0.0233594799598209,-1.23745552700278,3.258147546777,-0.499079797098699,0.738506178542103,-2.44297730357698,-1.08457607317393,2.05682178878922,0.950237352018373,-0.558701211189791,-0.528778043337632,0.688710738297133
USA,1675000,290000,3.70783495761106,-0.588746905068139,-2.77509982104701,1.68806503358802,0.725649600361073,-2.4974185188562,0.97110772919736,1.61549915522283,0.46859670778169,-1.20023237019924,-0.131270091514126,-1.05726950310244,3.18956420592352,-0.712861420236956,0.993209730973108,-2.42551758729641,-0.99702872186715,1.55970811734751,1.63847155420401,-0.676151818881482,-0.242037860956537,-0.181496584816328
USA,1675000,315000,3.79613851891855,-0.617006315218412,-2.81114576958313,1.79445669328609,0.631206492887707,-2.47411526722056,0.937801052854127,1.63795136922177,0.480979737191473,-1.29069971715335,-0.0716157930208542,-1.10694859219721,3.18139221057596,-0.641661899427033,1.0650381948708,-2.53413579710405,-0.978231740471762,1.4571025915403,1.372944129737,-0.462323196716682,-0.492572725087407,0.148859748752854
USA,1675000,340000,3.8019739879964,-0.738439047405034,-2.82362585850346,1.95692915942795,0.632808050058412,-2.50601075996584,0.912798104263625,1.64037954598034,0.254110238238666,-1.08605594428298,-0.0652782186644914,-1.40576735304365,3.15962148167711,-0.356463892963129,1.06043724867273,-2.88268082812012,-0.953366814742636,1.73219194244564,1.38550926879656,-0.441351966569895,-0.942534036070467,0.380023877250681
USA,1675000,365000,3.80933842413165,-0.722849588330716,-2.89808890454138,2.10579922028485,0.505386866462402,-2.43305837366038,0.880211458718056,1.71018230059889,0.430917742860354,-1.30846434176502,-0.114259707171295,-1.25459930759875,3.16327830630149,-0.652343948458302,1.16226309531164,-2.6775432608547,-1.1315711907532,1.64543084107039,1.49905540044268,-0.434731550774601,-0.860191821612784,0.0311561164664387
USA,1675000,390000,3.84751506526349,-0.602250252718522,-2.88620665539627,2.04731141047488,0.586896586821279,-2.40138803190796,0.766700338298592,1.83755922519706,0.323077692938283,-1.4657140131778,-0.0877835194843297,-1.08592296448712,3.15729153494645,-0.808256008285504,1.20239039400642,-2.58954457102923,-1.18131002510074,1.54219338936036,1.79597685190309,-0.434084240214872,-0.779613988754834,-0.121050276597592
USA,1675000,415000,3.84152263615607,-0.646900063206102,-2.83874960927476,2.34444956935181,0.184226746081651,-2.39574492196039,0.61626628663409,2.08917885059626,0.23390515107182,-1.23728429687447,-0.209042218949791,-1.17616755548274,3.05110428663276,-0.616668136629333,1.15699684260271,-2.79813983947936,-1.17735432772653,1.57363011121411,1.65769433558399,-0.341061716240815,-0.956429888250159,-0.293186839611042
USA,1700000,90000,3.70484262429129,-1.02707624334351,-1.93877441737906,1.48666566791136,1.2042410479695,-3.36685173766947,1.64192271883527,0.675304466454414,1.08438168591744,-0.684259857039073,-0.301242324627141,-1.12384656972187,2.6120552885083,0.224148369810349,-0.130634614833554,-2.60714392435594,-0.607810611955594,2.38349565969558,-0.0481118563393581,0.251817844057197,-0.544847529562884,0.450899290423434
USA,1700000,115000,3.596949340741,-0.999907182282628,-1.97242995844696,1.44629583047611,1.23619092874927,-3.20041983877518,1.47838788700623,0.847999334519816,0.977690026703887,-0.721205880095424,-0.278075585138857,-1.29479057386811,2.86838953103373,0.136601723742267,-0.0380051458891879,-2.56735200162538,-0.881235809991131,2.34207673522586,0.339359623819512,0.0433303099898454,-0.461352115608699,0.437907613664497
USA,1700000,140000,3.0618400727309,-0.667214861927854,-2.30694802920189,1.53523034838446,1.12444871036546,-2.98913633280915,1.30981820812556,0.934736999522169,0.738801438690627,-0.562602359675358,-0.211250470322214,-1.43747150039222,2.98438166197024,-0.0453533117497535,0.530045300555206,-2.51052068618606,-1.56962458929941,2.3860592189773,1.38073548043184,-0.15156575960429,-0.726178485337245,0.276761186855144
USA,1700000,165000,2.95937774716351,-0.435359662495254,-2.53316021226125,1.71926398216017,0.906054343873413,-2.92793638484658,1.36414376257553,0.792534701951058,0.52220005075681,-0.225912164585427,-0.152013854019119,-1.55364808887689,2.99642655226829,-0.331143336442799,0.86568735448688,-2.56710461312425,-1.76269597550649,2.30852442233738,1.51696466129579,-0.102325733137857,-0.8263052595186,-0.0220548890003469
USA,1700000,190000,3.28382384152527,-0.463121061718508,-2.29873746378209,1.78904562820581,0.779271720939601,-2.69108219927481,0.788866906293866,1.14918750303112,0.648542998447174,-0.628062275392046,-0.24616149290588,-1.23392880357704,3.07409033662629,-0.453603050589371,0.601653748259312,-2.5864394156964,-1.12890889001986,2.22720240021151,0.864664264714076,-0.217336578789872,-0.62994224157325,0.36486471596757
USA,1700000,215000,3.4305465063025,-0.443935022469576,-2.31884210008469,1.76881345838348,0.635251167742776,-2.55388601253676,0.72664160129424,1.41794847281872,0.558669804904076,-0.712685094298497,-0.375650841514291,-1.22222385597725,3.24881538266479,-0.444122046511807,0.479751832889595,-2.48347516880349,-0.957165453923069,2.16244729774905,0.836188246108264,-0.397238616187773,-0.594127640685597,0.512106638544561
USA,1700000,240000,3.75227276922657,-0.556254190034907,-2.47700898314598,1.69922548862762,0.601233602415895,-2.59394351632724,0.915378557915176,1.5623693663444,0.509783104217453,-1.1886502957032,0.0122957533221983,-1.32427870531325,3.36628908959928,-0.439084569447078,0.509796966789986,-2.34163173168234,-0.989720499795521,2.0791962524549,0.819797628261799,-0.505399126060931,-0.59519351544015,0.549947685254735
USA,1700000,265000,3.69196387991422,-0.501103186634872,-2.58717022315052,1.6775511945197,0.597518504725895,-2.70448758048912,1.06119683458745,1.66809593707739,0.427043787721733,-1.4101142144215,0.215460067566576,-1.35640030292867,3.42902111606603,-0.515004879727219,0.632915244517085,-2.34289566820128,-1.16414382588786,2.06844284246198,1.07863776582382,-0.659975995190722,-0.709696046437626,0.609378946679287
USA,1700000,290000,3.57728688297507,-0.497533546724495,-2.72673576466297,1.83726340194512,0.54003241229183,-2.67230202300629,1.01027292266032,1.70233869175266,0.417544406204295,-1.2856816574617,0.0123966640472037,-1.28397035078655,3.42973632053662,-0.63948952903286,0.805535147955533,-2.29321651359758,-1.49305878253836,2.17978553077479,1.28064638466539,-0.728560146592089,-0.581750191783872,0.232327749702852
USA,1700000,315000,3.65912854445296,-0.515200576561784,-3.01452256012529,2.16384668013346,0.504780720674577,-2.66352446567117,0.987217215874698,1.6970020758304,0.522011727616014,-1.45155328456831,0.0397324012478679,-1.20756583770995,3.34558514751695,-0.668158739405443,0.938680257480596,-2.24018772276095,-1.38515148676761,1.81137712974108,1.17610179885864,-0.599823350829486,-0.54018634080129,0.2026616554336
USA,1700000,340000,3.70885581168308,-0.485407558452394,-3.04943484977852,2.11128694210912,0.436736936489555,-2.60514384792026,0.977041529950098,1.75286129785027,0.576369159396032,-1.38029504363427,-0.108913201089833,-1.23843111854707,3.274583611748,-0.706206628178682,1.100854084576,-2.48816418102681,-1.02595062031037,1.48965633010551,1.23714502025021,-0.538396072616752,-0.728226533040782,0.15448794269054
USA,1700000,365000,3.64262925735896,-0.794112005915595,-2.83073702399228,2.29302221043413,0.507656128454872,-2.61154611265176,0.906249962759084,1.54373776747623,0.607760832428115,-1.32902402889193,-0.12181047247071,-1.26511998821575,3.20333542534422,-0.589251827429525,1.14430523059012,-2.73981273504473,-0.9977924536641,1.60851365967674,1.56546026308999,-0.661988890928587,-0.692255623556417,-0.136283237525865
USA,1700000,415000,3.68458875803858,-0.840870978589544,-2.61715714200583,2.06058872013758,0.570332632330289,-2.44668980586365,0.66888617038441,1.64451277496458,0.548486525042638,-1.41231379885713,-0.0629763074722881,-1.26950717844652,3.2508608972574,-0.648058904230723,1.19696037175893,-2.87560420629223,-0.894080413393311,1.39161822396495,1.90016094077922,-0.480474000841154,-0.78550183995766,-0.150390046862732
USA,1725000,90000,3.58606905548766,-0.882018884158575,-2.03755024989069,1.51177551831875,1.15551565922793,-3.24569390786363,1.42985686314025,0.746275501649784,1.09691430179685,-0.738997324117024,-0.254941702626136,-1.04142617533735,2.54285605363215,0.220412042551435,0.0562169955932612,-2.63359090598466,-0.76096176104493,2.47024351323448,0.0920453667999732,0.198687833337415,-0.435500525553186,0.408784931432562
USA,1725000,115000,3.73576301984655,-0.912434174489465,-2.07331602083087,1.58215442330767,1.05829050056762,-3.17347999374574,1.42591086867413,0.876410247687901,1.04241034057436,-0.904147263046414,-0.13628874890771,-1.19311235641445,2.79424433591567,0.105447413418026,0.0301895644270687,-2.67595562230095,-0.767800694567893,2.47251388086994,0.181509229882339,0.161298020980361,-0.417373468639231,0.404815148169884
USA,1725000,140000,3.47029430703679,-0.683895656442128,-2.34112390812918,1.70249340934354,0.904808560510796,-2.8447685806312,1.17084009390261,0.960448477927027,0.922358614294787,-0.962978786858796,-0.0342980620025424,-1.30178278026326,2.88722067602997,0.0263819179603262,0.432876425025431,-2.69393355934731,-1.17048805193709,2.52531488855831,0.799519914221204,0.0419087946072265,-0.540492669513505,0.36055449791635
USA,1725000,165000,3.39189505869711,-0.548396389667732,-2.47039907481979,1.80298929518371,0.758627685933517,-2.71005211534046,1.06535273795057,0.984848635849861,0.839018259483435,-0.888649230843773,-0.0612696213597808,-1.36207807835881,2.9408636079936,-0.0867971540740387,0.614763062938884,-2.66761681544608,-1.32669783694069,2.51673423726354,0.912363242326354,-0.0300744085760538,-0.618973754624117,0.354789585264432
USA,1725000,190000,3.43869077145482,-0.527428039132562,-2.3955786705351,1.82989409411,0.644200262748133,-2.60406415059621,0.872659235971399,1.14812169210661,0.867739156324348,-0.938972564258538,-0.250618186925643,-1.31595386787475,3.12092279726145,-0.233967657234039,0.504195112865032,-2.57533126932051,-1.13916499910499,2.47005136256631,0.513173535245276,-0.15841169518461,-0.474267297517384,0.570461363701009
USA,1725000,215000,3.3487917777991,-0.36482104875173,-2.38223413609196,1.77428807897596,0.570230429169273,-2.65081427036731,0.872642634614193,1.32891323222445,0.773545407538424,-1.00188773850588,-0.249996505904536,-1.3137799624146,3.30678370759799,-0.396674015873859,0.481104769979964,-2.44491892703983,-0.969028590089064,2.2522157826392,0.430594507680819,-0.330565532785852,-0.336639412339367,0.559211607109293
USA,1725000,240000,3.33153266703586,-0.273116324044424,-2.54375013894388,1.78586086539311,0.51980597217962,-2.79366161488735,1.04228553829542,1.46108105159088,0.639757272241694,-1.21144188050008,0.00401554317756148,-1.36415721479653,3.45550028044148,-0.519458676756464,0.547562908158632,-2.3272596934226,-0.998846739421809,2.07325752907623,0.871045466353215,-0.516495994779628,-0.591347466824326,0.404459169703059
USA,1725000,265000,3.38249547758513,-0.320529713682213,-2.9107036190079,2.13043727809344,0.452256992282779,-2.86533659313404,1.10350656567732,1.63628043406543,0.481527692717388,-1.40619183600448,0.230335962130444,-1.42776038000996,3.55117488960887,-0.593655341049639,0.622609250504551,-2.38778933133863,-1.33294898678787,2.37216454009628,1.37701408967927,-0.695208458778719,-0.973765296119895,0.311564306782657
USA,1725000,315000,3.41499954446591,-0.520179934363415,-3.42770409433201,2.76479396697127,0.403552790412006,-2.76443609298832,0.928375715531276,1.8913956461405,0.284487324111967,-1.46951788625786,0.254864047446771,-1.50312419871817,3.61796171684095,-0.733635858691918,0.847141486012526,-2.48071905931909,-1.4075975215962,2.39227074498721,1.13628393543455,-0.726395328241643,-0.807042463867161,0.209660515270122
USA,1725000,340000,3.39133616446448,-0.717228677705302,-2.94112269258899,2.29130603982573,0.482498820600413,-2.58606203292658,0.804853884771538,1.92868310919542,0.366215834713668,-1.4910774308163,0.174512476435576,-1.50240645993494,3.4947925518485,-0.724123938824565,0.986702917050961,-2.58505991727512,-0.644536327443343,1.55414886212258,1.29372441979897,-0.712760427176983,-0.781996576653801,0.162734503759706
USA,1725000,365000,3.46342355304353,-0.709535027536323,-2.98440340444683,2.41837547519318,0.456661113158673,-2.68707872749071,0.909622066606629,1.68082677749933,0.534255467033816,-1.30167002557664,-0.144913385124191,-1.29584087505064,3.30138524839463,-0.648541584191844,1.14561390826284,-2.77091375142264,-0.892746169679197,1.61211680487961,1.53630426718106,-0.778111118917757,-0.625054533109207,-0.154425816949801
USA,1750000,165000,3.6508885322363,-0.563820848316387,-2.5073457264996,1.8815709350774,0.612004055768084,-2.52899232194234,0.903146194302514,1.11096984516005,0.968345250474619,-1.30296878646268,0.0781548932885281,-1.28732388044834,3.04568559640409,-0.0848430865380658,0.521125167720616,-2.70443014767242,-1.10651441788473,2.64891697099294,0.520862850811611,0.0356426842103161,-0.486232546927825,0.539324995669024
USA,1750000,190000,3.54839740702706,-0.575861603028243,-2.51681016961874,1.89157142711209,0.521619203739763,-2.61065863557283,1.0383763174453,1.18511224150573,0.912228753810009,-1.17940928432035,-0.120686143491716,-1.39062941850813,3.17435817043395,-0.0922361497572517,0.451859940187472,-2.55839428668245,-1.15533405799348,2.59960742191403,0.306185458980085,-0.108330900107926,-0.370653149818242,0.655468387111574
USA,1750000,215000,3.32919948089054,-0.393711470093562,-2.48119853390463,1.8213236249452,0.486232655552199,-2.71010387751742,1.03143432586619,1.29427339470612,0.833475458817261,-1.14940485212088,-0.130286057310141,-1.40952282574801,3.34826647258066,-0.330771430669601,0.494826431496792,-2.42089247527651,-1.04365883521591,2.35036500411548,0.219245639250634,-0.2727229717041,-0.193074819997546,0.57917548358171
USA,1750000,240000,3.11230676769686,-0.200601649206028,-2.55458394487759,1.81252492377991,0.460172984219835,-2.85435812030462,1.07679348755028,1.39505075814468,0.719555979128747,-1.19241521099199,-0.00311484214760238,-1.43202128569524,3.5191807996093,-0.575170750533318,0.600676053610732,-2.30955758042573,-1.02813262365291,2.13551618592101,0.797536433780587,-0.482694055152466,-0.552750789620135,0.420010612331262
USA,1750000,440000,3.71577538482714,-0.797986553168687,-2.98234182991656,2.44652634855724,0.383783119249768,-2.20529012174839,0.422797173867983,1.76680669637355,0.581856558147412,-1.42347795633383,-0.0717267796302696,-1.25076412525076,3.52099311145381,-0.765696330244685,1.18264831805695,-2.95899443171337,-0.902927956031176,1.39466449422302,2.18888440566115,-1.05832136226828,-0.445721626577945,-0.451963398199759
USA,1775000,390000,3.25735814745508,-0.503046610787368,-3.15244555170865,2.46671512387542,0.335592825399232,-2.40497889140686,0.709772930594712,1.50611510368106,0.638129787739945,-1.17024513992854,-0.187035722752599,-1.20695021019326,3.38581152163884,-0.618015706273233,1.16402600098472,-2.81671016250025,-1.14591300184413,1.73603582393522,1.72540204240639,-0.868788837857018,-0.725583979183103,-0.0404001507998646
USA,1775000,415000,3.4978372364675,-0.615955001032182,-3.12673905113414,2.48808273391105,0.320692697903399,-2.21493750230617,0.461522333753684,1.6488553651035,0.624537656454454,-1.25714587145548,-0.144571334926809,-1.24922205504827,3.58404924297273,-0.766088325460096,1.13893194030267,-2.90289165915241,-0.925298530379058,1.52065531812381,2.01365459362263,-1.0394550154417,-0.401734935826979,-0.0500369558706764
USA,1775000,440000,3.6998653227289,-0.681313623961531,-3.10754413330838,2.522294589663,0.259093161121154,-2.18478953968226,0.381140218082555,1.7240886570306,0.708488413419678,-1.44121221796722,-0.0692347706612289,-1.2299914253564,3.57746745644952,-0.778334944668824,1.13411626438614,-2.89786547109278,-0.951983841923873,1.30734415993701,2.26629151844128,-1.12307302359817,-0.275335285712695,-0.595120716649366
USA,1775000,465000,3.86243776021999,-0.831166006850558,-2.90866565019506,2.31699944464468,0.2235329674886,-2.10211665019763,0.299766509468175,1.72984825397606,0.825406135806824,-1.48610615804795,-0.0893637309633446,-1.20583849999351,3.40241393916636,-0.695154742759327,1.14832327150585,-2.75929619441167,-1.11314315468833,1.16698531761148,2.34136913611435,-0.981585197405581,-0.42868244323624,-0.78322870610099
USA,1800000,365000,2.87041306380749,-0.39063689858127,-2.98000921248946,2.40366382938754,0.352715585990703,-2.44041197047336,0.650397929988357,1.68498249516016,0.427878662335789,-1.18388143860125,0.070764360956562,-1.39477701828829,3.00368373406463,-0.239799219546465,1.14831713787868,-2.60789580092681,-1.0070361190808,1.38820542550745,1.7615212463839,-1.01382224720234,-0.184236049521737,-0.580891520126441
USA,1800000,390000,3.07259763674534,-0.497758106116693,-2.95636243079389,2.41417860930983,0.268519736294536,-2.33578709181446,0.620029287053924,1.42792890557602,0.765800858219468,-1.21806065881334,-0.0501788795433429,-1.2481036205417,3.35435402730353,-0.645665325273238,1.17247384209768,-2.71652590366153,-1.14354098223958,1.57025423621945,1.78450903433898,-1.01656276226499,-0.60280994373908,-0.325354301695985
USA,1800000,415000,3.30091091487819,-0.651897743774366,-2.8709302710306,2.39312000110448,0.212743132143358,-2.169803478883,0.529126993456251,1.51367330068152,0.736928862608665,-1.28948507318566,-0.0367683881144322,-1.18847477942927,3.59619855182928,-0.988091554137144,1.19121733541098,-2.76622081330509,-1.04472719385929,1.43561098388906,1.83686855295091,-1.04225935330524,-0.598723685199493,-0.533966332692386
USA,1800000,440000,3.48259125359535,-0.672851410141016,-2.89002114542939,2.39146797981267,0.157536134573813,-2.10542791635109,0.489532103706981,1.77610028732977,0.549580210701605,-1.41632695953862,-0.0147809410093362,-1.12751660703379,3.71165371395226,-1.2051293123325,1.23963972816849,-2.82218771148712,-0.92184299416383,1.22358227804772,1.8326979384749,-1.05368995487766,-0.341962850335114,-0.74867407173748
USA,1800000,465000,3.63233121267018,-0.584159238175508,-2.99684217997358,2.39028698364618,0.155107542606668,-2.23302138713379,0.578106684719778,1.6906253576889,0.701006455857347,-1.58092373241205,-0.131613687898751,-0.949741227910503,3.53020847310361,-1.06212881567864,1.28153918353,-2.85379453607626,-1.02979375763379,1.24963119940498,1.8159450153294,-0.91228586526067,-0.449644421710927,-0.653855385397721
USA,1800000,490000,3.75006771983151,-0.648046579317613,-2.74428309236268,2.12714193264519,0.180297646819568,-2.08159797144994,0.478149595176897,1.62245304923885,0.76047554498851,-1.73258277694958,-0.0137719107944929,-1.03987886143904,3.45677738350799,-1.02043033886314,1.4008116579051,-2.76701410348409,-1.05326219930468,1.14203040129055,2.10215189487548,-0.934958409957852,-0.502233202068655,-0.661613616835738
USA,1800000,515000,3.85114794959989,-0.610196988180621,-2.76031634769931,1.96223141726816,0.222076864000429,-1.89603493822917,0.245603505717934,1.86004337549464,0.745027739079725,-1.76837989230968,-0.00708622324225505,-1.10597163587382,3.49262811512602,-1.00863622463003,1.49723697209952,-2.85128558845363,-1.02595619162781,1.03024995490946,2.23939236616167,-0.889589271360159,-0.263004761677735,-0.812655666223085
USA,1825000,315000,2.83519312032306,-0.259619823564111,-3.11748297170194,2.44126976379222,0.49058159690481,-2.52465325414234,0.510626195276337,1.64636340741317,0.581501012493991,-1.33202500743858,0.196292006752376,-1.32612241037943,3.33053942516541,-0.639146658945741,0.989387966361222,-2.43733013105585,-1.04478257573716,1.73227078937168,0.743905385395678,-0.363772798158013,-0.438238026339226,-0.331917601426218
USA,1825000,340000,2.80328059524583,-0.272436600984944,-3.01035438918543,2.3755307694555,0.437169884918327,-2.42102051188071,0.444445636581084,1.6590434540114,0.519529042551372,-1.24459029697019,0.130759155942298,-1.28288576028713,3.25487566471401,-0.614202378590107,1.08661253512314,-2.50385471699171,-1.00700842876011,1.5421898415071,0.926944251196342,-0.45286228159281,-0.338398337928436,-0.605378574626561
USA,1825000,390000,2.97380484202632,-0.308376515173266,-2.91401616546623,2.3452793176077,0.150823326127553,-2.14463993200527,0.298293439305212,1.3178825171109,0.990666763537719,-1.22247655793911,0.101731317893394,-1.28435120872313,3.33336024603099,-0.741841434457082,1.17721778924395,-2.61262838998429,-1.01406423796747,1.38399673152873,1.83142988563534,-0.996038198990502,-0.267358216575207,-0.740623638723882
USA,1825000,415000,3.19024858478722,-0.375370951632029,-2.88974737697775,2.34291282779717,-0.00908883124602682,-1.95183521431209,0.244864574426548,1.17113031661093,1.23870717149833,-1.34415734464748,0.114968914152631,-1.21875145504,3.49128894863633,-0.995957020421913,1.22803850702329,-2.70000002493068,-1.00004647983544,1.35223685058709,1.92745635886919,-0.972066530609209,-0.330666649257468,-0.643895511018355
USA,1825000,440000,3.39347544320341,-0.399165005605583,-2.95187206261002,2.37388326386135,-0.112489230875126,-1.87308067596407,0.242834341847523,1.67622663193176,0.812463503940055,-1.48972597368589,0.140813638091144,-1.20876622231522,3.49380954749687,-0.987448652933905,1.24460206645391,-2.7909336946948,-0.996648103100931,1.31198454771699,1.92716720571232,-0.887079918381581,-0.323422540746728,-0.663731794998461
USA,1825000,465000,3.50824746121498,-0.441201720808538,-2.96746947379214,2.37001138313956,-0.112841153914189,-1.91056900285675,0.338983201906207,1.67307791477091,0.795710481175328,-1.56430393902033,0.112348560510547,-1.17891835427803,3.52314786787309,-1.02856449411944,1.25680658778549,-2.81823288958179,-0.985504206686719,1.24611340817549,1.75501928008119,-0.799588494607867,-0.316141448973854,-0.880603736021704
USA,1825000,490000,3.64028076306583,-0.504495488007245,-2.77384626399521,2.19442962290413,-0.0521106507336073,-1.8429561753901,0.273072578148933,1.74605796747686,0.861740734788036,-1.72724692262128,0.0382729849654084,-1.16771738352249,3.57904610556845,-0.934603528025085,1.34617882074931,-2.81317489136333,-1.0041997366732,1.12071345505581,1.85502513479801,-0.797483551218092,-0.345492492337516,-0.836133269100358
USA,1825000,515000,3.67426276621303,-0.398469204177754,-2.87136532886235,2.16795183470353,-0.00353768065057025,-1.98349620869848,0.228777695087413,1.85008451276712,0.824050252811805,-1.77788959420675,0.0736491797635654,-1.16986005496421,3.58184298762736,-0.938920502750387,1.45048640109173,-2.90904915337786,-1.02953024793797,1.05235671772211,2.09765348716515,-0.759638750321672,-0.313411536942949,-0.776693377684659
USA,1825000,540000,3.66838957870355,-0.327862211201321,-2.84546469704968,2.00306175018241,0.148506381835223,-2.08643828828371,0.277471677290481,1.78806941147787,0.866548833328034,-1.84663136443643,-0.00255670145456666,-0.98035607869779,3.59737826180713,-1.08532162542874,1.53270893303143,-2.83520495729072,-1.06605348035825,0.925522377157231,2.12361017747695,-0.814826136155631,-0.0412266563772437,-0.874365849964762
USA,1850000,390000,2.81427750170578,-0.105211078944401,-2.87248866291505,2.29378681806045,0.0995734162401261,-2.12032759265743,0.0841266678578074,1.54133413566726,0.819233703147622,-1.13765957839556,0.139612053451264,-1.23459074730027,3.45587551749228,-0.962847705668167,1.14457618482631,-2.47656583291603,-0.978737448067135,1.29920574493668,1.92870370938761,-0.82300914004028,-0.234086144566451,-0.962059468712537
USA,1850000,415000,2.99022181028022,-0.0959136902054908,-2.87192797157252,2.27036407986825,-0.131608391568435,-1.90668858924449,0.0625656201092772,1.49559890398815,0.995640103581928,-1.31409986151807,0.194279437543651,-1.21391641924659,3.43076643321074,-0.991363094125658,1.19906058208546,-2.57877732466587,-0.988039363465933,1.30031860020058,1.99770293131009,-0.825296664155939,-0.26439554856382,-0.692121803829031
USA,1850000,440000,3.18736966469611,-0.109037564117728,-2.89489556570251,2.25310031860544,-0.292020798867148,-1.77846986260737,0.077357987066125,2.00857429779335,0.58726665186794,-1.50856016935486,0.233874309680452,-1.17932156989364,3.3177845180709,-0.880093334424499,1.22352218636188,-2.64902377316437,-1.03004933788329,1.3148730189028,2.0245690427668,-0.744068404959098,-0.329538095169066,-0.58781261800409
USA,1850000,465000,3.29953656722469,-0.189730816993499,-2.94300988121544,2.28989964628532,-0.279548688074058,-1.86192058670861,0.212609099700276,1.71436279234487,0.786391523046691,-1.53356572370184,0.265620907668436,-1.27308821461916,3.42231307691215,-0.803252490211569,1.12970669196403,-2.58489525396021,-1.03354864750168,1.20345554923394,1.91035108766443,-0.77870895322901,-0.364520977829197,-0.798602190061977
USA,1850000,490000,3.39794877394962,-0.215407217386991,-2.91553094105873,2.22804700943528,-0.199278728670966,-1.96962824230212,0.196760124645275,1.74373006266523,0.85778903807703,-1.68099142643997,0.220475712262874,-1.2340970708295,3.59090466154292,-0.874273418032919,1.2107494630215,-2.62082284862641,-1.06589992661412,1.13124783222761,1.68506731078798,-0.763056769911999,-0.386405544741188,-0.599835500246935
USA,1850000,515000,3.44302960436191,-0.198890847163722,-2.93295738532069,2.2214211464593,-0.12905994341536,-2.09198464746495,0.174908495764353,1.77446853273216,0.921021379341764,-1.75702417586913,0.145298754697575,-1.18739969245122,3.69237383563483,-1.05665064795396,1.44979156115548,-2.8232127263457,-0.98641854846764,1.06831488880266,1.92326653217842,-0.769409953412873,-0.401289362368344,-0.597378564588759
USA,1850000,615000,3.58278510873741,-0.238852247838139,-2.85988739259221,1.8873196686709,0.00925544611875884,-2.09837870433542,0.281042610018779,1.63708077178614,1.09357603093086,-2.12247085384533,0.165215845757547,-0.88147480545081,3.83034933000725,-1.33640140289756,1.53945264375551,-2.7240325861364,-1.04866688748332,0.896553328995371,1.80796915156409,-0.702185748798936,-0.569900370673802,-0.629960280160718
USA,1875000,390000,2.68757252257134,0.0839729579822723,-2.90183989757174,2.28318534589196,0.0155366716969798,-2.11588602844635,-0.0728968962456993,1.69838654893546,0.774205698166668,-1.11165305010739,0.177234032732674,-1.21327065086318,3.42015122375199,-0.904916151356428,1.04215111647508,-2.38501654564967,-0.947300807172919,1.26814662685133,1.93127179364169,-0.670503777260482,-0.209815691988628,-1.01199474482445
USA,1875000,415000,2.80978091730894,0.113665443655101,-2.9030798706984,2.27369930084513,-0.185606707108222,-1.9903841886752,-0.0138375613724435,1.6259876294614,0.880582364518036,-1.24073250542711,0.265511023706402,-1.26788227906802,3.42376860701798,-0.915187610610405,1.05525120610004,-2.40101965005753,-0.965486747345208,1.24372875921523,1.88320594859779,-0.727479519484683,-0.23168535914064,-1.06814095160509
USA,1875000,440000,2.9657089190269,0.0859796018714718,-2.89280506901618,2.22486398593818,-0.327879840262112,-1.90448935961859,0.0827797634270455,1.7378323071886,0.775319089964185,-1.31450585944439,0.26735002985895,-1.26896748572277,3.35814619666552,-0.837540225639271,1.04903062103299,-2.39167619648065,-0.978942391101205,1.18952008416259,1.98487490746941,-0.757817887516845,-0.235463399677943,-0.927278894220026
USA,1875000,465000,3.06244699488346,0.0537309945314791,-2.93241943737813,2.2151073103866,-0.354478386316783,-1.95670616663159,0.192000865100551,1.63986261176001,0.816645773790898,-1.26446052574436,0.2059527077047,-1.27853435098772,3.38362738996374,-0.750198796353075,0.988938422372143,-2.32040720903268,-0.961955463403409,1.05240217873457,2.1350976786205,-0.810920115662913,-0.366471824312308,-0.969655125935845
USA,1875000,490000,3.14594010224771,0.12851416929828,-3.04771114886545,2.14779034170506,-0.23566713696112,-2.08655098134363,0.0825721122858612,1.91269507174415,0.68246947190899,-1.33217135025792,0.110510844037804,-1.23454654772586,3.62151216496134,-1.04779308840971,1.20837781791062,-2.45042067442287,-0.865551598662477,0.958487233524017,1.78180254106799,-0.70387777366523,-0.406386976616917,-0.451124841433106
USA,1875000,515000,3.20588482534467,0.00438733437732486,-2.9707285221678,2.15153198821427,-0.144946581467965,-2.21869932675643,-0.00123608014542631,1.84880430815075,0.916096567037896,-1.5998842872576,0.134392193242768,-1.18317785334945,3.83008133761631,-1.52429772867289,1.68652548655614,-2.79889191923251,-0.77235697174046,1.04642899155508,1.80513898289941,-0.832645463023329,-0.411461255104473,-0.456154174813281
USA,1875000,615000,3.26829523705093,-0.0253285860404118,-2.84341517035996,1.90790469456192,0.0942101321592617,-2.10177588330833,0.153072327776257,1.54026512469715,1.20469032743185,-2.07829501751751,0.114479165385968,-0.959267680147978,3.92992895905979,-1.23858585968009,1.35024081739753,-2.60689259012973,-0.962146656644037,0.807738713811141,1.52555418264092,-0.674796024072089,-0.327259340278205,-0.603818215626392
USA,1875000,690000,3.7239755698712,0.0759423809627,-3.08903362026996,1.70246289369894,0.0918507896630754,-1.94824202821273,-0.0071223268246996,1.63738268165059,1.36182147113426,-2.41301227117875,0.451337185208127,-1.31604301820583,4.20094682652619,-1.40717958364913,1.18194585011628,-2.17955824160717,-1.10193952790972,0.656897156095937,2.06558749359432,-0.627485129910561,-0.694191652682837,-0.700614323743865
USA,1900000,415000,2.68758521430168,0.228454938281437,-2.90364484572272,2.23870178221988,-0.200956047394679,-2.03773432349915,-0.0672246612979355,1.62655153373373,0.95942047694106,-1.35396489253233,0.406255223019838,-1.2894694920064,3.29782169717087,-0.749648073796598,0.96488211052399,-2.33162666033315,-0.94542629586735,1.24150214903549,1.43339997336432,-0.656746394007966,-0.26680139743735,-0.634242640909167
USA,1900000,440000,2.77814239725829,0.238992350937263,-2.8671651430219,2.18987497254799,-0.309766805593429,-2.04295330611856,0.0516058813571629,1.62986213517314,0.917602479876845,-1.25432608057857,0.317287734365397,-1.35416591503162,3.3821096693467,-0.852623838519712,0.96444734244905,-2.23512715947809,-0.960984671990418,1.15455318990165,1.63353303498483,-0.727873463891271,0.0608901626833986,-0.921294778064835
USA,1900000,465000,2.86920955484693,0.329649972491732,-3.00485146513754,2.13783687050587,-0.286960625835904,-2.09228236349317,-0.0926593580541977,1.99528635804402,0.708195340773465,-1.10269126940991,0.194037049557224,-1.34249060612473,3.45557608661563,-0.875427971228427,0.965034193219029,-2.17758411500847,-0.906390062853449,0.937506770876611,1.74231182950359,-0.734660296429517,-0.0924596511390778,-0.803003032862281
USA,1900000,490000,2.91680525958848,0.340780961878763,-3.1292306409356,2.20915240404483,-0.269329910664455,-2.18657747631584,-0.0236573970259506,2.02068107607244,0.680495251208327,-1.15693726127594,0.137972114051288,-1.33325022015125,3.63373928493493,-0.991998951743722,1.08264190043775,-2.22813572071803,-0.87018134654315,0.842587348313902,1.82942443805723,-0.793759286341178,-0.358559604078936,-0.515331788159755
USA,1900000,515000,2.92782169205566,0.232186949114751,-3.10694071742886,2.30157118697738,-0.216153166114107,-2.30425065300026,0.123951622591217,1.80721399033602,0.849273961971327,-1.36250576208007,0.128203194543636,-1.28030149081375,3.85078661673361,-1.27556831809123,1.32050640114755,-2.37649225579828,-0.912444519440926,0.891749508125709,1.9414539342489,-0.863756689179922,-0.393279536433774,-0.51352806393949
USA,1900000,540000,3.01415416100889,0.149966382553841,-3.03624095151106,2.20035221613904,-0.0347863463050335,-2.36748963809978,0.159444364741133,1.65391425387522,0.962443126506644,-1.48833836887485,0.067997449961174,-1.11629159636234,3.93069956961374,-1.35767722295357,1.35510602201768,-2.43384114510241,-0.951896338232251,0.742002684430855,2.06584479253574,-0.706490910932971,-0.417544341863389,-0.59228408454571
USA,1900000,565000,3.13812304760002,0.0575374536802534,-2.97298196443649,2.13428784252136,0.0159588389822027,-2.34879925708752,0.235192456538993,1.52314516164049,1.04320110058216,-1.6355669922167,0.0583017021633805,-1.0186605835559,3.98360811712044,-1.43011973864545,1.49555094631496,-2.50440157990874,-0.877315446659289,0.611076064572138,2.1577931282054,-0.680676629839543,-0.596801165939244,-0.579092639800618
USA,1900000,590000,3.05928254669398,0.0466877222246173,-2.84103979222921,2.02577652523453,0.0874158963203966,-2.29902724751904,0.206042352096151,1.51979034585797,1.11607689945985,-1.79076613480823,0.0549571348541145,-0.944870029577968,3.98226212063892,-1.46672926604379,1.38277127734202,-2.37506313575946,-0.89433688757702,0.623493659464374,1.86557428040034,-0.761351935576008,-0.438539371207179,-0.546829872031042
USA,1900000,690000,3.3852567724377,0.311709038157033,-3.12160466729321,1.7631891168136,-0.0140410325439122,-1.91598695468579,-0.0330579117060816,1.46071477607494,1.51259655457301,-2.37222753622308,0.443864365009889,-1.16822443965392,4.14935165350216,-1.55221607212455,1.09511831631082,-2.1221620114197,-1.02801582275379,0.620971021155445,1.12571074586838,-0.249331986495053,-0.765065780243766,-0.355122449744361
USA,1925000,440000,2.6639382590205,0.318866676219643,-2.83467834678918,2.13300832309053,-0.278349168762813,-2.06322770108325,0.0731897405471368,1.4551259529202,1.02588162166386,-1.13315947482005,0.243620640567157,-1.29143520889073,3.26867312428497,-0.774931491580373,0.959974867259554,-2.23629981710938,-1.02973665057263,1.24272665529314,1.69494246677591,-0.836142983369301,0.310880597983247,-0.977631586871714
USA,1925000,465000,2.7081479381698,0.352523480111272,-2.90504109553109,2.12080314030382,-0.240387331777592,-2.15278869536853,-0.441101815129163,2.18986252054884,0.873592223052886,-1.09736245858594,0.27005672328254,-1.36165790256644,3.36716341485184,-0.887080471560992,1.0285764060612,-2.19204320982042,-0.989637282649349,1.04963921443398,1.51427982174977,-0.931721049994028,0.0295741228672366,-0.981144545812689
USA,1925000,490000,2.70834843010292,0.339723551747366,-2.99092908003334,2.16459189148427,-0.180291675182776,-2.23635603523024,-0.176759193410318,2.07108040928243,0.774417600896425,-1.20025749808893,0.233347389493851,-1.3134607733461,3.56879140775379,-1.07801202195533,1.16779247935609,-2.17068407028802,-1.02727774896182,0.950620979315604,1.5969652761896,-0.935687711243551,-0.240948254321615,-0.782522360215419
USA,1925000,515000,2.65873821078717,0.306822604187348,-3.03208932498754,2.34145381406611,-0.202670779157619,-2.34361121816434,0.144726859192247,1.70425750411678,0.895707685855457,-1.28866753298604,0.0851504225086771,-1.21755892893563,3.77536636263392,-1.43708068238839,1.44908463749993,-2.19775437332776,-1.31566912900836,1.18661452059668,1.58668566219344,-0.876894263914199,-0.394682647192795,-0.443879586029829
USA,1925000,565000,2.73651407121212,0.292297813083633,-2.98925788748532,2.28830699620852,-0.0935742273424046,-2.40913245860537,0.0387088865574885,1.6878145786556,1.06449101226918,-1.51004442100337,0.154267332130441,-1.17938576576334,3.89815065991479,-1.29088792725425,1.36392198726328,-2.36299043191735,-0.92061315936787,0.692432097218557,2.01821361021079,-1.13891910577805,-0.0949997158527613,-0.795707634188901
USA,1925000,590000,2.88610435585285,0.187975714032084,-2.92483346024252,2.16051819128448,-0.0159014860358336,-2.36685538861396,0.144347555090449,1.57212802088137,1.10216236472658,-1.64677913311597,0.114631921495644,-1.0577090628485,3.95485894680523,-1.45218617144919,1.44524640645981,-2.37545897855665,-0.82295374882425,0.552033986227659,2.05138501478542,-1.01204044515235,-0.246221703117522,-0.711816476850101
USA,1950000,465000,2.56458757319117,0.354990636680137,-2.90423019564359,2.09303289449218,-0.175912915154029,-2.10166102086363,-0.20479223650952,1.84060754106524,0.897704247689525,-1.06565443178805,0.229814457336674,-1.1466418218784,3.20888842021804,-0.792968622672355,1.03271943319396,-2.21644714956035,-0.926578464618396,1.02190055622693,1.70751522160089,-1.02877498624917,-0.185084003312568,-0.962325733638589
USA,1950000,490000,2.55864656890473,0.30278864873985,-2.87789157627922,2.04941710377093,-0.0844479699496369,-2.15361080040439,0.303780756750738,1.38948354743942,0.886590188931656,-1.17363068170307,0.221311172856874,-1.12068464450623,3.35591575374551,-0.975489820456378,1.12605699964363,-2.13938779661249,-0.927251648271521,0.846865098806067,1.56001582481405,-0.855686411533734,-0.1537881464504,-0.869848533871037
USA,1950000,515000,2.5236772067171,0.316306841835579,-2.90858907411786,2.18694517800456,-0.107514529321291,-2.27136999866993,0.30159467079429,1.41050322297064,0.936421748634567,-1.23552901515966,0.1020752099605,-1.10049716863219,3.54358305561538,-1.33051390388897,1.40910800219916,-2.15538521719865,-1.22537900311121,1.07547771540326,1.50097326343324,-0.859583786755986,-0.26060780870909,-0.647512099597583
USA,1975000,440000,2.36648729951696,0.47502076924783,-2.86943199093118,2.10506400715703,-0.172022687673261,-1.99696095537492,-0.33339767921737,1.79827786522348,0.872579760865764,-1.18023973723319,0.408797309446641,-1.08442970992123,2.9386496678138,-0.545917137264496,1.00769488119158,-2.34793607586373,-0.942221109334165,1.21169950742809,1.11157948596801,-0.835846990183088,-0.178876511212299,-0.781825947876691
USA,1975000,465000,2.44005627160338,0.322651384019496,-2.74698480273683,2.1015285043897,-0.212006837276499,-1.95307351425765,-0.287622952357249,1.77079724869523,0.852818268826495,-1.30349598087588,0.542355572366173,-1.12890377636253,3.08385284000015,-0.673484184139306,1.01158234224872,-2.22435220220536,-0.943904555679985,1.03270408268956,1.42655083417194,-0.950377130029757,-0.072448665442685,-0.841826454127124
USA,1975000,490000,2.50277973288254,0.295952732053276,-2.81795079950133,2.08122549891881,-0.12652494902556,-2.08573483799498,0.0501741189243106,1.54152969990958,0.902712080951116,-1.22701576929584,0.327205152545421,-1.09998012689656,3.23747921164502,-0.860502494483738,1.08798510972969,-2.16030148871584,-0.940685155092244,0.905058597959309,1.51553843981819,-0.885803401849605,-0.102662685866133,-0.887396494653811
USA,2e+06,465000,2.38527437149275,0.262451788883789,-2.5788393790553,2.10827830918445,-0.246651934846343,-1.85029332082932,-0.394793993865724,1.72823614771534,0.913471185889829,-1.54978654174673,0.804286558879616,-1.38674355373261,3.18493902199763,-0.538865152064999,0.951102274156587,-2.21457217038644,-0.967091728413341,1.02685896022504,1.38290413734476,-0.878167062839468,0.0301255251752439,-0.821785981491722
USA,2e+06,490000,2.46854689025455,0.27014474088493,-2.68757660548994,2.15583966267276,-0.243257589263354,-1.94608766812562,-0.353667037743306,1.69886195156223,0.993459849193384,-1.65233908860481,0.818057483967882,-1.51432421622875,3.37523930096486,-0.540629722558134,0.969205682857115,-2.22346469162725,-0.959288822844152,0.954056881039918,1.48908199397629,-0.827578682518958,-0.0341924095005164,-0.942718162254524
USA,2e+06,515000,2.49519127607422,0.334948577525666,-2.81767287473478,2.19490694184311,-0.219622971767872,-2.08175089447787,-0.228894774873728,1.63780093069175,1.05989428657188,-1.46387167170319,0.490799943188882,-1.32360624157334,3.35759194915283,-0.713102055075133,1.08571688068407,-2.22013441616274,-0.990269069739509,0.898596914047103,1.57827195363751,-0.852343990534793,-0.0784457403908516,-0.994237025146116
