SOURCE,X,Y,1998,1999,2000,2001,2002,2003,2004,2005,2006,2007,2008,2009,2010,2011,2012,2013,2014,2015,2016,2017,2018,2019,2020
USA,25000,1045000,-0.438150081626471,0.965952970203705,-0.132154660106798,0.131748732402767,0.901072087092736,-0.114524385829196,-3.95501961567213,2.83386722709245,0.105770185592224,0.926635049294379,-1.60305610669328,-2.03562856190375,3.77812761256313,-1.28313369321071,1.03426322001579,-0.57955735129022,0.623323582897737,-1.5862085264319,0.0139101086345899,0.213892458920346,2.01552891703949,-1.97050032746736,1.76205053476296
USA,25000,870000,-0.319272533430568,1.21446471421063,-0.526247283571442,-0.394073348972374,1.157158422057,0.631832551818581,-4.26292018359352,2.39305566517383,0.420763037927369,0.52446755376317,-1.1520632468697,-2.09910688214674,3.90668862403742,-0.944697832968378,0.585070204711891,-1.42941209868533,1.74150152910287,-2.26947908708939,0.125676243640582,0.358793838899178,2.06620984528419,-2.65274058004517,2.59949953259767
USA,50000,1020000,-0.54243385581151,1.10119118787978,-0.0600433731480252,-0.118803735404089,1.23750806665959,-0.335190842393194,-4.05652485006104,2.87898289067133,0.0666606110427686,0.902304277467341,-1.69445300027945,-1.93811192753001,3.90115078616071,-1.24094327271128,0.802022956417172,-0.625872100351673,0.891499903231112,-1.91387370038198,0.254099832036375,0.0838800159107409,2.14400607886341,-2.1476736491533,1.98919133204064
USA,50000,895000,-0.586427647904362,1.4042870676552,-0.775122197722846,-0.20967782491343,1.18732336244056,0.515229306065069,-4.27073185052203,2.42464462584723,0.426183986892283,0.58768371176977,-1.2090862290279,-2.03226406602,4.02463708240008,-1.14200361747853,0.642269409321319,-1.36130933464755,1.75636792932528,-2.31645958296377,0.121424518648464,0.300880035996288,1.90815094246604,-2.45736857944447,2.47814482243995
USA,50000,870000,-0.439683788149619,1.4026409098888,-0.674009974212903,-0.335728898843917,1.21370816965306,0.592040746397854,-4.42396653067893,2.51602962977762,0.420580260227197,0.443483417646834,-1.11502476236438,-2.05822915677656,4.02195705929805,-1.13315804639747,0.747100187877849,-1.56759485783317,1.96243522386284,-2.41255919668615,0.12728215896391,0.208689123081818,2.13959448688551,-2.76384399292817,2.72402129092081
USA,50000,845000,-0.388170207625655,1.44536982729635,-0.700257067840738,-0.382271850335811,1.17894172930817,0.614550803683123,-4.38759137289394,2.63860834549176,0.337688622704097,0.273942151047691,-0.972228298068899,-2.09522177159907,3.98524506866039,-1.06347532262559,0.801090718833727,-1.65632963911899,1.97585931571214,-2.38906166192646,0.232615034479101,0.108234361361158,2.31347231318214,-2.8119005381303,2.65586143910889
USA,50000,820000,-0.450741027831193,1.54132827483877,-0.778340458371163,-0.37710307752414,1.03259033809484,0.654754746730884,-4.18540019039471,2.69024737856632,0.278382440368785,0.0750487170506435,-0.725248643920608,-2.19445223046864,3.93716544941583,-0.913941274015146,0.672853074989435,-1.61453540869759,1.86131029918426,-2.31327846142402,0.477098578942878,0.0381791828116946,2.3173815305925,-2.61543090114566,2.34193550696907
USA,75000,1045000,-0.460228845002664,1.16277717920383,-0.0602188054209285,-0.0441030482165865,1.09467417930501,-0.236083250735963,-4.10005862173212,2.80275995254332,0.200189209793411,0.78447392736714,-1.49846131431913,-2.16640031705792,4.08438290635154,-1.40212419359903,0.899342105857127,-0.779800565883071,1.02595915031267,-1.99155302869216,0.23336221373473,0.184799464373954,2.05783434243391,-1.93195755107294,1.71152033288186
USA,75000,1020000,-0.504385389450908,1.18001886383961,-0.0628486480715664,-0.131152736017507,1.25052150073934,-0.321630290052718,-4.1021492838151,2.82307442944788,0.0928229164097205,0.863876220420461,-1.60460599379003,-2.01660756438665,4.02914928766807,-1.28677910674187,0.776626833901946,-0.786020772418922,1.03875903190387,-2.01386062873583,0.303859571468476,0.100418829526195,2.12730520516491,-2.09841314067344,1.88852642637595
USA,75000,895000,-0.625034734641273,1.50247093177614,-0.790763554606171,-0.145764283193278,1.04900812202102,0.530502272065578,-4.34230779488926,2.48881221661111,0.484094371878252,0.552860729081155,-1.1648352323285,-2.00819220804679,4.1004907370703,-1.14291076061614,0.557047674674167,-1.3435717585,1.88179468212925,-2.38355318027767,0.144434519449327,0.288223214350176,1.82918628669129,-2.55688582701177,2.52083997481304
USA,75000,870000,-0.571111980910591,1.58439442442885,-0.723316436006574,-0.389153263794016,1.24144799017342,0.591794911879647,-4.45938597258708,2.47956072576042,0.527581601320587,0.362295591674098,-1.04782784943748,-2.05885693930058,4.09742322760988,-1.09924181886868,0.689886843284201,-1.62832855196409,2.08013773313697,-2.47456841163868,0.174076957770439,0.169468769253366,2.09559341762578,-2.6864492077602,2.62759334132004
USA,75000,845000,-0.509755587991825,1.60598855751756,-0.833649546791771,-0.450343360149023,1.32815900132961,0.645680135295404,-4.41049725254842,2.54271021923771,0.46069228541888,0.155504849687706,-0.878664733751943,-2.12536986148982,4.03778223075253,-1.01795110911204,0.81957825315867,-1.79698500181485,2.06116259434553,-2.4309522899306,0.302963156138556,0.0677098881278735,2.30329354281004,-2.70173522838993,2.49829984901124
USA,75000,820000,-0.506445204046548,1.61049722894144,-0.9300000248169,-0.431088762011092,1.24876083892305,0.670307549827304,-4.23315415758751,2.59491353024632,0.391179108860815,-0.0164896212163619,-0.595334974794275,-2.26323225760635,3.97838100721252,-0.888788084860381,0.75293971201165,-1.78090761854946,1.90477587982767,-2.36019636990674,0.559111121743091,-0.0339230796896821,2.31065466895729,-2.55089898700742,2.23943563049526
USA,75000,795000,-0.332825425217074,1.62917571217984,-0.993365376883095,-0.424124958597569,1.09840733067617,0.716943418042281,-3.99620513351505,2.48035611703242,0.453773270365101,-0.250708515807749,-0.440448871267422,-2.22162820741894,3.93671093294979,-0.91224407746615,0.717115670237124,-1.75098547112726,1.80858519169307,-2.38813410974632,0.727019723787606,-0.0580433334132717,2.20605753810558,-2.41423034318964,2.15547310861324
USA,75000,770000,-0.159710107578798,1.67980268975634,-0.984525155214405,-0.444170066038733,0.944111169578727,0.756208086850284,-3.7408912202121,2.26665959998122,0.589830356016521,-0.462743363032516,-0.320757331205726,-2.13097150779172,3.91702918489023,-0.984926609020383,0.66639935209732,-1.69624701518409,1.73320573055799,-2.42500142593151,0.801604302264386,-0.0277112057227824,2.07393407184056,-2.28212104544794,2.14120296925201
USA,1e+05,920000,-0.656438041400418,1.61224743889777,-0.887073564630326,-0.0999397599398328,0.889719306427153,0.5742598745272,-4.16582331647753,2.67560363091299,0.215377677880836,0.672963000627882,-1.34390379767638,-1.78976554335457,4.03505518147026,-1.17983261415925,0.935872333009212,-1.21255122279976,1.64838481298775,-2.38881920978187,-0.00514073953152128,0.420077113777123,1.71592622962591,-2.24930155939997,1.9508380352102
USA,1e+05,895000,-0.672722703012564,1.73743790497641,-0.80933416905816,-0.317118910512071,1.0663417026899,0.609944611331631,-4.35930534236606,2.57964817905495,0.465184375311918,0.50617855719308,-1.20475739040275,-1.87170737498539,4.07901403531823,-1.11865823320247,0.812877440658939,-1.35743111608729,1.88021470086429,-2.45561353477366,0.0442089843641118,0.399122544965248,1.81411151311918,-2.49513010695281,2.16268731669053
USA,1e+05,870000,-0.767321837982414,1.85198280705982,-0.789087903527461,-0.624735459363514,1.41924745077326,0.579334429464314,-4.36038086895966,2.35832035867141,0.631606191445145,0.246263753854051,-1.01741870805456,-2.00336592377811,4.1158310148162,-1.01603265141454,0.736441697634356,-1.74115353248087,2.19638366249454,-2.55771891502437,0.184192949005714,0.192963142387392,2.10411880233559,-2.39098148796903,2.25721046194825
USA,1e+05,845000,-0.560028402892397,1.80359084594458,-0.996185261345533,-0.587907627923045,1.44330474934873,0.724587364538565,-4.24194666959967,2.22094702528371,0.69754487019412,-0.00349325125209798,-0.853102539607552,-2.06828735486273,4.04533145441519,-0.919034359548336,0.816169954337811,-1.94557761264908,2.06574685536895,-2.41264704791634,0.37574848361773,0.101942884940839,2.23669959070946,-2.40200432745358,2.1485591358119
USA,1e+05,820000,-0.27248505300771,1.60196079661333,-1.19651349850732,-0.52049777551212,1.50210726266967,0.719068416129086,-4.15438122245631,2.30657936826255,0.592030451348865,-0.204132325187292,-0.651427436405582,-2.11665599006924,3.93831765441007,-0.853539788894787,0.884109333021017,-1.99128750552028,1.92429455927872,-2.36032907486941,0.590573125990056,-0.0460425983432207,2.2501166035121,-2.37271915098903,2.0429553391594
USA,1e+05,795000,-0.176171638112241,1.60016636038827,-1.2278826041485,-0.46933085259553,1.35360054323501,0.719334106896853,-4.00413698888127,2.33345820422769,0.588365732591065,-0.34861261408378,-0.488258568315135,-2.12972755794552,3.90472060134839,-0.897279961948852,0.866764438895039,-1.91543293804971,1.77195777207516,-2.42322115278133,0.81941122000153,-0.206173928701967,2.21251034780361,-2.29522350828419,2.02262366530094
USA,1e+05,770000,-0.135813457539826,1.64644111563937,-1.11456010354469,-0.461276640624653,1.11820000604192,0.731593365715819,-3.82644015383854,2.23504741561323,0.703683691126996,-0.451935202837173,-0.389040111830488,-2.0804165621679,3.83467156410561,-0.94343414375248,0.787392454438644,-1.77644761571267,1.63738373018025,-2.47571288169539,0.945998586990432,-0.282919766389761,2.14655197736974,-2.2234574080258,2.04421647834163
USA,1e+05,745000,-0.0682047557022414,1.58248061124966,-0.944563094130307,-0.490498679277228,0.962269470375233,0.706009368211186,-3.64457188184903,2.10270448805057,0.821661650971917,-0.543899210029812,-0.286867425973468,-2.03312293772114,3.71117140788767,-0.900503168100291,0.70366092935812,-1.67570486430665,1.53926431490457,-2.40521256615392,0.917095512548199,-0.266975226369095,2.08437605255372,-2.1487103079975,2.02420351785735
USA,125000,920000,-0.654049854738465,1.70550298702513,-0.751257504525121,-0.42162269620184,1.08931274667503,0.581192084897823,-4.13882417651675,2.53561385535709,0.319308219812778,0.53234557976149,-1.20479491736204,-1.9260755296418,4.12202280021241,-1.11715765734984,0.986016005559505,-1.45902026646319,1.764669493559,-2.53448180296212,0.124800234175901,0.243352046068409,1.9802453630211,-2.21963786152042,1.85297622353076
USA,125000,870000,-0.729762951801554,2.0471923070988,-0.962900222076904,-0.713343990857167,1.37479000142606,0.603353146414163,-3.99513555753906,2.00890635704523,0.78329999574799,0.076015439335841,-0.826773453832972,-2.02035410395454,4.14629241766917,-0.988445042989517,0.791884442285095,-1.95132406513205,2.20508136398054,-2.67382351984536,0.454967253888217,0.0244622860381163,2.28260384964934,-2.25557118791839,1.96450233722308
USA,125000,820000,-0.146797991639537,1.63597837414097,-1.40059808236514,-0.53632222239631,1.59453625904551,0.681968911399001,-3.97546492611382,2.13570313672798,0.69606152595841,-0.354398099392235,-0.575656857403556,-2.04166417793794,3.91383384375162,-0.812350541579809,0.990661474801691,-2.2140910100573,1.95044664585398,-2.45128552356393,0.686975534595169,-0.140285418586815,2.21519922360584,-2.2096093560829,1.91979633903636
USA,125000,795000,-0.205555262140837,1.72288552335412,-1.39942488690952,-0.494729882987763,1.45682907168677,0.73332106400811,-3.89313419459716,2.21009262976464,0.679309833420132,-0.407837667757185,-0.508072628246833,-2.06713068918142,3.96191528124856,-0.925472917192738,1.01364035757757,-2.12587624054481,1.72058329252784,-2.4855249047754,0.91475051138506,-0.342843159435654,2.20410535749828,-2.12817797676924,1.91502009106389
USA,125000,770000,-0.234651556195865,1.76787452106233,-1.21772370227268,-0.441926087255867,1.14805991475131,0.709300110536402,-3.74571307622238,2.17899449041907,0.782405543499078,-0.432448328426912,-0.441962691417461,-2.05069504376211,3.81815569011734,-0.932023821497391,0.910289274095817,-1.89101989671229,1.5754576383402,-2.59178983107072,1.05827568863722,-0.445137925102417,2.16565689565966,-2.14558860802344,2.00297084183796
USA,125000,745000,-0.188539142856161,1.6606180748365,-1.0025772547915,-0.487715305887011,0.967243635505815,0.642024567520889,-3.55739749805578,2.07935172332597,0.903459187123318,-0.497480212353066,-0.30312490690294,-1.96347400032279,3.5733884832939,-0.865795646958564,0.811372093159449,-1.76094485562846,1.47978587498342,-2.47969122465374,1.01372228809532,-0.4381280700338,2.11213903860256,-2.10344559421545,2.02010787810866
USA,125000,720000,-0.205516741661664,1.57232670693274,-0.91516440270591,-0.587169504427825,0.972676534000871,0.623085017780723,-3.41115170949792,2.00306044216585,0.960851288562903,-0.556207654576754,-0.178439718771453,-1.86559214731892,3.38167081894908,-0.750014569443726,0.714916754924172,-1.69718507398298,1.41433898184905,-2.28219586646987,0.857285394001242,-0.434569948880894,2.11663389495094,-2.06533648554008,1.92251488964661
USA,125000,695000,-0.358900124739201,1.58101068917116,-0.901715916292948,-0.711515677814802,1.02264731581711,0.649081916351812,-3.21898372588683,1.86080355982484,1.02328267721492,-0.608812745794353,-0.0949388231643149,-1.79475357166547,3.27278894201466,-0.624389514589109,0.541854499836754,-1.60405196560542,1.43162408983653,-2.17784901721634,0.696486798540409,-0.522663017038981,2.17819161464918,-2.08178915290441,1.80680425993382
USA,150000,970000,-0.407196896976376,1.25175190718085,-0.070197077555203,-0.749895156585145,1.41581660004507,0.0793188589835787,-4.15444805128814,2.45228242850511,0.6166684410824,0.480235946011649,-1.17256984223589,-2.32999099074706,4.36306848338189,-1.03461739067763,0.817048036956011,-1.56495256385853,1.99488503203737,-2.69908987767039,0.104299128026664,0.0790762322257894,2.13993824207058,-1.98104891048175,1.87328000696351
USA,150000,895000,-0.746112172848219,2.05516107894549,-0.886962042328603,-0.817267334631385,1.41500504562231,0.523894162706766,-3.88832257150188,2.07395555532858,0.729059864498669,0.0626016970317105,-0.787952638161416,-2.0509989879364,4.15160233135777,-1.00875878906196,0.928972329798025,-1.93795791954105,1.89375890105731,-2.61980743788568,0.48669544392998,-0.0212865147830785,2.27575226206508,-2.16135048465569,1.8312654061321
USA,150000,845000,-0.568074571303678,2.12168616119329,-1.3293928884526,-0.599913735542959,1.4516614525354,0.596773397040365,-3.77293523483838,1.85462816534778,0.914917380685196,-0.304642899531872,-0.517422203510808,-1.99130793422715,3.97511538848488,-0.798967825673052,0.915135568512087,-2.33516067232679,2.10403590320151,-2.65830825340003,0.593190723471913,-0.0511223649247998,2.28948549477559,-2.13558240073683,1.9310454749415
USA,150000,820000,-0.344129188540391,1.91555310204504,-1.42893094337823,-0.536551594544675,1.50030147848657,0.634453845425103,-3.7646268861457,2.01343719849263,0.825456776830981,-0.376382862959429,-0.485407003539806,-2.02873938423077,3.90224502311967,-0.773139558236764,1.04352036782011,-2.39269591883523,1.94659516346964,-2.59074180099769,0.712044222504455,-0.127943378208793,2.21806545916454,-2.15584013289235,1.9259296226415
USA,150000,795000,-0.301833319881177,1.87896519929442,-1.41567828831746,-0.525288000120599,1.42009359934528,0.658990420452748,-3.65349771524105,2.13153188954585,0.751868598398673,-0.415482215514277,-0.459306006057011,-2.11548519973118,3.99624098741168,-0.860787169158796,1.08919598386775,-2.31704298072404,1.75195226937062,-2.58607154811033,0.887052993621286,-0.268753570230132,2.11517251451413,-2.05638420100058,1.95057849816855
USA,150000,770000,-0.344552334974648,1.8817885688828,-1.28788042814015,-0.459284690009482,1.18601867082745,0.617594562703335,-3.4893765887791,2.13858376901487,0.791595889446393,-0.480732521580566,-0.389309671177341,-2.13250030522002,3.90752234079499,-0.836180942556709,0.991958158865208,-2.10928530219329,1.66197569222152,-2.64126266083627,0.935296098710833,-0.300563004363601,2.05021814630728,-2.06772375409507,2.04070027721583
USA,175000,970000,-0.381158954941424,1.44349648149337,-0.319399123572124,-0.717280585426578,1.45476591830242,0.112582781212634,-4.14424864754579,2.40612541576752,0.815347867312783,0.122672386102527,-1.06306833765903,-2.26945653003387,4.43794415850268,-1.10180928883769,0.802993818019533,-1.63909665320878,1.86421313554418,-2.57166218473059,-0.0174044536236568,0.278631146807121,2.16418537954981,-2.14486960469439,1.84297791200974
USA,2e+05,895000,-0.655044402994216,2.2367968769235,-1.10778332015591,-0.874291553200962,1.58566115904935,0.358639189073662,-3.68623313452343,1.98430991535562,0.946044923159644,-0.391528593573442,-0.468149647843322,-2.10265343439888,4.0829990213026,-0.992190433710032,1.05812226140769,-2.09904841567146,1.5265755559501,-2.45627978300412,0.572210657317369,-0.0556684095539832,2.26655386093698,-2.13441982797349,1.80742918937536
USA,225000,1020000,-0.145835631924223,1.69388462035487,-0.658898851925503,-0.690686686716803,1.36331073102332,0.0480839753917697,-4.31588567618441,2.8850483035406,0.83772963363128,-0.323973849493079,-1.38414343245552,-2.14099238526189,5.16249955862407,-1.63220093421224,0.535020461946817,-1.32827507268726,1.54069649556673,-2.64597077130238,0.296591122086062,0.230193656801786,2.29291610227782,-2.04491423327933,1.60861763781499
USA,225000,995000,-0.228929254300642,1.67653286704396,-0.667516215174199,-0.75312021060549,1.38321619573885,0.196651389455508,-4.18220410637751,2.67800398790622,0.897279089817918,-0.420534554660859,-1.1504560228649,-2.16480623799648,4.9504940894283,-1.48776503636492,0.662700168764665,-1.48395900798998,1.53806390998546,-2.51573144758206,0.0927706979158433,0.349281655687419,2.26720998467393,-2.2008683488614,1.67855676972578
USA,225000,770000,-0.747119105578837,2.41493030674939,-1.50626098925111,-0.863506419861493,1.45520791575742,0.936311350014935,-3.33883871905275,1.55572914851017,1.41593031396309,-0.849794549682837,0.0861161873209062,-2.09983626554827,3.59706169895124,-0.831172223649071,1.1848406413624,-2.53030272333317,1.01720238348487,-1.59503845798434,0.463323757810617,-0.235653711983086,2.04804739715417,-2.2893056960064,2.14410777782683
USA,225000,745000,-0.844299733058347,2.5491083995167,-1.46133531511323,-0.822580090635298,1.15850082647248,0.985263978982851,-3.36635451593208,1.50175621258699,1.52476479858736,-1.0134669850523,0.0591371742988971,-1.89765966807045,3.75954837559368,-1.00976050650515,0.912934135731382,-2.18886492142764,1.06660212405585,-1.49573070473743,0.464372502894347,-0.374026085965825,2.0727889854478,-2.21351830826475,2.00473364460932
USA,225000,670000,-1.41229811920035,2.60013447331387,-1.11568464403513,-0.952520943931017,0.992721116219046,0.770186243088757,-3.14530757446781,1.66238366002482,1.2991339985096,-0.819658711640542,0.0331340454492928,-1.25986497373826,3.63177729405317,-1.43631540634443,0.484947033017904,-1.68603268751315,1.4776709610463,-2.19694983194326,0.727131198749618,-0.634419205664599,2.29125909973588,-2.31065728438604,1.99685007288473
USA,250000,995000,-0.221846345861384,1.80554952705295,-0.72797270797239,-0.838088260622049,1.35104524531572,0.257566541282844,-4.05456006494892,2.51391647977247,0.959885285988266,-0.451586899461759,-0.998461882186226,-2.15427661987065,4.76539451523755,-1.45186936025192,0.879562936764525,-1.73429156855536,1.41884313481531,-2.44197373992672,0.255017108565359,0.260612335885305,2.28735822899539,-1.99014174050065,1.51623300846055
USA,250000,970000,-0.439310733451911,2.01248583962959,-0.771660193643245,-0.944457627875827,1.48183898209493,0.340493645132416,-3.97194324005848,2.22299408667148,1.13319480450122,-0.429688739814282,-0.831474674104704,-2.12976789718424,4.47816206414749,-1.37661183775188,1.02860683219981,-1.93010152857123,1.41013797994882,-2.26441080264486,0.111467025924026,0.296020720990011,2.33296550522006,-2.0891746333989,1.54594590754795
USA,250000,895000,-0.828786240380847,2.5141229748077,-1.13190629781573,-1.09502218057159,1.73894825463448,0.333122058196779,-3.75782901340859,2.02370692740172,1.11652507218528,-0.560394273288248,-0.394522607437583,-2.01186995617078,4.11064337214912,-1.20570535586198,1.02575337845862,-2.09616097799786,1.47036210835772,-2.30381960802465,0.39469877962401,0.0615860596850959,2.29030808796029,-2.16305501872776,1.73789596857116
USA,250000,720000,-1.07411894825947,2.86749952549426,-1.36266816938355,-0.978626314583489,0.788850080536881,1.04385948277594,-3.20590580616986,1.45788918077405,1.56220476328575,-0.891785992441512,-0.0828292128036701,-1.50262794480549,3.57183590057843,-1.23305449027542,0.755695346965764,-1.97810311718494,1.26211784035058,-1.49387843602798,0.512359177247864,-0.585682869574638,2.11814713387519,-2.22708323542472,1.96133588474047
USA,250000,695000,-1.25213694163225,2.71009058866056,-1.10531686408349,-0.997297134378836,0.669871562645525,1.01593206229427,-3.11013248292973,1.49285540620473,1.49283953818959,-0.81025326192793,-0.185083656891225,-1.26112534680722,3.56688253111678,-1.39208881117491,0.664232675401006,-1.87377888092595,1.37631092232387,-1.8515932307731,0.740386779819455,-0.67987733613309,2.25332429220737,-2.30465560695073,1.97905500088703
USA,250000,670000,-1.45921648236995,2.59168137561003,-0.964974582361215,-1.03762505052262,0.742414954533661,0.906034069697173,-3.0492221090863,1.67888442957578,1.28151383139538,-0.755725954900894,-0.129280157424582,-1.26180343335168,3.60336309022634,-1.48777435790891,0.525896624970076,-1.67061613692999,1.37153167843342,-2.08125663454813,0.827288823974363,-0.575474394217638,2.15799417178108,-2.29650065006119,2.09683735512521
USA,275000,995000,-0.300836475047278,1.86291681428654,-0.685126265580148,-0.895307381352843,1.39070934889447,0.233355608438754,-3.91528121206617,2.27097115617959,1.13866725272954,-0.405463395606079,-0.89276519469254,-2.10844092810231,4.49517248268251,-1.384986541802,0.932287300802378,-1.77045573575684,1.24829399075494,-2.39232885578422,0.221905670959438,0.380388104159893,2.25498037856046,-1.8701279424967,1.50692672971842
USA,275000,970000,-0.428658823127793,1.97636650286567,-0.631604990532225,-1.01757151271553,1.46678285618682,0.302837296793142,-3.81807245432344,1.99944287689683,1.29193365328939,-0.434282575667337,-0.776272713597915,-2.04871082719679,4.30372443499088,-1.31588738653929,0.998853136489379,-1.83209737726528,1.27673358250153,-2.26312821357959,0.0619041132780475,0.456277708015716,2.23423812738109,-1.90306368608109,1.47533500836768
USA,275000,720000,-1.06263964618676,2.88619678887333,-1.387901926017,-1.07287097409182,0.535715040422022,1.14519181015809,-3.06633235795674,1.57933600113616,1.48907560880875,-0.782980816691845,-0.180593467197101,-1.39271380174507,3.53781180725831,-1.3585698973182,0.738761065916913,-1.92174207763767,1.20907733701408,-1.47367012717254,0.55758765667597,-0.632819143540762,2.09095644038042,-2.23059226482537,2.11418171804219
USA,3e+05,770000,-1.27335230202055,3.321156195424,-2.03622505326519,-1.28120123904997,1.33801592985389,0.985510412934867,-3.09272240306544,1.41429541476668,1.84797788265603,-0.993773256595167,0.144060272522434,-1.65386855480403,3.67477256739407,-1.38306224272117,0.596589444635938,-2.30567247908864,1.07051285125362,-1.05068016479652,0.436729373608217,-0.537767301250399,2.11383362672009,-2.17337479206113,2.06819636641434
USA,3e+05,745000,-1.10312420082721,3.20136563264262,-1.91563184973004,-1.22491755259962,0.992195802258335,1.07029146143763,-3.00449534368901,1.5683972692503,1.57528331417069,-0.797739745957841,-0.101775290858644,-1.45333983682684,3.63033220653536,-1.44844491842547,0.448200481746371,-1.99260336509807,1.09717543448127,-1.23707856326776,0.585198582093383,-0.681776190365038,2.20493973276277,-2.32517597039687,2.29178832016701
USA,3e+05,720000,-0.892207158721525,2.65780097365072,-1.45839659146717,-1.10707234239263,0.479377168343681,1.22464768206834,-3.05248680532794,1.83752219232245,1.34433207741224,-0.7631190280663,-0.201052599227313,-1.4134449502957,3.73560975174724,-1.52848114351571,0.656978304584417,-1.77502492477154,0.998177660004492,-1.57177625551918,0.637552107043849,-0.650911108332654,2.23500241783318,-2.40269297077003,2.41922673680146
USA,3e+05,695000,-1.31108605713146,2.86338091072792,-1.18150906608717,-0.900980887307299,0.0871729640712997,1.22395104813954,-2.99190821624491,1.7797391893128,1.35813365428643,-0.738870859145806,-0.34072950725405,-1.30655191504721,3.90796695643745,-1.6845051992562,0.768447554568503,-1.73850426428176,1.00173947211685,-1.85944426034219,0.72815832953541,-0.4332544899474,2.13472634498351,-2.4602934668468,2.27698128572756
USA,325000,795000,-1.29194713721676,2.8961709378801,-1.61701130871235,-1.1266603669726,1.11613565921724,0.621178389579644,-2.75482943328745,1.44950831731624,1.92551855237357,-1.39996668317057,0.571467391112272,-1.84124878758043,3.94292791857113,-1.7535255778627,0.926411314757135,-2.32521774853701,0.85496104164964,-1.22407239030688,0.68045444852322,-0.479879645763136,1.92636480676473,-2.15726239016672,2.13557533756326
USA,325000,770000,-1.27320922141294,3.21462941839966,-1.84792140010332,-1.10111581073221,1.04174110370563,0.836584984702559,-2.89048463811714,1.81456985550572,1.56059213077751,-1.01092479021556,-0.0014913026000255,-1.52966768095041,3.91827993023274,-1.80751112121316,0.65032619214815,-1.99600201531651,0.819768028997284,-1.22425856153425,0.707914434426861,-0.77232358299885,2.29655463896672,-2.39047148185395,2.27415337945435
USA,325000,745000,-1.24375367177257,3.31122974778408,-1.75719268043209,-1.15515659887022,0.8044106502824,0.998694768402256,-2.91615117184956,1.95492541213415,1.26758345525063,-0.726802645446253,-0.250744573380452,-1.40065632502185,3.88311337506834,-1.75524509512157,0.545364795992684,-1.73380896907723,0.827578517917808,-1.4092083402091,0.645073310794115,-0.854630017429348,2.44403849725534,-2.58657742507954,2.46401430119988
USA,325000,720000,-1.21393378277214,3.13116357231036,-1.39547549879638,-1.17420259535685,0.53398185130433,0.962526126786666,-2.87850183587653,1.94172771720157,1.09672354082451,-0.528161647337278,-0.329766131527751,-1.3492870896817,3.90656541822332,-1.74940130072739,0.691896453599491,-1.61254177639194,0.875790689591986,-1.81111134111709,0.641514538925265,-0.718054569579265,2.30812658022986,-2.66768265561048,2.586396244242
USA,325000,695000,-1.43988037448126,3.17821547182003,-1.31562460924893,-1.07824416241328,0.220730385860282,1.00507313150783,-3.05206042138483,1.95248790509767,1.06896603862947,-0.480502452991502,-0.372184383018999,-1.24012488899378,3.93973729010188,-1.78485208248846,0.758368933800411,-1.62681500640866,1.01336618591018,-1.92986612635315,0.706216897963484,-0.475312407175778,2.05547475670545,-2.71534301218583,2.73543241940417
USA,350000,820000,-0.740179360333299,2.50947588094471,-1.44985922529025,-1.24212871383899,1.14651994874674,0.5673917498523,-2.83036826736552,1.56275616154707,1.87639331237295,-1.48997429062858,0.699056828311227,-1.95655366264308,3.91357305397982,-1.75544769237158,1.12975768688239,-2.46342455843252,0.692665186068675,-1.01505059862132,0.443247531539173,-0.352015187302647,1.94044382725335,-2.39997128331847,2.42492227651425
USA,350000,795000,-1.02756509913739,2.72564840146936,-1.64276079108253,-1.04869185430889,1.06307993671757,0.700014104961873,-2.89198362995753,1.89027398143146,1.70227001161864,-1.24304261372448,0.201493927171224,-1.65014540863834,4.02580283210376,-1.99621242191441,0.901196680698364,-2.03994972908265,0.64941111266232,-1.21961076339267,0.615547025233572,-0.730509140184443,2.38583571406206,-2.53992805258094,2.42572519260219
USA,350000,770000,-0.994716079996276,2.8755964542616,-1.65893126971057,-1.0349157457206,0.769219814468772,0.85657568871124,-2.75567505604722,2.11385106386739,1.35801945475156,-0.994652971572241,-0.0993835266338107,-1.47626062262644,4.08004156524049,-2.12681526302902,0.790559065701545,-1.75790212355174,0.597305434019651,-1.32159943315248,0.669537017279806,-0.961326034722816,2.5887512387568,-2.6016222468331,2.42501295431062
USA,4e+05,520000,-0.595989029377182,2.12698347895046,-0.0998944782157065,-1.50397906950189,0.492797015273922,-0.0938571142579445,-1.76163590707424,2.18112901120784,-0.414580591987959,-0.236440947946476,0.013579522755869,-1.13209980006102,3.92832879933593,-1.97269069025368,0.0877067449495326,-1.1963871865824,1.52974568577037,-2.63787764727033,1.06002232090667,-0.815647465206635,1.83440550564355,-1.88915479482112,1.92523946854495
USA,4e+05,495000,-0.633361433443611,2.16815169559988,-0.0642068494233343,-1.51128699856897,0.46931509086107,-0.0421281494856522,-1.57841733035071,1.95637466183587,-0.382211313705691,-0.375224713627517,0.228638967602414,-1.3196780522318,4.04776699086124,-2.2639199361494,0.249641234516036,-1.02274418610299,1.43426426528746,-2.87582946774245,1.26809628225366,-0.595696784288042,1.64517311918762,-1.67428293071701,1.69063212304462
USA,425000,945000,-0.590951462148816,2.33798677927553,-1.32912046632252,-1.34827860833375,1.85684577445109,0.389446616406609,-3.07695331509308,1.92883675945368,1.44683814223751,-1.40028938631818,0.420249635886945,-2.1807509827388,4.16890389789252,-1.39466438160984,0.692350515934958,-2.14264204483922,0.801797886985278,-1.77687720290465,0.260431318352016,-0.0183911812064292,1.83628490167873,-1.86671723425983,2.31243613995083
USA,450000,495000,-0.633974991724931,2.07604766872962,0.0139766669828023,-1.22323172548019,0.362434441985417,-0.275071226643499,-1.60479795012779,2.24869740481273,-0.776191703256215,-0.15115695170609,-0.0726530412898752,-1.19297843094119,4.42436215740149,-2.95643084811648,0.441727669043221,-0.707922391672881,1.16181023762085,-2.60162067162702,0.642116548159094,0.00279704637072875,1.73081389341848,-1.88977904358986,1.48655454929018
USA,450000,470000,-0.732866051338533,2.10548638356994,0.154798051638403,-1.20866654614118,0.386397340529489,-0.237972201123892,-1.5051352695914,2.07072861333974,-0.927084519756053,-0.00692135506688429,0.0206483590825843,-1.41595833857533,4.62579817746254,-3.2748997647983,0.57683783899518,-0.593860235873934,1.18926607011283,-2.86693328416943,0.855735077363716,0.120790839806975,1.48070439628433,-1.82148200059135,1.45492837704005
USA,475000,520000,-0.506469931550723,2.01049980235317,-0.165037594299727,-1.08095940674184,0.191267289863171,-0.0940735618525908,-1.95419657793195,2.50889883447655,-0.823396617220198,0.216133954916576,-0.470495892204598,-1.09115023192348,4.62233919710208,-3.03203752632716,0.361526714253806,-0.812803188583402,1.17987218465452,-2.30455689364668,0.376166843381307,0.0706243050431307,1.905481883802,-2.21279834093528,1.63492788045235
USA,5e+05,820000,0.49918589127876,1.16775873716102,-0.976859007238505,-0.48841201441555,0.644841548517269,-0.123132157585999,-2.34023140201586,2.88683598018261,0.395748374853538,-0.779795964768379,-0.234515134290229,-1.51353292969498,4.27423181624565,-2.09213395819426,1.03273138667154,-2.35359607062064,0.693890806973506,-1.15853695662222,0.174568174583429,-1.05698907985123,2.76814797550988,-3.25049122397696,3.44044685609315
USA,5e+05,795000,0.383981384417893,1.27934783540632,-1.04344907452545,-0.447555912220281,0.545610127289296,-0.141341998651918,-2.28775155398824,2.89743018385448,0.153600554124762,-0.556813123186473,-0.174051419565532,-1.46210894345102,4.1354308109286,-2.17915908603202,1.03808780785242,-2.09494706101767,0.501906720675782,-1.20053278503877,0.501705240608909,-0.918133697862048,2.65192664889382,-3.03521721295945,3.11934426769731
USA,5e+05,770000,0.552906256580133,1.26866913904383,-0.803738950756154,-0.745779817217576,0.390846754345892,0.0352082030776598,-2.33090433755572,2.84618420908502,0.182416844582392,-0.54610702116739,-0.0149470175152959,-1.52899478372862,4.25302097848304,-2.28140653003335,0.973110692108962,-1.90212930142619,0.472329613905859,-1.19568589557971,0.389109527451887,-0.758401107667649,2.6872179137192,-3.2164179188586,3.09679983894932
USA,5e+05,745000,0.57572787805841,1.50656560415121,-0.603037631187998,-1.08702002091674,0.27347063341281,0.104960066082882,-2.46049025337042,2.79831391692754,0.345144885209646,-0.609584612752347,0.133594245749502,-1.48497288740705,4.29737905886733,-2.29276040191023,0.862701640483133,-1.80104657946436,0.442160241459523,-1.20694142050351,0.387096030718502,-0.606163805109625,2.53745132950769,-3.34599522147808,3.04240050165098
USA,5e+05,720000,0.401659510053872,1.84575863452214,-0.539993508006241,-1.20560990187211,0.175468973408645,0.122032950625775,-2.57123698414074,2.8102433398456,0.341559753214997,-0.534157098146537,0.179896736522667,-1.47147899411961,4.20671241544491,-2.23558032023938,0.75411638048901,-1.59613839709161,0.438595200879399,-1.38777693791208,0.580281777683696,-0.523609124227398,2.26447491758298,-3.17447584228748,2.90360516843707
USA,525000,820000,0.579779194097835,1.23406119675431,-1.04809147270242,-0.386481755723444,0.478347271964697,-0.0943387908002438,-2.28046451730993,2.8294545177041,0.361664440340822,-0.777136803607191,-0.106442157367223,-1.40673836044224,4.08424696328083,-2.08903206529206,1.08335196863746,-2.32954062353904,0.549618664958054,-1.02092025616493,0.234351328039351,-0.914551439700807,2.62582691845892,-2.90727528976759,2.94900200026308
USA,525000,795000,0.362371893166605,1.29112742853433,-1.20132301843115,-0.229272476847213,0.375390667284825,-0.00534970842769744,-2.16119734348427,2.74078858400199,0.12355332636021,-0.532925862148315,0.0668855446318359,-1.58975415591961,4.16789963872118,-2.1910991625256,1.06804687728817,-2.0817492084042,0.574112433680921,-1.22792066333178,0.596358215227522,-0.868299420119824,2.58941056297307,-2.82646131717287,2.72358956059886
USA,525000,770000,0.386813251284958,1.4549484944569,-0.961739248359788,-0.600450975528133,0.358368026479405,0.0108154128628674,-2.20126220416938,2.80128239588384,0.0213837302109573,-0.452452717241521,0.165077398332454,-1.61297429998986,4.24705068262555,-2.32193117244381,1.0384523278155,-1.90722342276821,0.442961453855256,-1.22034565296416,0.529499644990993,-0.761069065225836,2.54853174004482,-3.00282843145367,2.76289797113616
USA,550000,820000,0.671715659807711,1.27286076197729,-1.16812717171471,-0.339039684650756,0.405325111230337,-0.1412075304565,-2.26934310848274,2.81758449321372,0.422568523056968,-0.755662695315256,-0.0922643422965623,-1.3103342311768,3.99581127089268,-2.13961454772341,1.12058330790804,-2.31762041496323,0.421921524305954,-0.808578003334072,0.253478971332306,-0.807828143273919,2.66977701565098,-3.00695049740459,2.78768358808811
USA,550000,795000,0.374034306815094,1.46540379202305,-1.38037231083511,-0.240641012184138,0.446532758658186,-0.152472076535305,-2.19102446324274,2.81037861571946,0.26690335314212,-0.518502433794121,-0.00722575956967542,-1.39609696002408,4.05033872406408,-2.23492914304235,0.92689658696897,-1.94049778480199,0.442427742048074,-0.980170988290578,0.500773890739059,-0.967739053006422,2.89993777710156,-3.17483496527089,2.79575187309128
USA,550000,745000,0.295974721288267,1.8556852962432,-0.817910068320758,-0.867323941973584,0.307606057233383,-0.10778969688858,-2.17876073210223,2.87585499063075,-0.0586658472732647,-0.349408887155544,0.102158546108927,-1.57172417123367,4.28646600412031,-2.30195073108075,0.961148726026849,-1.7627374909754,0.249224679282186,-1.26113200740152,0.639123000789677,-0.6312939749013,2.22988563008557,-2.83813953232024,2.43181957629954
USA,575000,745000,0.205132400042478,1.93531993916123,-0.898452928400542,-0.706012562468833,0.239552797700505,-0.137278871175733,-2.17840090960175,2.80862201961686,0.0764594093695365,-0.318252463997178,-0.211107873405737,-1.39124635247924,4.18900396394236,-2.1202322158654,0.895080042751877,-1.80258617639706,0.356816084469045,-1.35177958669582,0.568713698795171,-0.503576561004827,2.21779948916718,-2.84678658014349,2.34255074874092
USA,6e+05,820000,0.975424365635928,1.2127576110854,-1.08457124305429,-0.416034901950254,0.321116424321084,-0.382178987864189,-2.29338235413484,2.91733594793648,0.379744042980343,-0.716079793185302,-0.239368887620313,-1.16350277381266,4.1764688472064,-2.27440970439789,1.41033471630413,-2.61360760866747,0.26996654021318,-0.715815380506587,0.0951546694993288,-0.446815684112415,2.23029832110492,-3.19088817195565,2.95294855487898
USA,6e+05,795000,0.549368344702263,1.61233802998318,-0.898528551536678,-0.563090661186701,0.240513973189493,-0.0586631281114818,-2.38655807729788,2.93282599007351,0.0864333088643113,-0.500358828563871,-0.123518592092868,-1.31383513515125,4.13704212130993,-2.05241061108403,0.715414512065645,-1.86076842997388,0.420892749479664,-1.06688981896463,0.249418603627865,-0.556132983215383,2.30672296383182,-3.19487373449388,2.72831742118422
USA,6e+05,770000,0.275434271144498,1.81079353679917,-0.884127067574374,-0.656929608497376,0.254464059450018,-0.0992863126327952,-2.35448149046018,2.94175917716788,0.0108169871636671,-0.376749817939675,-0.202341183374159,-1.30048438021758,4.16684198349898,-2.10408543669563,0.814139889861215,-1.92189519502967,0.441291546977338,-1.19038914951459,0.44996838319053,-0.462686353525147,2.19715896907068,-3.11214165421008,2.60644923763511
USA,625000,795000,0.853873407180291,1.39436988234545,-1.04779851205955,-0.414821551940611,0.336963294113587,-0.668423745850829,-2.05942297633167,3.12270383716731,0.227846129397828,-0.728439262691109,-0.365876944240367,-1.01464589612972,4.22060997474039,-2.13658976988048,1.30771865872037,-2.69725589160465,0.343323908753878,-0.926637502115696,0.115102858877471,-0.298938971820693,1.99614635754941,-2.92300597054299,2.77862184758549
USA,625000,770000,0.332397380791994,1.70091773425166,-0.941115960541095,-0.640356171224073,0.280469984810257,-0.162132303866293,-2.4311333877496,3.13758421231514,-0.137133247289901,-0.388976240377074,-0.376096203805799,-1.07931604218008,4.23239284099302,-2.20179914325007,1.05638763118514,-2.32667941623674,0.402946085492629,-1.0504979828944,0.436765176095054,-0.203292370626041,1.97543644742649,-3.24977668101182,2.86655870123081
USA,650000,745000,0.0910259460236973,2.07814840500501,-1.0580203917932,-0.861749124290969,0.416757981341048,-0.234073580278134,-2.37986451730589,3.09830472329034,-0.236651654425083,-0.351030496237276,-0.430562314582184,-0.875152880837327,4.13397892664561,-2.26668822090589,1.01018330406752,-2.18766256515812,0.398571649042306,-1.18513274525848,0.470025353768813,-0.0226369457043787,1.50792160441624,-2.91727234134111,2.60901051355112
USA,650000,720000,-0.0033404926530145,2.20267744053643,-1.07309000424518,-0.728809287651848,0.187444625782043,-0.0549974765789587,-2.19923995079244,2.73295805253051,-0.0708382126095862,-0.559299575761263,-0.131392867210049,-0.98297243254522,4.03793079085385,-2.19976282774759,0.860762740448885,-1.95587024401234,0.428425733169651,-1.28460586444523,0.659236075852679,0.0544847113846552,1.28712174240739,-2.82339440868297,2.49045856177455
USA,675000,795000,0.680885331853267,1.32364539366705,-1.23418521729671,-0.449596885236801,0.936900926356306,-0.829147071877492,-2.35171313969437,3.60177039306508,-0.464773597914199,-0.408882259915313,-1.05928367617284,-0.209708217706596,4.49068433193229,-2.61062086672835,1.05276909010946,-3.02628902641512,0.173994554420311,-0.656056531832975,0.547010536127489,-0.33456660566009,2.0269863609512,-3.24026055967731,2.94594939403637
USA,675000,770000,0.465626291071722,1.69494756419305,-1.27876477776667,-0.617362354435547,0.76842255297106,-0.549071245288667,-2.32157037230572,3.35567551674297,-0.565750884077842,-0.370273604150039,-0.745920991597691,-0.446330746174608,4.33742822210312,-2.42263803704309,0.982251144381129,-2.76120367057641,0.154766902372549,-0.723981619088696,0.367813604078547,-0.168757697378337,1.84963623682562,-2.91244834839214,2.74427048474504
USA,675000,745000,0.251971110890726,2.05023220186131,-1.19342801079506,-0.843066224438606,0.494800511236252,-0.211934349146415,-2.32147946964739,3.13471651854765,-0.529454315922641,-0.442892691378279,-0.389439564336257,-0.683003333724364,4.18850642864228,-2.38964965963195,0.952565159524972,-2.47096080954994,0.275746731336807,-0.912862556167767,0.465439955778656,0.0671346196129075,1.42761302097756,-2.85588933983902,2.67615937970042
USA,675000,720000,0.166336640976227,2.20079146025833,-1.11277218826693,-0.790923961194287,0.263576201445953,-0.023774132192417,-2.2749019905368,2.89165283248883,-0.356511093011875,-0.530819867061553,-0.298160654470025,-0.701954266239552,4.07281874715407,-2.36622816811791,0.858390479190995,-2.24900124826795,0.377647781145331,-1.02583785066007,0.673616348883309,0.151235513018881,1.14152994842894,-2.72729018514642,2.52509424908031
USA,7e+05,820000,0.895425764713013,0.854237309977233,-0.944125451136951,-0.778414653615668,0.836507353947459,-0.700657000261242,-2.53530878487206,3.74035863928964,-0.625706988682848,0.0600014475777382,-1.14828675370119,-0.26760502066203,4.51698890396625,-2.6332055268468,0.95368246459627,-2.79462069818226,0.0169022474950005,-0.521124821705282,0.393933979343422,-0.5546559221838,2.08343480666532,-2.90224477643413,2.68603369386852
USA,7e+05,795000,0.571935981519775,1.33404233748343,-1.09889524414421,-0.802160409118678,0.930661943462016,-0.587289692590849,-2.53434212927212,3.66427105929338,-0.793734035042008,-0.00609435514661216,-1.0986756330948,-0.2375310012435,4.50123393069991,-2.62028106088547,0.821216511298894,-2.78979232235464,0.147686285604964,-0.531568751821377,0.384455353111419,-0.440380607870236,2.03134724256228,-2.90491738751746,2.63612866447447
USA,7e+05,770000,0.415905897252592,1.74869036096814,-1.17643933717856,-0.962493901802004,0.827185366625908,-0.383744738360526,-2.3692118795717,3.43262090102231,-0.928307850948751,-0.157504900741305,-0.711411825067538,-0.419022407781809,4.36227573921723,-2.54892532724827,0.83261149301148,-2.76573465821873,0.158128744520314,-0.532117139182954,0.381689648577517,-0.268136283948313,1.77373122605745,-2.63365950487506,2.45359343885596
USA,7e+05,745000,0.311830628117366,2.07263096821117,-1.23644751465243,-1.04480609902138,0.483659929433321,-0.0487007365455952,-2.32704188293602,3.26560504404814,-0.944280694900283,-0.452376105848682,-0.190598490507347,-0.693811963755287,4.243890623861,-2.5174611017244,0.950004017983977,-2.71179484809516,0.262686748651889,-0.727210994432287,0.485094356443543,0.0460863347942038,1.42754148260033,-2.72218864050041,2.58739909220229
USA,7e+05,720000,0.244669334155561,2.20721626863594,-1.1861516673046,-0.942259110930923,0.361377367817708,0.0214020856605406,-2.32664809316055,3.11742853203497,-0.758251068303436,-0.436545302506688,-0.361268196589614,-0.553188575134532,4.1601619708909,-2.52105307935467,0.896683850023239,-2.58210312851941,0.368524912224839,-0.805872671516175,0.65417314763626,0.12568816024349,1.21742028590079,-2.67212897020979,2.50186611093497
USA,725000,820000,0.695324674556121,0.989293941466715,-0.945065267107596,-0.914173734039154,0.845303931915249,-0.511588573049252,-2.83402378540688,3.90195349562662,-0.872935112501836,0.373493954490412,-1.35339014660487,-0.13791865518079,4.60525304091169,-2.65438149585016,0.706376940911129,-2.5942107365904,0.00225205595277966,-0.419406191276846,0.225484680255128,-0.695185934842352,2.24312703375899,-2.82397683442065,2.58199515114766
USA,725000,795000,0.382403468151463,1.4259107168253,-0.969555189238263,-1.04680257639613,0.912163086029059,-0.372796578243992,-2.73829258739536,3.73506690697842,-1.02272047021587,0.312412888697656,-1.26705415915232,-0.175554845215049,4.54270900986028,-2.62356615641174,0.622345309893365,-2.57342792720854,0.195588629691942,-0.45298026383815,0.199490950107273,-0.550651633377232,2.12638289089021,-2.7734584621911,2.46127243619413
USA,725000,770000,0.216929304573912,1.74296134222252,-0.976174342158361,-1.14697215667064,0.826444077528373,-0.2428377313248,-2.50159947154929,3.55095558818139,-1.15069821302602,0.113695282658921,-0.91648628224953,-0.306230973739256,4.42136992924878,-2.61627158275286,0.68660413831426,-2.63122937486951,0.319962356799768,-0.525799685795088,0.293504159035864,-0.350443811069606,1.86622207022155,-2.63364167936263,2.33372240100225
USA,725000,570000,0.371131911086422,2.29338778694606,-1.08545954315726,-0.765757713157182,0.879344631863583,-0.80027915763321,-1.98803030663484,3.01759737499951,-0.933817763153776,0.700931202491571,-1.78501967776808,0.232112652645698,4.34017063353219,-3.02183310031416,0.565180185559007,-2.72068972965896,1.37148058701705,-0.533106202621908,0.783848109154951,-0.834640214020056,1.85527820507947,-2.19690882861869,1.91309469047917
USA,725000,520000,0.29424952503491,2.1462000274158,-1.0489732203621,-0.728274386672281,1.01153489318657,-1.00730853242053,-1.43771463688905,2.3913928077445,-1.29831097854058,1.01681989069405,-2.11197234973587,0.449946914226391,4.59735541272262,-2.94729026009737,0.379578601900934,-2.68086311957619,1.66988437661875,-0.695289339313756,0.625834785010942,-0.89725192018965,1.96070102101585,-2.43258246232361,2.04312127762825
USA,750000,845000,0.707842303157375,0.605167891302425,-0.662426123352825,-1.16122734230931,0.999522855613716,-0.508853120948009,-2.68732917062765,4.22571240386962,-1.10057264721177,0.225982553121267,-1.56060536737763,0.240216967661664,4.81799621485008,-2.9517245955537,0.903326927286837,-2.69956221722992,-0.314604914578751,-0.158509150998465,0.176498275687389,-0.88178857637308,2.51661826384219,-2.9771745546104,2.69240002091644
USA,750000,820000,0.429472124182491,1.28743643615341,-0.901724124637841,-1.04733661578541,0.961352856579765,-0.388021178850102,-2.95373778219373,4.08107131029683,-1.10369236459448,0.362950567260328,-1.75318540639403,0.257833927461729,4.83351076000496,-2.78807529144259,0.599862392309223,-2.62894700463858,-0.0768056891164157,-0.174592998668919,0.00374433021830445,-0.942137681387754,2.6607535008049,-3.05470904473431,2.75463979150877
USA,750000,795000,0.117137757464049,1.79786030139345,-1.12858123336017,-1.1907986298223,0.793296980937223,0.0968578276114376,-3.05567132725488,3.70626821070806,-1.15553082863213,0.448601064435076,-1.42005682202876,-0.00943342074250308,4.50139967013606,-2.62156513348534,0.595938440055889,-2.39919827495513,0.0128210949235306,-0.253733339506567,-0.00811573366971086,-0.613104055100008,2.29910867185383,-2.71173512706531,2.33200605363083
USA,750000,770000,0.0389434183546156,1.90357699110406,-1.02152233950615,-1.23896217654302,0.803158639594157,0.0251292814841186,-2.75166740103397,3.53680459727456,-1.21464453361733,0.367187163660563,-1.20747044998123,-0.0778022919000492,4.38482792619527,-2.64406126202358,0.660377559122085,-2.48695083224451,0.215181319923545,-0.394939757404877,0.169344801843596,-0.462012911715363,2.04745856008356,-2.5215720996745,2.12540245415728
USA,750000,520000,0.307589583513434,2.31563053145831,-1.00741803793886,-0.925445732657379,1.19351613441482,-1.06072684988246,-1.51267056699339,2.47323056580854,-1.26439818538336,1.11887594110244,-2.00074181994617,0.389825067363004,4.69984350947971,-3.30789428604269,0.297299582624627,-2.54594965831451,1.67962047419871,-0.641377784899274,0.298991664020448,-0.880778603280586,2.16297558606702,-2.34897875481076,1.97676175790226
USA,750000,495000,0.23763625978817,2.24497909240548,-0.953043137760121,-0.863590228030239,1.2046574226275,-1.01288214809922,-1.25741061012886,1.92333013437874,-1.07777160894481,1.25675201851427,-2.05159274192855,0.180324469768738,4.58152045434233,-3.04630331873648,0.256140526980331,-2.41299652684036,1.71118093087072,-0.63745922537111,0.219852303701213,-0.921283765028706,2.1399671818646,-2.34905233826463,2.02622701056006
USA,775000,845000,0.469784096247645,0.685228014130912,-0.680655206718123,-1.27234845807203,1.06133393547477,-0.376468109007642,-2.56892504089047,4.38404067770771,-1.30660325581272,0.00840540701001302,-1.42857481576023,0.463532894872113,4.75298305484592,-3.08429644283543,1.02485175214649,-2.57796086732003,-0.443504079984789,0.0057066288586709,0.0308302277335137,-0.75676366870829,2.45469970473515,-2.8329895338416,2.43919189615886
USA,775000,820000,0.337241429196014,1.0624128387027,-0.846011343804199,-1.14125983770274,0.782962286267319,-0.130745326380041,-2.63734624321386,4.2594742940485,-1.40386019134814,0.257315613532919,-1.77167090125461,0.472684198211982,4.79426646217396,-2.94030411011128,0.939775328058838,-2.38939410704042,-0.48696586511057,0.0559829698829173,0.0117226280427385,-0.789033232042349,2.42302632782313,-2.91558600341655,2.46904272722989
USA,775000,770000,0.0669159513042352,1.86562067889803,-0.927705578637073,-1.33188988171272,0.926850979181108,-0.0537211555237667,-2.65369715754228,3.51314331387497,-1.26514880268774,0.514051475487415,-1.42490629108986,0.0943986790685818,4.33231026351265,-2.71877821364331,0.740531384047469,-2.39764959985878,0.217769495109201,-0.37283746350531,0.120107014745578,-0.563155554235556,2.13562901128656,-2.30660065754478,1.86556233083312
USA,775000,545000,-0.130818688401035,2.8474182674238,-1.09054409078683,-1.0937047821759,1.23409783757513,-0.621201944131852,-2.15800834419715,2.72003848123822,-1.45835470294386,1.23058354107961,-1.79070206889137,0.249492512643547,4.72371645877652,-3.3269418928477,0.209256878018328,-2.38415182589114,1.62225284555733,-0.644670214915274,0.0131261721048919,-0.813439876033534,2.43973116316987,-2.49712706547149,1.93247290046159
USA,775000,520000,0.178915412124278,2.69024078966214,-1.24942986129937,-1.055479049991,1.15649057947244,-0.691280918055154,-1.78134431363074,2.3912871311409,-1.08374901110965,1.16042337712689,-1.53195936491394,-0.0171263482926465,4.63716164764694,-3.53123686237164,0.366544771943757,-2.16038879911252,1.6394302053048,-0.779113259464942,-0.0917022597211252,-0.74427107532801,2.07381941796416,-1.93888356582623,1.67262764526126
USA,775000,495000,0.156213679520077,2.50469457920335,-1.0000992015952,-0.94733839185443,1.2183723568411,-0.871267707658716,-1.43344533393869,1.95047256946548,-1.02258365312651,1.2877992434434,-1.71661292302465,-0.129647026742868,4.60905943314711,-3.31084970520156,0.40110802182479,-2.26555436253422,1.749236699806,-0.766762183874594,-0.104026603527791,-0.74375440386802,2.02166682747884,-2.05673115923671,1.89494439504172
USA,8e+05,845000,0.367391564070127,0.735468111307387,-0.634423584108939,-1.4834004533423,1.29076370317139,-0.349060135336544,-2.50044817721803,4.34858968841768,-1.37292613930675,-0.160152325737908,-1.24687423949534,0.613205579021718,4.61555058873152,-3.12456268466632,0.943281793840756,-2.55834914935954,-0.314874243597887,0.0184611730412536,-0.0802350704255304,-0.691034435939786,2.50139895862157,-2.68489875335861,2.22462872159158
USA,8e+05,820000,0.400226795112922,1.04400403168528,-0.683502346372122,-1.44503604235361,1.07572480497778,-0.206564601232698,-2.48785712161314,4.12586122755001,-1.35887531544486,0.0542163809725507,-1.56214559531584,0.601177433457211,4.52411115074184,-2.93829147224344,0.843073164083039,-2.32190222213707,-0.298378759299571,-0.00233964433790224,-0.0894497577987741,-0.723164213484463,2.46709952270883,-2.63515634049708,2.14805212737955
USA,8e+05,795000,0.363578135396195,1.46262312803281,-0.822368848613969,-1.41793713665487,1.02763908605561,-0.0667539049078108,-2.68069738341227,3.8688795381301,-1.32956748971275,0.417700157652736,-1.78053231095165,0.518862472157792,4.44021838884977,-2.82107232032307,0.699432581748182,-2.21465001790693,-0.0095107890417836,-0.210909866605047,-0.035961988296711,-0.729561809297173,2.42971576396217,-2.5237168345169,1.97331462376308
USA,8e+05,770000,0.210501298335953,1.6241906942873,-0.787735710651308,-1.41054104101145,1.07895076326703,-0.13924978044492,-2.56457733486768,3.53550867946015,-1.28225002563915,0.536252714436231,-1.62492001260364,0.297733213237688,4.32110328668138,-2.72978326068237,0.703130354019295,-2.26270149861322,0.177514457681558,-0.411982223933003,0.221799398084295,-0.596524779966083,2.12699444353029,-2.28517259725312,1.79146019518494
USA,8e+05,595000,-0.0770683732857953,2.78691215255112,-1.06436400969143,-1.26543225122201,1.26756208404834,-0.836254106485683,-1.7572728641995,2.68654196274088,-1.33088953369391,1.21147339346162,-1.70973389029079,0.148294921076427,4.66611211358741,-3.16041224332977,0.365423339872091,-2.50780598628492,1.38340896251242,-0.362404521275799,-0.555433853498495,-0.612155880739691,2.47156916732284,-2.1512301399583,1.58199634075858
USA,825000,820000,0.444709240847679,0.946644998327296,-0.474364463484707,-1.70021326982154,1.2783480333855,-0.244202368979121,-2.35669853408564,3.98162175105781,-1.37688309230314,-0.0315678083936954,-1.6346480157882,0.747961720723894,4.46909873938411,-2.877195109838,0.595982626827683,-2.34633065631812,-0.214941658213492,0.0199640620206738,-0.112493142574482,-0.792914872165454,2.6555927526438,-2.64205520212275,2.16865572133149
USA,825000,795000,0.387742717231423,1.38312482224626,-0.620842652392261,-1.55214866669867,1.11078315289669,-0.11042559097449,-2.56498486192989,3.67248058515183,-1.2785554994771,0.337614215114332,-1.73222118074333,0.53411766901856,4.38360363487727,-2.75257151827545,0.601338103367795,-2.11266906782662,-0.0656162268490146,-0.268095295743076,-0.0574721145786517,-0.598455951222122,2.35461230029969,-2.49489701502019,1.87914100110374
USA,825000,695000,0.0774962709422136,2.29235444105667,-1.06697244628791,-1.09703812141111,1.43310355691527,-0.668611723154458,-2.1776466377561,2.81638686501447,-1.25691086203241,1.03128494707964,-1.15208934073787,-0.388455529492255,4.95577784190403,-2.99339200097908,0.465704404990435,-2.93635031743045,0.813768169768483,-0.478039544023611,0.104589728023522,-0.457748549810141,1.97181542657743,-1.98289205810743,1.53008094031086
USA,825000,620000,-0.0969353429726652,2.64020645007899,-0.926182843856705,-1.2620159656017,1.24187501403384,-0.683313088000112,-1.8596923463236,2.66934839877093,-1.21222345324325,1.18399388734503,-1.80433289615905,0.200723732141233,4.83956474482061,-3.41225804999326,0.523331561769777,-2.61147302943878,1.37642096668671,-0.28285617383449,-0.694730502438736,-0.765222548192289,2.83230944573151,-2.40605673396171,1.56336824738266
USA,825000,595000,-0.161135633615794,2.80925711518958,-0.994091414551846,-1.28660115457469,1.15628646129921,-0.83342598267987,-1.45676328053402,2.25765307138818,-1.22395062722056,1.1968448162503,-1.30185526135196,-0.195835164682321,4.7862976999279,-3.27254642581221,0.312888142512715,-2.24265418871037,1.27686342523228,-0.271342937401897,-0.830581038330988,-0.508628094980507,2.61680205763594,-2.17858831706053,1.37895238821209
USA,825000,570000,-0.0845696897360364,2.84382543796056,-1.06878801354778,-1.10502083877277,0.973493724886236,-0.728925714165425,-1.58562150934316,2.12357148974436,-1.17469032789524,1.20259786298392,-0.946942475958621,-0.468671906615684,4.68931709435851,-3.20216193217715,0.240309720771095,-2.00273499360715,1.26971620748018,-0.480734578517907,-0.537054792539065,-0.533056367718242,2.22838473717031,-1.91738861824048,1.37362349903913
USA,825000,545000,0.0571615690111829,2.75058453229689,-1.10230279528017,-0.969874392775024,0.87274188833278,-0.685783845109861,-1.60721862453249,2.11882675829065,-1.26448181138004,1.26487201419272,-0.918748400143949,-0.474031695098154,4.54448280916707,-3.16764963850829,0.304233567952961,-1.9213838360894,1.2882386193052,-0.666203648600257,-0.249444968030357,-0.552804317586963,1.93247527696213,-1.83610235856455,1.47966675199916
USA,850000,670000,-0.082774956164883,2.37138035285725,-0.958995123332191,-0.829380304013034,0.918441474348336,-0.473223150800908,-1.9787587696405,2.53166679004392,-1.19697921407657,1.01866642126262,-1.21719576508068,-0.281947636866791,4.72211968243296,-2.95699129003866,0.443361300347944,-2.36230454585804,0.98013838815629,-0.401985197350937,-0.562463330207446,-0.574123492907404,2.14940566614569,-1.93106726972744,1.46042217651248
USA,850000,645000,-0.144125626117894,2.30481296716397,-0.913908898765765,-0.789803782331934,0.808845731710317,-0.38934559657918,-1.94459016267148,2.5899044632253,-1.06826707668447,0.949194613189415,-1.32941817687872,-0.211790167507283,4.63898963026817,-3.13587211750744,0.610094924126404,-2.39130543793805,1.16200193868002,-0.397627128781796,-0.642112969694553,-0.644190999682837,2.4521000293982,-2.18501373294605,1.552364878495
USA,850000,620000,-0.164345369498183,2.46473877271822,-0.898383021136793,-1.03718289606346,0.945424381914067,-0.557611310004409,-1.73344071400625,2.40090666961371,-1.00085872183163,0.991890620861153,-1.18897230478822,-0.335593391189077,4.70258342159796,-3.25399046894136,0.513644345873599,-2.2180543945287,1.15538894482462,-0.316168954543508,-0.753723414120285,-0.592364139449231,2.46645406673307,-2.09261432467593,1.42412346116756
USA,850000,595000,-0.133013304897285,2.63992801592835,-0.896893058108638,-1.21110207844352,0.966844664983513,-0.64167852896136,-1.51560440373145,2.06947027338214,-0.963387961804938,1.0797541758743,-0.931737233814087,-0.541001154854094,4.79101264180352,-3.3524141608334,0.390480169916256,-2.01424387097144,1.10176503709254,-0.299796251551057,-0.767751424685013,-0.475238034585725,2.26036482159054,-1.87305858818729,1.25260737117733
USA,850000,570000,0.0258699590708629,2.78481980575573,-0.994239359006534,-0.954099554867511,0.634422856547095,-0.539988163770722,-1.50834673287558,1.73945334611608,-0.921748359068992,1.13176594148744,-0.635432318228753,-0.806565307570299,4.81551302146266,-3.39964305915685,0.324866594695087,-1.74835460748515,1.10765124121843,-0.4546884811179,-0.55654964487186,-0.476759382018197,1.87910747319722,-1.54520158548412,1.29979484704688
USA,850000,545000,0.0714067651433652,2.69823681747024,-1.03533981030117,-0.858298275335363,0.644776218562862,-0.561665068386874,-1.50121384087036,1.85105535644583,-1.19277862712277,1.28872424055307,-0.831520750917638,-0.626451810416102,4.65959233999698,-3.3116532541734,0.413903283580861,-1.75922006230981,1.19776376746479,-0.629676705015609,-0.373922596447344,-0.478666047948434,1.76660758657679,-1.66056747577127,1.44790776649536
USA,875000,695000,0.0047423381845304,2.51047441468126,-1.18609301176434,-0.727158312217997,0.822534375820044,-0.451036519252978,-1.91432585470142,2.42311681924131,-0.909694443719844,0.790830964711809,-1.28236048041388,-0.350134836419445,4.70784298691544,-2.9045166847574,0.615035375626729,-2.39478364014259,0.609590651242462,-0.416604570817805,-0.342287849532483,-0.504317294133045,1.82266243843216,-1.60320987094301,1.41877727632995
USA,875000,670000,-0.196892511764268,2.46018066704185,-1.16644748134545,-0.452575082550515,0.63826108294976,-0.310976464905886,-1.87073318712408,2.27565312222863,-1.00850987863888,0.903546304548099,-1.04557695407489,-0.469426251640987,4.54791021631345,-2.86418940528019,0.573390942586406,-1.95040297692704,0.552376230777868,-0.398131511845258,-0.596045268412484,-0.398846032339062,1.85164321780886,-1.79690861729317,1.52379920718089
USA,875000,645000,-0.301440524967057,2.27852699102795,-1.12347277787338,-0.29586765511842,0.518957313288315,-0.59176441894651,-1.43778773318008,2.15848103539252,-0.955220084179871,0.804463974191732,-0.736313650129783,-0.662932853382813,4.27397895488661,-2.7179765163898,0.562137082348329,-1.88974323225956,0.790315422144393,-0.355080293942285,-0.746889349723987,-0.222780056947601,1.65173333304667,-1.71806102842888,1.59240894682033
USA,875000,620000,-0.191448891587776,2.407930601141,-0.971968151481484,-0.773589253558975,0.794135433125781,-0.493442553644911,-1.65698021688124,2.15528722254398,-0.816262828335917,0.753636367742347,-0.707050045104053,-0.73601874454286,4.60079180330665,-3.08561111348945,0.471878162767682,-1.848559054187,0.96066237379619,-0.378329758535567,-0.718444418540092,-0.338044664732713,1.91011280149891,-1.72683123260265,1.4232259436017
USA,875000,595000,-0.0493376971069781,2.59676591123467,-0.96556594437268,-0.999178595736743,0.815476116183957,-0.431266294874291,-1.65173439587374,1.9423643448014,-0.763003830670266,0.804614330876698,-0.565847195617162,-0.8721303933223,4.81185831508958,-3.36205358240964,0.469567000719004,-1.81742098181832,1.03915224758401,-0.399912438524315,-0.662802522573829,-0.400957522199712,1.85208458464026,-1.55153145444537,1.33269807583183
USA,875000,570000,0.00884843582949069,2.73764148838946,-1.06685423877353,-0.898377543421862,0.594015899454895,-0.278443239958948,-1.65165306544804,1.74515729226161,-0.885843437895911,0.985613717314087,-0.586845778900547,-0.838079232807713,4.90088425634406,-3.5632130267577,0.561216896980401,-1.79223326106042,1.09883960389846,-0.471744266838536,-0.575631005323038,-0.507937082761,1.70442520336775,-1.42155565746499,1.42574995001242
USA,9e+05,770000,0.416968043826957,1.7493876172138,-0.631448278469175,-1.59533751869241,1.29110816543432,-0.254022789738655,-2.34016121750919,2.99241618569795,-1.00525017644222,0.421669855946276,-1.65097669294759,0.196526146042775,4.79020114132371,-3.11336839021645,0.644967320475425,-2.47993951922992,0.279130900890007,-0.435382568907703,0.303259595871608,-0.382868274495629,1.80385433141202,-1.84159390565937,1.59678540585317
USA,9e+05,695000,0.143191952704927,2.47640600952166,-1.26522073583256,-0.480707952506074,0.666623677898648,-0.381687537957984,-1.69092091632491,2.23150393745493,-0.767737499084508,0.526787381126244,-1.1819574109373,-0.471677286939758,4.73313869805475,-3.06798842640077,0.809934225616747,-2.08072491966918,0.322409222353512,-0.357009345115977,-0.191733202416314,-0.483071777362371,1.62018535509084,-1.55775050313098,1.45004801883294
USA,9e+05,670000,-0.0891751278262225,2.57120540450853,-1.31015193976631,-0.168033660692688,0.454616223710428,-0.199966375027217,-1.6887016234224,1.98302706441629,-0.80253461992094,0.747914223148668,-0.930481678422039,-0.586041729577921,4.54729703017782,-2.96124359114008,0.685471722580434,-1.57840762171986,0.242849987147298,-0.435709230522812,-0.554651684789171,-0.293810685639227,1.53332240817501,-1.67038634533435,1.6657198385461
USA,9e+05,620000,-0.101616966822707,2.48727808709705,-1.05944081009308,-0.601549116821354,0.705085887145411,-0.37577961928139,-1.64000717979751,1.95890897072229,-0.727032358421763,0.626244785268258,-0.502596419894008,-0.888452622052846,4.62015518788015,-3.1330327961586,0.511481721550464,-1.61223740758352,0.789629799790507,-0.43311281683917,-0.650778252475998,-0.188775814476009,1.49772035556694,-1.58434250132116,1.56460638637909
USA,9e+05,595000,-0.0512382899420762,2.63803128689781,-1.03053336508006,-0.816486395407099,0.707828627639072,-0.238626171608333,-1.69677255923746,1.83005392492446,-0.745559413768284,0.734273606742243,-0.447727150123407,-0.973980699570159,4.85226524836992,-3.47482958143638,0.62503827002536,-1.71636434054943,0.961135608418455,-0.445011238757249,-0.661485888984626,-0.255611617660307,1.48579211957376,-1.48123411726746,1.49887131593457
USA,9e+05,570000,-0.0237835501733341,2.76086849734636,-1.08924896702021,-0.803585023661149,0.544687142275808,-0.0885969736615234,-1.67260712098983,1.62443265052161,-0.866948549722741,0.879881944513858,-0.498340419594248,-0.875703492185287,4.93015476129674,-3.63775912171936,0.782890136578555,-1.82971657392029,1.03382043787028,-0.451469408229687,-0.656718624812154,-0.362423026613153,1.34670960598774,-1.31476443886875,1.56216802835403
USA,925000,695000,0.154110034544279,2.20746946844916,-0.965513844588232,-0.43216916528633,0.58516726752711,-0.0876266904928269,-1.56879940593409,1.92980430490913,-0.811339877312037,0.476488697905869,-0.940477970322432,-0.564648790719398,4.52630169176847,-3.00231661997918,0.858111780896692,-1.74898643770679,0.175321794318783,-0.363601781595755,-0.177942670559723,-0.332160134816168,1.39200600746348,-1.66606045408916,1.5191565918517
USA,925000,670000,0.0185100144464183,2.49046378962502,-1.19738593206628,-0.10112179539674,0.38763657702238,0.00105862507905896,-1.63164306412827,1.77227527491553,-0.746734180622867,0.654961401579794,-0.848897567724714,-0.599952813832001,4.53566985791234,-3.02650889125088,0.749231510852759,-1.37654300072562,0.113978270262853,-0.450578951366147,-0.512245707035069,-0.201381241589297,1.32021721537706,-1.68673574567549,1.75864457924481
USA,925000,620000,-0.0934325846115693,2.52463789766635,-0.989231075978801,-0.557764362928323,0.673412179341415,-0.289449787882415,-1.64905452624244,1.86762021316803,-0.776497164505778,0.645467703331857,-0.55331466552554,-0.81707618299178,4.71505834765893,-3.28589071011343,0.592603918736004,-1.54739183951289,0.74723560808858,-0.452667936157811,-0.662813492151367,-0.0849280200791744,1.3291983223118,-1.62511246158656,1.73474844398558
USA,925000,595000,-0.179277252769443,2.63669324795245,-0.983887697884006,-0.713858470541052,0.704988670111803,-0.205963331603109,-1.70367101936539,1.71651369667607,-0.814674439392352,0.782915512639174,-0.493652680508759,-0.852005848453851,4.90538088268577,-3.59441942858599,0.739433117496857,-1.6532359159854,0.908585994829177,-0.423250478385832,-0.732897091845826,-0.0781100407509894,1.18675233196513,-1.50924173339077,1.61913002860658
USA,925000,570000,-0.296251517368881,2.66936307810219,-0.936300071387065,-0.826316469708637,0.757489992263659,-0.134456480190283,-1.75915632329679,1.52963127436166,-0.890223364285594,0.855695008057068,-0.576077879414667,-0.618196553875886,4.92460411718937,-3.64380370551913,0.815383605305871,-1.76089160874075,0.987121161851726,-0.367947349074014,-0.832627348028997,-0.0943747492667315,1.06141172373322,-1.21320634786411,1.49297267175026
USA,950000,595000,-0.188658374448865,2.4410015890231,-0.74817529716464,-0.740682548321838,0.743078618730617,-0.367133155711727,-1.60624855461845,1.69677633130857,-0.863748369497278,0.730310976467647,-0.601307515459347,-0.632974981421624,4.81967877734532,-3.51795155216789,0.831032625625181,-1.69947948976274,0.877290208670215,-0.369831636044836,-0.770202072395992,0.0598864083745783,1.0284526336348,-1.41353668611269,1.55580391975709
USA,950000,570000,-0.282708513644915,2.48052686430091,-0.75025886670426,-0.821646392348374,0.79575699871401,-0.288875101430086,-1.65366026543263,1.51551200743895,-0.88243031772689,0.77822928204086,-0.607475274575875,-0.488757330436032,4.77662638940272,-3.58823207432574,0.931563709518143,-1.7282494313082,0.921689812847557,-0.36556680688482,-0.776885641781947,0.0460214476046321,0.833904004693085,-1.05898399624843,1.34091225531988
