YEAR,CA_1196036.1221_755940.451099999,CA_1221036.1221_755940.451099999,CA_1021036.1221_780940.451099999,CA_1171036.1221_780940.451099999,CA_1196036.1221_780940.451099999,CA_1221036.1221_780940.451099999,CA_1246036.1221_780940.451099999,CA_1096036.1221_805940.451099999,CA_1446036.1221_805940.451099999,CA_1021036.1221_830940.451099999,CA_1396036.1221_830940.451099999,CA_1146036.1221_855940.451099999,CA_1496036.1221_855940.451099999,CA_1071036.1221_930940.451099999,CA_171036.122099999_955940.451099999,CA_196036.122099999_955940.451099999,CA_146036.122099999_980940.451099999,CA_171036.122099999_980940.451099999,CA_196036.122099999_980940.451099999,CA_221036.122099999_980940.451099999,CA_246036.122099999_980940.451099999,CA_271036.122099999_980940.451099999,CA_96036.1220999993_1005940.4511,CA_121036.122099999_1005940.4511,CA_171036.122099999_1005940.4511,CA_196036.122099999_1005940.4511,CA_221036.122099999_1005940.4511,CA_246036.122099999_1005940.4511,CA_96036.1220999993_1030940.4511,CA_121036.122099999_1030940.4511,CA_146036.122099999_1030940.4511,CA_171036.122099999_1030940.4511,CA_196036.122099999_1030940.4511,CA_221036.122099999_1030940.4511,CA_246036.122099999_1030940.4511,CA_271036.122099999_1030940.4511,CA_121036.122099999_1055940.4511,CA_146036.122099999_1055940.4511,CA_171036.122099999_1055940.4511,CA_196036.122099999_1055940.4511,CA_221036.122099999_1055940.4511,CA_246036.122099999_1055940.4511,CA_71036.1220999993_1080940.4511,CA_96036.1220999993_1080940.4511,CA_121036.122099999_1080940.4511,CA_146036.122099999_1080940.4511,CA_171036.122099999_1080940.4511,CA_196036.122099999_1080940.4511,CA_221036.122099999_1080940.4511,CA_246036.122099999_1080940.4511,CA_271036.122099999_1080940.4511,CA_96036.1220999993_1105940.4511,CA_121036.122099999_1105940.4511,CA_146036.122099999_1105940.4511,CA_171036.122099999_1105940.4511,CA_196036.122099999_1105940.4511,CA_221036.122099999_1105940.4511,CA_246036.122099999_1105940.4511,CA_271036.122099999_1105940.4511,CA_171036.122099999_1130940.4511,CA_196036.122099999_1130940.4511,CA_221036.122099999_1130940.4511,CA_121036.122099999_1155940.4511,CA_146036.122099999_1155940.4511,CA_171036.122099999_1155940.4511,CA_196036.122099999_1155940.4511,CA_121036.122099999_1180940.4511,CA_146036.122099999_1180940.4511,CA_171036.122099999_1180940.4511,CA_196036.122099999_1180940.4511,CA_221036.122099999_1180940.4511,CA_246036.122099999_1180940.4511,CA_271036.122099999_1180940.4511,CA_296036.122099999_1180940.4511,CA_321036.122099999_1180940.4511,CA_121036.122099999_1205940.4511,CA_146036.122099999_1205940.4511,CA_171036.122099999_1205940.4511,CA_196036.122099999_1205940.4511,CA_221036.122099999_1205940.4511,CA_246036.122099999_1205940.4511,CA_271036.122099999_1205940.4511,CA_296036.122099999_1205940.4511,CA_321036.122099999_1205940.4511,CA_121036.122099999_1230940.4511,CA_146036.122099999_1230940.4511,CA_171036.122099999_1230940.4511,CA_196036.122099999_1230940.4511,CA_221036.122099999_1230940.4511,CA_246036.122099999_1230940.4511,CA_271036.122099999_1230940.4511,CA_296036.122099999_1230940.4511,CA_321036.122099999_1230940.4511,CA_71036.1220999993_1255940.4511,CA_96036.1220999993_1255940.4511,CA_121036.122099999_1255940.4511,CA_146036.122099999_1255940.4511,CA_171036.122099999_1255940.4511,CA_196036.122099999_1255940.4511,CA_221036.122099999_1255940.4511,CA_246036.122099999_1255940.4511,CA_271036.122099999_1255940.4511,CA_96036.1220999993_1280940.4511,CA_121036.122099999_1280940.4511,CA_146036.122099999_1280940.4511,CA_171036.122099999_1280940.4511,CA_196036.122099999_1280940.4511,CA_221036.122099999_1280940.4511,CA_246036.122099999_1280940.4511,CA_121036.122099999_1305940.4511,CA_146036.122099999_1305940.4511,CA_171036.122099999_1305940.4511,CA_196036.122099999_1305940.4511,CA_446036.122099999_1305940.4511,CA_146036.122099999_1330940.4511,CA_171036.122099999_1330940.4511,CA_396036.122099999_1330940.4511,CA_371036.122099999_1355940.4511,CA_396036.122099999_1355940.4511,CA_371036.122099999_1380940.4511
2000,-1.95279162947185,-1.88264110081924,-1.62289657889909,-1.9607626098007,-1.83577857065351,-1.74657299046243,-1.74307517970555,-1.99266092940837,-1.99983595269607,-1.56541046606238,-1.52864797439831,-1.85783029134166,-1.61588857300322,-1.73253528296677,-1.56658331889845,-1.48465687124289,-1.6810364774021,-1.71751831015565,-1.68456787712239,-1.73098732288426,-1.80369256603048,-1.82064294465025,-1.5774581717497,-1.64364791128609,-1.79578132616791,-1.82586741617685,-1.84360835646254,-1.86763835315841,-1.6896367140756,-1.74988150041609,-1.80944232000091,-1.89604530023599,-1.93721677207893,-1.95707691370995,-1.93805199695568,-1.89931458747468,-1.86935508677388,-1.95826949492759,-2.04278889989208,-2.0880798887693,-2.07569081577666,-2.03554040989505,-1.76992753457254,-1.89281727458111,-2.01590481371746,-2.12265185282158,-2.24398554505078,-2.22111967581962,-2.20833510638891,-2.15825654159815,-2.07594490717355,-2.0020980235282,-2.14103079059317,-2.27154102873915,-2.31768425426625,-2.32716956765444,-2.29147742599599,-2.23172277314505,-2.15290616087355,-2.42225499048397,-2.40052313614241,-2.36310137396921,-2.46395376448737,-2.56054291305455,-2.55047812656433,-2.4926707853843,-2.67159809928382,-2.78154441556847,-2.77023278507171,-2.65550407324389,-2.6004772623036,-2.54584729274313,-2.4926974261614,-2.45841023447773,-2.44979813914632,-2.84982068096346,-3.06763193539651,-3.01479390563323,-2.89256273082262,-2.7703884614539,-2.68396303044709,-2.63288621569697,-2.58480790810951,-2.55403954760715,-2.96423611739325,-3.14747716053594,-3.13962349933144,-3.00812263462838,-2.89043768924771,-2.81770365360267,-2.74018422156665,-2.68438252361049,-2.63813620553064,-2.61737262240892,-2.79969867509358,-2.9739879883487,-3.10286777668737,-3.1234581262078,-3.06358670355279,-2.9836694340626,-2.89911203973077,-2.83586856736578,-2.81409572774244,-2.94397589688627,-3.03836038776309,-3.08492040186223,-3.05989179028684,-3.01205158953346,-2.96826724939246,-2.90834271962454,-2.99175635705592,-3.04155496289538,-3.05328707496765,-2.6808363305027,-2.95190856983948,-3.01533573717424,-2.85143923811571,-2.94905739948341,-2.91587536077279,-3.01608668757285
2001,0.924976618552232,0.838118819022365,0.586215844387447,0.929800718749989,0.740223092806143,0.614052501627229,0.618145443273397,1.07736786961755,1.88832135887139,0.568461498736583,1.2763298006253,1.24305724283852,2.26226578778151,1.22396834504578,2.11298738096259,1.90591658620737,2.36261697083317,2.25534097578217,2.07441723517264,1.9532471181795,1.84384277852049,1.85701564240159,2.57682885409839,2.51481002391051,2.39583902309863,2.29909457976298,2.19656380653611,2.14381510042764,2.73961221280598,2.6890391707597,2.58130054977454,2.52909139074523,2.45760893325518,2.40813705410464,2.40029712783679,2.34821628958316,2.83113027490253,2.76197038494376,2.69725658905171,2.62587578728776,2.55365269923476,2.51362123993436,2.94617341389236,2.97553539162616,2.99002444285823,2.93233516486188,2.8513376997577,2.75055378771088,2.68599521744911,2.66043184865187,2.58126520981137,3.01843535251037,3.03996580277497,3.06333001548469,2.94727689891443,2.90219741433996,2.8201022073797,2.74810500425324,2.62073672923227,3.06085047265508,2.99600752706832,2.92709265235504,3.20730032408128,3.19565836133618,3.14816893330862,3.08612513976218,3.28760957915884,3.30509504414309,3.26234918420955,3.17981568802082,3.08595802269373,2.98855901197147,2.87743616746482,2.76339903333689,2.661129631844,3.3365796881015,3.40091089503262,3.3418923953109,3.26090320739175,3.13638179173235,3.02884834691562,2.93579577222689,2.81768797805746,2.71241256500878,3.33688752241885,3.38461670851896,3.35588263360122,3.24682482186446,3.14893242590902,3.06508618821228,2.9529939736442,2.85284781123165,2.74662785423911,3.14406710672582,3.21283838172595,3.27529109815209,3.31196727101725,3.2884258485057,3.22774940552786,3.1491915211165,3.05238319712661,2.96648863736802,3.12738783290702,3.17045165866242,3.18991825138886,3.20148251710072,3.15806982130165,3.10179971148823,3.0486657901547,3.06592988504916,3.09286192957882,3.10129421554701,3.09426683574012,2.35128542937341,2.99278166506311,3.02734486514303,2.62054634023938,2.71418785208888,2.63322731630929,2.73740526805737
2002,0.103844668430496,0.133255470916857,-0.00596295312112671,0.0142373106643321,0.0721708862080237,0.0461487991679963,-0.0817937247023801,-0.365807885301306,-0.00959891035623861,-0.00714568921646697,-0.285821793753517,-0.466395088278143,-0.405852914814297,-0.347282823615136,1.28230794469118,1.39994511393107,1.07234402599363,1.21247718233632,1.34634268269631,1.47170578650762,1.59073054546125,1.58509461663441,0.786101882174969,0.899717339014445,1.16748724349242,1.27521955479234,1.37269892984416,1.42838524535807,0.780692385117951,0.889048108077802,0.992365924004374,1.10885123038364,1.20637671164714,1.26309369769325,1.30545849479116,1.33036138024558,0.901170481721536,0.997596296181449,1.10053987509818,1.14578743507706,1.17556059180086,1.18797590963308,0.762251258534912,0.816222089937048,0.89820616101652,0.988922028752039,1.10149312668682,1.06519873226027,1.06088200723247,1.09994489664391,1.15534047037076,0.791347270042186,0.829673763768053,0.887760611042799,0.909916977879893,0.906655998968744,0.917598549050121,0.949997257438521,1.05218753490542,0.720772367569395,0.711639237376148,0.729804520164011,0.679783244083979,0.636766866228349,0.56800504962378,0.489108676522756,0.632968489167196,0.587218983494615,0.498701021965001,0.412305240291496,0.503213027914046,0.633582695787762,0.768601125186696,0.928165311257038,1.10419749286573,0.620301936374844,0.596173789240598,0.529741521236998,0.495775725652828,0.525076074699792,0.621399039588254,0.740861631882385,0.878232778401923,1.02093753529967,0.621086891104527,0.599407573836544,0.562693205237945,0.539945431510045,0.5623147131723,0.630197717231753,0.726078404982136,0.834486962955868,0.959867737731373,0.654930016271152,0.637984311153654,0.621684866577855,0.6029732163297,0.579651331373377,0.573474083087541,0.587229202202726,0.634605570265769,0.70880551283403,0.639576225537746,0.620417322623531,0.603110520654569,0.585389981205902,0.58537469300092,0.59935003693838,0.631155677576607,0.621698395571644,0.608494443607802,0.592607363611366,0.589679358517765,0.985109106627011,0.602959878133027,0.59119084185994,0.778697922676725,0.690790840276961,0.70713754940414,0.62587290120731
2003,-0.643657508849693,-0.654419950755065,-0.131749271010027,-0.279797247898964,-0.233702406890895,-0.179457007024192,-0.155710233157269,-0.042127116031411,-0.576648335454449,-0.105628975884542,-0.201199587559932,0.0671762543627761,-0.937411058862471,0.141496938959596,-0.119139386312269,-0.226627640091041,0.0173634086397643,-0.061945041426672,-0.137074237214063,-0.169728589939491,-0.207461608902543,-0.247709084595755,0.0893138723284737,0.0601727646174113,0.00299733797587143,-0.0131005395320765,-0.0392376888994086,-0.06781310770219,0.0860117240621019,0.0816501244586498,0.0666354276404229,0.095871388942141,0.121322493690296,0.128959006115339,0.0959132435415961,0.0149703844934828,0.141309356020276,0.175832548224254,0.226240379784106,0.295993086828247,0.316675813977143,0.277278589966657,0.0861635290865404,0.171205223142252,0.252759872459513,0.316318610788895,0.401752180760888,0.456443706154381,0.518589566069292,0.464872977347463,0.30640348944609,0.269059063582226,0.366914358578658,0.470535087041539,0.536515444405559,0.601355058352565,0.609171824817998,0.522343421339671,0.381176938330174,0.690756932815897,0.724791271524037,0.692502797103942,0.658705623287315,0.754546333123642,0.836837446930113,0.884116207475901,0.810226332691681,0.910004601613605,0.989402031912536,1.02052572887403,0.944715901187886,0.828591105272487,0.723002070803841,0.651035935583715,0.605049991024834,0.945790160512479,1.0600857309883,1.10318185755807,1.10632315447587,1.04046333440992,0.950491813355578,0.877573768083757,0.801335640713149,0.751534577842655,1.06694575846899,1.15472571412461,1.20291794223811,1.1760795042858,1.12652070756418,1.07004156387477,0.99390756330992,0.929060640032532,0.867170683322445,1.0279659491708,1.09977537295555,1.17982794860385,1.23819343114379,1.26613603178451,1.25130858352119,1.22599134030037,1.16395291447172,1.10117992164363,1.21978396891922,1.27149661307439,1.31331940053667,1.33572597583225,1.33094366667528,1.30459671182034,1.26579707710009,1.37321838049861,1.39692772077096,1.41434892832211,1.41311415357791,0.906662383346911,1.49800827903165,1.50783649905628,1.12412440017052,1.24606749049779,1.18496617539867,1.31747934922432
2004,-2.86441692027741,-2.77407151706322,-4.00909378694539,-3.09947279490974,-3.01279482010854,-2.94620098887915,-2.85535300588924,-3.49770871333417,-1.94764381373648,-3.99491131383139,-2.12625031906378,-3.31669035985052,-1.07005497992948,-3.54818609195111,-7.041953402315,-7.01402845261454,-7.17973934970955,-7.20370763409856,-7.15971126994047,-7.1204341165662,-7.01797588350312,-6.78804004144831,-7.17819508765262,-7.20408831570947,-7.3111408236802,-7.31117265768179,-7.24212955722098,-7.11983984534069,-7.38754953392911,-7.37933405958869,-7.32694087391504,-7.38619719786642,-7.39874484849996,-7.33389136701465,-7.23975850722447,-7.02270247621493,-7.54096486657331,-7.52880646362049,-7.56609575490005,-7.53950576597429,-7.44195612253751,-7.29326376765059,-7.73584022391831,-7.71166428878145,-7.72732767259254,-7.7427075517624,-7.78555392634203,-7.64314791350764,-7.54996521233019,-7.46505449152651,-7.29942420914684,-7.77792235010788,-7.78240584965139,-7.84766099880919,-7.75746107048352,-7.71244771618852,-7.60569997849204,-7.48646099883782,-7.37989597983546,-7.77136517398379,-7.69637148011631,-7.60273283140186,-7.89442297753224,-7.84032472318526,-7.76848442312531,-7.6743321909395,-7.93553381320671,-7.9093912113469,-7.83061620652182,-7.73249123612215,-7.67420945041607,-7.61485487509578,-7.56136654894011,-7.5411822846458,-7.54753393037551,-7.99174098210818,-7.98682975684118,-7.90917441124983,-7.84711860525199,-7.74679039916922,-7.68404241222376,-7.6541967198694,-7.60725767239012,-7.58236678954552,-8.0454326039214,-8.02032648884069,-7.98247434903861,-7.88192294250393,-7.80781043968362,-7.76309629260132,-7.69857727617907,-7.65225729330407,-7.60609377766992,-8.10891361794785,-8.09828201074256,-8.09246014026643,-8.06220472155427,-8.00789865409912,-7.93951547662166,-7.87633140556816,-7.7950602742601,-7.73664691167762,-8.13103911659093,-8.0925263875056,-8.04862325583483,-8.01236031801328,-7.9538870000013,-7.89045635869826,-7.83535310109679,-8.10263088800222,-8.05420657043059,-8.00598679635084,-7.96589146746444,-7.16336056119932,-8.05247291292368,-8.0232831356056,-7.38162810276086,-7.42746261494579,-7.32311889448797,-7.38189063525713
2005,4.20013054936218,4.20031495543917,4.69363069219985,4.15686976658731,4.13070278429872,4.14319612832481,4.1495836394579,4.86727662251008,2.9608894380622,5.16336636443937,3.31411005044729,4.33292267285313,2.569561009676,4.66184530499721,4.13484929548308,4.21916078513268,4.29225319762432,4.28504180735461,4.32374993820827,4.40174528241651,4.40018608582375,4.27299731546597,4.53418377351258,4.4517040396748,4.4140219298198,4.4341491307598,4.44412912809122,4.42537624337999,4.69173741394348,4.58317148761201,4.51105006473232,4.48843684667415,4.47675434004438,4.47013548029176,4.47628448889611,4.40694178832721,4.63348798625367,4.57716132806004,4.54571575104687,4.52297470859435,4.49786766087206,4.46935376167728,5.16950665561582,4.9088385268902,4.72243927360738,4.66122361586296,4.5985041144852,4.57663718957808,4.54349065609322,4.52270341829025,4.46779045959374,5.03010285652797,4.8798531403911,4.82755221503542,4.73664483814024,4.7163805382821,4.64169864335278,4.56337831843996,4.46490665123732,4.91660886540591,4.86167755383495,4.77898168984453,5.1126011236659,5.06740502938478,5.05054323733623,5.03978222194604,5.15630429325955,5.13750500284971,5.13811224346146,5.13727528941471,5.00851076415903,4.86093121453241,4.73255483213176,4.64863648321158,4.60614944413032,5.16754599438729,5.14729428067247,5.13027038258934,5.1092459484361,5.01773321403502,4.90627095857089,4.81314946096841,4.72383446863987,4.6630099259239,5.15534649871331,5.12802785376702,5.10839318532513,5.06327596328746,4.99925366827038,4.92679508532378,4.83398626449128,4.76174245184132,4.70407930327597,5.16466945599419,5.14956073051473,5.12931192902738,5.10701963958604,5.07675181772819,5.03936507865317,4.98117858031566,4.90959845079728,4.84254360652153,5.1074627360409,5.07767275881943,5.04549126184269,5.02417400787829,4.98068595677276,4.93529917569684,4.88879898744653,5.01530247365003,4.98439658919924,4.95147318400474,4.92556318756573,4.58404501046245,4.90551262763313,4.88941222376196,4.66866961118461,4.62682586053816,4.61145117471148,4.55498731997319
2006,0.08343233193647,0.0126705594901302,0.219509266302644,0.0309723218999332,-0.0155059336374219,-0.108433863584007,-0.231704981882736,-0.360443649888984,0.181535938332603,-0.0904490961279258,-0.301041661073561,-0.178189677298999,-0.0308357348845709,-0.0884670441448426,3.3556651412192,3.29492920051305,3.35332615785258,3.42810363237546,3.40165736460252,3.38789883077394,3.40865846181762,3.37672477762317,3.16009010918084,3.28194573556355,3.43048707729914,3.43282773020073,3.41628924875089,3.38638597175555,3.29884364888291,3.38922302149938,3.41990932819458,3.44585796048977,3.44717068429831,3.42123463729395,3.3601753395092,3.29605882296639,3.52080879890203,3.50618404962855,3.48138196700869,3.46246813019416,3.43028524399808,3.36230221587335,3.31317974168844,3.46789480486866,3.58766897945185,3.54424821721043,3.49282833634075,3.45193290548226,3.42858961395051,3.38021376411929,3.31374133322014,3.40253926826645,3.46479924373022,3.46134477459777,3.41887619756059,3.38495590993493,3.37109352102025,3.33922149664417,3.32266642698424,3.30099658589437,3.27789386196559,3.25983933850833,3.24321146164362,3.21296854862572,3.17554719998027,3.14204440247397,3.14807433822268,3.10562979402441,3.06777460966307,3.04550874059481,3.07542995719569,3.11257196190553,3.14759407313384,3.17368125392148,3.18228329358238,3.08888132692099,3.01807906453661,3.00340545959642,3.01276833469803,3.03364229906155,3.06740940469742,3.09112987313591,3.11483990335837,3.12673619503468,3.07180720774785,3.00000206215003,2.98752419858254,2.99373463192761,3.01455883588052,3.03165473911515,3.05455481564284,3.06752099779845,3.07324593560149,3.21541406852943,3.16148415538935,3.09745433239883,3.03927222353592,3.00823610064804,2.99557259870722,3.00201174155726,3.00816105663953,3.01996058637322,3.2044189744668,3.13088403922579,3.07357090026915,3.03172592070125,3.01364859288244,2.99684364475153,2.99156043644773,3.17766740834822,3.11048458823413,3.06013458533123,3.02207531333576,2.80752320568133,3.13936316125826,3.08157896523818,2.77943771130867,2.73160222076182,2.69363536894867,2.64543784095285
2007,-1.21676913295407,-1.33060196515305,-0.496630969809034,-1.01303119766486,-1.11140896387938,-1.12045490683683,-1.03175420282803,-0.414950736558861,-1.51859554846329,-0.546647168864246,-1.02938881671801,-0.635342018212764,-1.77210786415628,-1.06637407113975,-1.68239131785309,-1.69057109321346,-1.64547182886945,-1.75629685994273,-1.78928617402766,-1.83268321682408,-1.88124682931208,-1.90962360462602,-1.46684720984496,-1.58538041461465,-1.75547103937382,-1.81139371494403,-1.86430211184757,-1.91937755034334,-1.7003482357704,-1.73398409706343,-1.73990272353987,-1.77079832543055,-1.82834571871365,-1.90157877429937,-1.94715911825752,-2.01158156425706,-1.91276853232034,-1.81810199110432,-1.76696421100035,-1.84021073401941,-1.93453823510396,-1.9964644083104,-1.9180435566942,-2.00612400360409,-2.04165652901449,-1.88596762697092,-1.73311108309305,-1.85464392695098,-1.97057700302778,-1.98661035579069,-1.95000403927822,-2.01191313282292,-2.018048766636,-1.93293937687793,-1.88195194364058,-1.90313079851395,-1.94682500007734,-1.91090637031029,-1.82401533314881,-1.97109266249714,-1.96478925518595,-1.944356365718,-2.01855797182086,-2.01891611719773,-2.01975719316129,-2.03555666358066,-2.01917384772569,-2.01099481135552,-2.03493111695249,-2.05850071553003,-2.01391987409471,-1.96171939724821,-1.93240098958184,-1.94477833550928,-2.00269577568071,-2.01121280321879,-1.98913870126869,-2.0096879333204,-2.02608501232663,-2.0233955250328,-2.00506020147139,-1.99664073015788,-2.01846564556145,-2.06802818719238,-2.0139043152188,-1.98985967908104,-2.00646410371394,-2.02258450639174,-2.03417890916263,-2.03149404916985,-2.04418606283872,-2.06515817962343,-2.11406649905643,-2.05885525123059,-2.05011173860195,-2.02723348984757,-2.0151574297826,-2.02090726739512,-2.02542305420449,-2.03726538455658,-2.04800537361399,-2.06438902254414,-2.06541404547913,-2.04909287862356,-2.04060817327388,-2.03327938803143,-2.03956978469703,-2.04227189542697,-2.05307838739803,-2.06530935213905,-2.05770829131702,-2.04635966419919,-2.03748394287776,-2.09002621436185,-2.06236907242972,-2.04185788243609,-2.08920031198223,-1.99413507343977,-1.98272294656942,-1.89074894671423
2008,-1.71969221700605,-1.72887778515024,-2.13466083534501,-1.76728112222979,-1.63325628454461,-1.61651963998498,-1.72453432884734,-2.16918746762475,-0.468420601501471,-2.16421158623517,-0.746611214805869,-1.66464164649463,-0.386037400571654,-1.39437718366474,-2.42138098256382,-2.50444307882562,-2.36289233914829,-2.37694206398706,-2.45690096524906,-2.57634747499719,-2.64897975781803,-2.48457414186203,-2.1930780041199,-2.17863160759002,-2.28267390725716,-2.33979945404736,-2.40783954843401,-2.38858622660057,-1.95408057560526,-1.99651633152567,-2.05706823178757,-2.13513104942644,-2.19573472427935,-2.20539184497088,-2.19507811161798,-2.09284724105503,-1.81593081484335,-1.92792404668306,-2.03270759381532,-2.05577571419982,-2.0434244301827,-1.99121344576694,-1.53189405232078,-1.60245927502696,-1.6824720075049,-1.83467090937352,-1.9663383331613,-1.94442978442147,-1.90109248077095,-1.89533387770585,-1.8606068048318,-1.55903958317386,-1.62119571195775,-1.74490274296266,-1.80305908021795,-1.83508995721604,-1.83769834797612,-1.84245878608132,-1.82232436461538,-1.67824894155594,-1.7264977912431,-1.76132429981028,-1.5281448952223,-1.52744792045041,-1.56657616660941,-1.60498128465735,-1.45511291613879,-1.44752235534671,-1.45878840477529,-1.50019796508886,-1.56270568448377,-1.61396125653584,-1.63671141318839,-1.62781513934403,-1.60837599536763,-1.38435469288577,-1.33918419221268,-1.36352961662159,-1.41833990562995,-1.46490739436008,-1.50871201911301,-1.53032165266417,-1.54160076155368,-1.536548236417,-1.33706693059864,-1.28612199161227,-1.29166211145448,-1.33391794586515,-1.37909720675624,-1.41765816883242,-1.43864264464607,-1.4556501272918,-1.46289663890331,-1.42675493354037,-1.36137585009152,-1.30723342453896,-1.27059365210166,-1.25879142279586,-1.28387377589319,-1.30707292342978,-1.33572268148399,-1.362355174226,-1.33042016076561,-1.2727520781866,-1.22447595195206,-1.21817235830249,-1.21915107269501,-1.24085591406075,-1.26133168207114,-1.23602886161543,-1.18639520571762,-1.16904119461301,-1.16983288342082,-1.34932704815026,-1.13902602447385,-1.12655580055664,-1.24444223802051,-1.16474277243076,-1.18065167109376,-1.09570896903895
2009,-0.376617353498808,-0.200672915039268,-0.761477391607888,-0.447660839757508,-0.356382315542463,-0.223830082140107,-0.0578619903974325,-0.591132631856111,-0.207400467019625,-0.515972098207961,-0.259372528865501,-0.826338030439675,0.179602071757886,-0.806133196693999,-3.17018890419463,-3.30142156408949,-3.22967031848696,-3.28773067933049,-3.36457356894438,-3.38374814257804,-3.37090687130309,-3.34206569071046,-3.62024905833002,-3.56660624583758,-3.48259680593082,-3.48347053017939,-3.46853509603867,-3.46894771012667,-3.81099589802315,-3.79576364162889,-3.74082298396315,-3.6649858896515,-3.59731241599031,-3.56499428317671,-3.55416240175973,-3.56989815978991,-3.94801221337437,-3.8842995684306,-3.77241613801009,-3.68670741636584,-3.6280654635349,-3.62962973832669,-4.09214500300076,-4.06288151135311,-4.02841508169218,-3.92705851720373,-3.80517300075819,-3.73255962357386,-3.67558827196796,-3.67972138041917,-3.7475724786011,-4.05977741838413,-4.01309182550845,-3.92933380977971,-3.83404356968525,-3.77393658227833,-3.74371934385796,-3.78117707539256,-3.83940085104052,-3.83476734647488,-3.78132804655743,-3.78637591680087,-3.94792942439139,-3.9017481827126,-3.82585209890001,-3.76243746871153,-3.93382103551826,-3.90452061861573,-3.83645974227736,-3.77052497466267,-3.78621693094815,-3.83298730063639,-3.86629818835755,-3.86188747553631,-3.83562600132304,-3.93293947027405,-3.92475433806691,-3.86972514357769,-3.82040861107781,-3.80818122655943,-3.81799565770854,-3.8289260974148,-3.81275788009277,-3.77684153613066,-3.91329436117671,-3.91938957911661,-3.88793494217831,-3.84523299480896,-3.81888572281498,-3.8053350423014,-3.7943927633821,-3.77217807938448,-3.72420391897767,-3.82893977554492,-3.8637928964746,-3.88488733729762,-3.88394396356578,-3.8686036215822,-3.84186439339922,-3.81650361914328,-3.79285752035852,-3.77234090389684,-3.8327350497602,-3.85321377714321,-3.86167460423922,-3.85009589424291,-3.83300299523394,-3.80618191703649,-3.77917261443875,-3.82431592830473,-3.83400505238138,-3.8234482790449,-3.80979913503877,-3.25546549084147,-3.80508672577673,-3.79901133701116,-3.41350842678167,-3.46749240748782,-3.40064069680609,-3.46161391105452
2010,5.5389571670286,5.55754556884498,5.62277879318467,5.35630851152459,5.36922393719333,5.42425740316328,5.46375179760723,5.48783040592905,2.62053001625043,5.65480187126811,3.43552354961055,5.14210925977642,2.36298206608178,4.89063767748607,5.49099593419208,5.79293343486762,5.25340638757325,5.49839457201088,5.76240893782152,5.98564003393287,6.1620547887791,6.05547716586225,5.21794783978634,5.2432165683067,5.45852797291998,5.61149817912551,5.77985929273536,5.87627216276168,5.23425784305583,5.25337848251751,5.31640691440312,5.36137787659647,5.44782714205823,5.53662191781922,5.61734378701009,5.69537650163363,5.16771907858567,5.17707387566063,5.1800067430911,5.231073757573,5.31855742849812,5.424450945184,4.9143626096735,4.98143912072874,4.99341505691453,4.98652866183054,4.93889016186019,5.05428976531573,5.13119215821094,5.26538277434294,5.47700137415595,4.81584259259234,4.84433631360701,4.82520272967496,4.86324362167605,4.93270775725988,5.06721046732258,5.26560537501739,5.49457828470353,4.75689197741556,4.85250433148033,5.01937389137311,4.57356633294179,4.60540683555469,4.65274697877386,4.74518295310745,4.46474661553651,4.49636759646931,4.54927436111448,4.64273117655388,4.84807765531436,5.07684695476121,5.29214911329763,5.45232671666643,5.58773884354205,4.37222908223649,4.38138456744931,4.46961445990295,4.59154556856416,4.78639029082232,4.98146001212817,5.16850206414276,5.34115657679532,5.4802136083844,4.29923420641789,4.32782603339313,4.41163686785141,4.55482856254943,4.72265167451025,4.88804383732378,5.07279331310354,5.23414949186223,5.37554988856232,4.18939440479425,4.20930883703134,4.23652753510466,4.2838013124525,4.3723240193027,4.50467283041728,4.6508172930231,4.81340500060483,4.9829466773393,4.1431129348583,4.19530218732893,4.2616956939472,4.34324726615746,4.45786707535964,4.59275616296867,4.72470382357254,4.13865169848385,4.21593136499095,4.29833078990828,4.39986850894261,5.39125643499892,4.15967526226574,4.23907005388746,5.21605849288229,4.97415096119972,5.02905922154522,4.80849367140561
2011,-3.27864520407806,-3.37764359836364,-3.16890190617777,-3.17365167545526,-3.26448549067609,-3.37723154396012,-3.5056800092246,-3.09154031888178,-1.75766529502664,-3.18399833985766,-2.1566714309278,-3.02441506773854,-1.48878383263482,-2.89370983384493,-0.229584801850154,-0.303239036375123,-0.204438052791039,-0.272816554172194,-0.34449448590082,-0.453914277529742,-0.579031285910399,-0.586179169418497,-0.183275748345916,-0.194742019358408,-0.283255945358967,-0.329412100824755,-0.402406856935221,-0.463679360265191,-0.133149429642714,-0.151277728260145,-0.232488912890368,-0.24373652202483,-0.268700686411088,-0.315280219568024,-0.362070441942302,-0.390027098162613,0.0144155132944985,-0.0748492092090254,-0.116676590191879,-0.150820993948361,-0.214765706152222,-0.26576131437904,0.181108249404594,0.199526562708646,0.221730137960005,0.128082757050544,0.0904798369186222,-0.0168149435258915,-0.0973923508035293,-0.179639508960488,-0.244074513464809,0.312356600392025,0.294296408014363,0.242973317216398,0.183623227768578,0.110593120764334,0.0188461497183174,-0.0627995108321602,-0.17870074811474,0.267746291016207,0.199471735703846,0.126062973163705,0.394297539541229,0.368564231920774,0.328702314054949,0.277079992201135,0.412245959768978,0.39022636366615,0.358973866131312,0.309629253361901,0.226814156788649,0.136994231581835,0.0263512411422207,-0.103224031103277,-0.236981047535159,0.412142034070532,0.395591490695352,0.357341947911734,0.29534471486559,0.216999294902067,0.131157065958405,0.0205014551249612,-0.100946390323754,-0.233199924948773,0.386624717497536,0.369875826025164,0.32315604102794,0.273303910179148,0.199589435321806,0.106492292964933,0.000968148283039427,-0.111463223026382,-0.236502395163567,0.371247386444146,0.365245957190971,0.34448067689426,0.324745928922092,0.288512949089174,0.23104543087058,0.160170579968036,0.0804642787372485,-0.0214225155660258,0.321577316682212,0.312353604249252,0.280768957596026,0.244901474649349,0.189635878492747,0.126265924020677,0.0480715225736272,0.262103511040473,0.237168404901691,0.198383890871518,0.149698008722607,-1.00831588800099,0.194991441842467,0.156284007229109,-0.731004302069506,-0.565153084029902,-0.703378231223076,-0.536581765331855
2012,2.49667513996,2.58262253488636,2.11511426960474,2.33174463617637,2.4048961823297,2.47646472058799,2.5048103250823,2.03978903983432,1.94418298635621,1.96720076897685,1.65582615266312,2.36283550201547,1.94511047078273,1.90848180383836,1.09398048177422,0.993327807785195,1.28438431596008,1.21713555434299,1.14152658011925,1.10823233464959,1.09157180024707,1.04664344638755,1.61850577260315,1.54090832272056,1.41124515109189,1.34118194952974,1.2678668914469,1.2254382461683,1.6306528095956,1.6586193693542,1.66455341349328,1.6170019099203,1.5154041852159,1.42268123968534,1.35408537522108,1.28592472357217,1.70411478785134,1.79582062462069,1.78380030658726,1.66360786103468,1.51230705338849,1.39975657267262,1.50745252443646,1.60899104130247,1.71102462492682,1.81808116324467,1.89593067106372,1.70032598538653,1.51473268802697,1.38378837562149,1.27218204281026,1.59854652002121,1.68492318710979,1.76152654050112,1.7469526129283,1.6278660963368,1.46704174267274,1.30923154193477,1.15976421261558,1.62467692128632,1.52384662015288,1.38776661149447,1.63025527898415,1.6094269986784,1.54295481519836,1.42470993861642,1.61986161056269,1.59450339222936,1.51004421976536,1.39549274501712,1.28302102643424,1.18649464801623,1.10320647646882,1.04840238944984,1.03290682144342,1.61160718266097,1.60953113312613,1.51577373921183,1.39755657447277,1.27706739919877,1.18034211212101,1.11184971829696,1.06297295136889,1.05354507482108,1.57629666793509,1.56976068423551,1.48795211969992,1.36962442798249,1.25980487361175,1.1754779276905,1.11059751300018,1.07214883829591,1.05661831109388,1.51481228043177,1.50532927331226,1.49887760554345,1.47711168042572,1.41179385893883,1.32474554483417,1.2321814042031,1.15769462708883,1.09682466509958,1.41122959016197,1.39804836525971,1.36390509974439,1.32232783018007,1.25241885720614,1.18659201528185,1.11846816249198,1.29750740063239,1.26953793658587,1.22793465589504,1.17764711062012,1.04782650088649,1.16815130909698,1.13487139333594,0.958964022899417,0.902871847743689,0.923446411053538,0.850747478089338
2013,-3.69466460327645,-3.71588110586352,-3.85882211291283,-3.45756728903288,-3.45606284939871,-3.45677076900656,-3.43695221147081,-3.52246863821752,-1.46274510053261,-3.92980920363899,-1.81081836129055,-3.19156807463864,-1.37259191135222,-2.90503263681671,-3.03469064213979,-3.11633923065576,-2.79293285835721,-2.95729805528396,-3.03878388479253,-3.00714052726898,-2.99153805230223,-2.99937146115055,-2.65441420075654,-2.75355761866813,-2.94707624927186,-2.9860944867593,-2.98557527724012,-2.98200846016479,-2.63519007173567,-2.7733506653356,-2.91866357437403,-3.00316354208239,-2.99972403564905,-2.9506309074815,-2.91803177509732,-2.9776628266151,-2.7871901194507,-2.98303712975176,-3.07660564550244,-3.01689093411653,-2.88583310631632,-2.83494142813858,-2.393947706243,-2.56704086060407,-2.75238731403169,-2.97878696094699,-3.19997433871069,-2.9971237529555,-2.77468216623346,-2.69332500693479,-2.7992119394912,-2.53323397730155,-2.71373685869948,-2.85802959467906,-2.98480396970316,-2.89016252891885,-2.7475523433792,-2.6982084661252,-2.75140226035187,-2.81356989082685,-2.7953379808474,-2.72766072930771,-2.51301898664527,-2.6174767342201,-2.69251984134066,-2.71424804192286,-2.40947347923633,-2.48367279798195,-2.54889527630214,-2.59959639815537,-2.57628610673777,-2.5511759260586,-2.5451436559215,-2.53405298096558,-2.52436526212781,-2.30622154807725,-2.34463789415451,-2.40176782762509,-2.42982586913284,-2.45127119687942,-2.44640941338662,-2.42660051993985,-2.42642833893753,-2.4197438282005,-2.20149097576273,-2.23104523553191,-2.25432862500928,-2.30500455863118,-2.32082877189889,-2.31476581820668,-2.32270366649013,-2.3250922341956,-2.32313457612756,-2.07623753107823,-2.08093622097029,-2.0860206511576,-2.10898771500876,-2.13295322735306,-2.16153213018721,-2.17602849484497,-2.19658165641083,-2.19926364094415,-1.97131518494529,-1.99175371128824,-2.00143920737614,-2.01748906946858,-2.02356610447563,-2.04973526227692,-2.04538863779657,-1.86461757344677,-1.879188572564,-1.87985733099563,-1.89315309258881,-2.01530013798184,-1.73780855487755,-1.73136527281783,-1.88518347070533,-1.73434080728621,-1.74882155416673,-1.59028689055871
2014,0.423653999222603,0.45817534276005,0.156985396035521,0.290927653076359,0.30139028457482,0.282720582360794,0.249190392670475,0.186667146560068,-0.645288644558166,0.423318200408973,-0.370799011784894,0.12376508157461,-0.276024512422634,0.41798045278475,1.95047504675311,2.04611356932108,1.65784090823659,1.78384781056226,1.82942896173706,1.71539942367994,1.56960527513777,1.43136943036551,1.32818946688975,1.42876066326896,1.61484199438651,1.62406479990192,1.57264158435019,1.47759806173689,1.15019637058922,1.2616504870917,1.38768880597766,1.46409505390889,1.48223710481087,1.43197987351682,1.37637382154543,1.34458155926541,1.10428830017958,1.2543774445401,1.35637964472109,1.35526280648211,1.31068258873537,1.2864886946907,0.742529235338264,0.839797029500661,0.944291446452186,1.13402362926327,1.29877958596313,1.25845354783582,1.19112465985954,1.20658710879363,1.31248406836789,0.767259978848856,0.885062955985676,1.00588714114512,1.12919475815462,1.15107765857305,1.16502118513679,1.24935849369737,1.38900963178544,0.994790515332331,1.06068921915377,1.13992622864401,0.74036584770197,0.825222285453943,0.89668929218236,0.957244992157043,0.696742793684543,0.757589340855165,0.814484334865723,0.874846478552979,0.989080472255264,1.10384355995428,1.19786683005159,1.23087613818385,1.2082778249331,0.656366379685224,0.708700655350772,0.765991831743369,0.827646164234557,0.925760659701536,1.01607686860733,1.07348223122578,1.11450855260828,1.10968956602787,0.624140166167947,0.671557573080707,0.722367595364894,0.797631677034537,0.869977033135108,0.938394490476892,0.994988091167425,1.02874498738329,1.03183091022898,0.51043805339,0.544704589745044,0.582737939211098,0.627401368365767,0.686075839494481,0.746257295375193,0.809254741298298,0.875496877140743,0.92366167815946,0.499199075295789,0.552514314674642,0.600803875184525,0.649418087889372,0.699020639674162,0.760451336790986,0.806833134480874,0.502039242191316,0.555767499784423,0.599653785294759,0.657395117747715,1.0071760324626,0.505250846902474,0.549877388070902,0.956973884313595,0.919151130035566,0.963420865088582,0.915940236996594
2015,1.2737070342911,1.42071366947173,0.531071405599859,1.05515015627775,1.21111231387797,1.35032637997966,1.48929434241332,0.405243734162813,0.689369973617076,0.444180943020753,0.76580755467843,0.635658956793845,0.124407853279779,0.462272836086182,-1.58150516065206,-1.68641344705626,-1.61654186846869,-1.73998139234414,-1.80339464182214,-1.82959436077635,-1.8396602135498,-1.79059915526849,-1.34398021392638,-1.51980947387732,-1.82806630030611,-1.87529841670699,-1.88369472845365,-1.87507990186909,-1.31977694339283,-1.55626016207687,-1.78988380240218,-1.90074790112263,-1.9133828551526,-1.87924681751078,-1.86413859217432,-1.87291770146232,-1.53901874812832,-1.8211276847476,-1.94797250227427,-1.90467945353551,-1.81923238599815,-1.76065905245187,-1.02330230272231,-1.25342752581146,-1.4855090696723,-1.7645585072854,-1.97297683918509,-1.85049917829338,-1.69973153005346,-1.63114407439581,-1.64561294333785,-1.25780198058829,-1.47361309162313,-1.68481642493176,-1.78506649905484,-1.74331295111905,-1.62975555651945,-1.52505721615727,-1.48245665324947,-1.67820338730797,-1.65142012619673,-1.56896281819214,-1.46982490853208,-1.5938423941787,-1.63720628744564,-1.59970419126763,-1.50269451825724,-1.64289613708225,-1.67791605543895,-1.62883191341559,-1.59522598548997,-1.571309668446,-1.5719449753176,-1.62459890293652,-1.74166025290982,-1.51828076113379,-1.73044617292534,-1.7576365319407,-1.7072347266635,-1.66010073297904,-1.63880270062438,-1.65866713154709,-1.71174137615688,-1.79924163886378,-1.49789257083519,-1.69068761268179,-1.74629194564239,-1.7179943695825,-1.69226904488512,-1.69868972252198,-1.71558302635357,-1.77218167211253,-1.84491911014851,-1.0403776741344,-1.22579941782696,-1.40459595619124,-1.56945675058115,-1.65301225897244,-1.68284415214086,-1.69543507432973,-1.71318854387931,-1.75143738640417,-1.13463771347036,-1.30736739052201,-1.44605819756108,-1.55113203718997,-1.61242104637367,-1.66123313085867,-1.70708547864491,-1.1959280026392,-1.33330751735503,-1.44332138338769,-1.53905757033564,-1.93408085074818,-1.22975019316254,-1.35459411583494,-1.97648122168112,-1.94861836293913,-1.95860539219463,-1.9439679073806
2016,-1.09287622837726,-1.31270392256719,-0.600916085808554,-0.664710728228536,-0.891707375497318,-1.09209610409391,-1.17817352101119,-0.335812455771587,-1.27534846567723,-0.602434578487745,-1.19767898754975,-0.625911400081907,-1.6307995690874,-0.67392287740823,-0.579171169429419,-0.468183791796818,-0.418374823813339,-0.31807100379574,-0.214898531140967,-0.0997402308024062,0.0379568896675919,0.0152543406909242,-0.599438417445109,-0.458612541954488,-0.177030260323902,-0.0674281490934094,0.0391823002862168,0.113813010294159,-0.636437264224947,-0.436321942272447,-0.205137296000144,-0.0456794801550565,0.0446207751873353,0.109760914926618,0.137062634401521,0.202634293513007,-0.405256506167113,-0.123460795705202,0.0416748652690544,0.110647689565391,0.126470954123483,0.111675500121716,-0.796806018573201,-0.638979560789695,-0.373711882834355,-0.0972354736502219,0.133531059642109,0.126206566448936,0.0926495363532793,0.0139437226688028,-0.0636876156744026,-0.535407582086437,-0.31093384427198,-0.0880828909693527,0.0687445169037415,0.0828241042888827,0.00397369669569436,-0.172126877079565,-0.352100856362557,0.0700653123120649,0.0723355365177605,-0.0495998016478897,-0.175653000176021,0.00274188204404391,0.121500875637897,0.153731371207357,-0.104427632591956,0.0826285591258804,0.201362003227532,0.23125255497057,0.120005669804781,-0.0124442458912815,-0.0732761107488802,-0.000476413066870185,0.21784146264417,-0.0614388621004975,0.168487614168581,0.262778492646212,0.255336589855223,0.199432319143046,0.137264676397608,0.138276531770709,0.230264319524755,0.402927157640892,-0.0444553849860239,0.155105628009935,0.249030424691219,0.264156646394535,0.247409106929713,0.24798732273333,0.280552304565011,0.378181081688957,0.537065030836561,-0.425767679489941,-0.252006593830415,-0.080941467692671,0.0905172391286493,0.192291691446176,0.247108859449681,0.283123428818264,0.310442495206591,0.373129213741365,-0.270033863693464,-0.111291760484856,0.029437203736602,0.139326452255672,0.218193735938015,0.285655052202605,0.347454967159107,-0.154180667441269,-0.0266765133335318,0.0879506837344271,0.183130934337914,0.895785062978065,-0.0748632798734754,0.0393418824848759,0.81428916118484,0.764027134419129,0.786913403665721,0.760863291956422
2017,-1.27540273878282,-1.39470875571542,-1.494884402597,-1.18196560899808,-1.24756542850363,-1.30295481311788,-1.37481075854997,-0.941742623942489,-1.72165694834329,-1.36154178287943,-1.33986945115542,-1.08606635255366,-1.55497238906537,-1.03521961269795,0.401553708959808,0.339813570986992,0.558630617395931,0.446159801210064,0.350816169233909,0.271757893270924,0.14681124726312,0.160930413161904,0.921705608101812,0.840079482299601,0.607639390037499,0.494876224619585,0.375080776015524,0.295445739786126,1.12515899492621,1.07540334309871,0.915088444167571,0.766090773777784,0.628720590502973,0.519362067720501,0.447380177426707,0.340278526751814,1.28610475083931,1.11350683045167,0.930710259012318,0.765931630647619,0.635815620873964,0.55144551965298,1.47125131797101,1.51347457576446,1.46309088807991,1.24624362321484,1.02010753824367,0.859483625971624,0.739787528467954,0.679610234465268,0.612225504588955,1.50456222062873,1.42446965878727,1.30052618998409,1.0777509950444,0.949620676656118,0.8459141547254,0.803300372563988,0.778522765805464,1.10931057892703,0.979692292942108,0.906837499993312,1.40595263779422,1.26712986619813,1.10847023296598,0.950743581149303,1.40306208049743,1.28389415987671,1.12789161843372,0.966056683441153,0.885139702689509,0.824874668589027,0.717093528043834,0.542470665590705,0.280003499319513,1.4101457323207,1.30448219254133,1.15571980490324,1.02311615977921,0.890522222424917,0.776352118632528,0.644746218511235,0.441845754249945,0.202970226370754,1.4028967425821,1.29662553409083,1.16800634509178,1.02161310891368,0.884296258451534,0.750974068972961,0.582898358329159,0.391339834441651,0.157771734375999,1.56992085612577,1.48396856230361,1.39393586014433,1.28046481296411,1.15534660678691,1.01701781842687,0.864608228351979,0.717833511196895,0.55003031632283,1.4674735630704,1.35589066757275,1.24154551789638,1.12633154777401,0.986864690798762,0.83899119656727,0.694087281218927,1.3331860728113,1.21586697490921,1.09148302271748,0.964481985684996,-0.631634799485482,1.18432579221113,1.07278469161883,-0.277218634600474,-0.128777359992818,-0.254880211751533,-0.125960418293807
2018,3.85041963040367,4.03626248679891,4.38853593407272,3.92302748380899,4.01646135301838,4.10881116627272,4.17525696495757,4.0418898599879,3.11617021296196,4.67124895132781,3.28426190517575,4.30769883273129,3.33817624745453,4.24173271419619,4.08087243835257,4.23123117703311,4.05331831411012,4.20260106541916,4.3184070882693,4.43095997263495,4.54968198328203,4.54683697916555,3.75825955175776,3.92569453987332,4.24997964111284,4.35346379802847,4.44226096042874,4.50089817308804,3.77864950351383,3.96459215978523,4.11871361333656,4.24827962989292,4.32395755666264,4.37304876454825,4.44145376210957,4.48430682143847,3.99940864849703,4.15724844440401,4.28574836801351,4.31022254568401,4.29203406439242,4.30087211213381,3.7086587742749,3.95197152873257,4.03398412201859,4.19527083351309,4.36710294574876,4.29664508893557,4.21664385457184,4.23677123947594,4.34207104021129,3.97126689200455,4.10434177561441,4.25623624201268,4.31950947731951,4.32165061147795,4.24570181626786,4.21695967677345,4.28131434771971,4.3635734027252,4.3665124951667,4.31069549308788,4.23917132273462,4.35161818979689,4.42960781285938,4.46019094503687,4.30863310207999,4.45163502060635,4.53140521347197,4.5579447029887,4.50384516285152,4.4525252699403,4.44154123453745,4.51021646242405,4.63578956918412,4.3560815142413,4.55575778527842,4.61294934091426,4.61673965011752,4.56237998039227,4.52789422556622,4.53689458825399,4.57562175507036,4.65060918662546,4.37531479074155,4.54844022734694,4.63045382479132,4.60648489837255,4.59077826262478,4.59202993189575,4.58888330313059,4.61865005748327,4.66800657848994,4.00444235912679,4.17921167117856,4.34731746884335,4.49685360148557,4.56522195069495,4.60248799432905,4.60734411697557,4.60226870493683,4.61420792424752,4.15243716894553,4.29021465193093,4.40361850972801,4.4979123750804,4.5503670441927,4.57813935628844,4.61003541132055,4.23362569334646,4.33792766445832,4.42601440565751,4.50378371751286,4.99880767005707,4.2780032413874,4.38258697177712,4.88471010043865,4.78096695645613,4.81164662458318,4.72480421038975
2019,-2.68136853569187,-2.60521854370211,-3.45420671698397,-2.90252673803636,-2.81098478050213,-2.68225854239929,-2.53145419599651,-3.35990288620638,-0.753621373068292,-3.81026807969507,-1.1704772467921,-2.78049094388939,-0.685538477155513,-2.97278359769211,-3.9163112077162,-3.99777766037211,-3.86221249716176,-3.95394376877244,-3.96479698139092,-3.92366364992527,-3.84983001785278,-3.7476296754672,-3.58156630831886,-3.71648064639763,-3.95596408965968,-3.94296826066418,-3.88686404365907,-3.8087063411248,-3.5689080010778,-3.74320367545848,-3.88345353914097,-3.94256753793017,-3.88969874141943,-3.78551286140092,-3.73773087854855,-3.69107156614895,-3.76336703369575,-3.93790675929521,-4.01663209762083,-3.87021318210594,-3.65563653563151,-3.54202215817166,-3.52105669010014,-3.7178554145251,-3.78849296949727,-3.98514346437589,-4.15983855880647,-3.85972458492812,-3.53165440634981,-3.40742360107181,-3.4766683302723,-3.75191693860093,-3.86544046106324,-4.00782336394811,-4.02516800511057,-3.87306323677089,-3.61612018816307,-3.4867202156819,-3.47468596077852,-4.01099651436557,-3.91743267349021,-3.75895745380739,-3.950989528512,-4.01088063624746,-4.03928149529494,-4.00360128242914,-3.97074206897231,-4.04410831564023,-4.0752152277387,-4.06220779787353,-3.9316563079265,-3.79736576663104,-3.67344433504564,-3.57942105520482,-3.48769180428851,-3.97774864622578,-4.05695877814074,-4.07381997192506,-4.04116373614178,-3.93388738238876,-3.81274246045743,-3.69939809104633,-3.57719988180953,-3.4664863006817,-3.97779470870328,-4.03222576362759,-4.04809733968525,-3.99233181932814,-3.91388712092262,-3.81903550824277,-3.6992360454102,-3.58441823708385,-3.46181372442275,-3.82209228725854,-3.90436728559608,-3.96499903021097,-4.00653461950565,-4.0004451204131,-3.96876943125568,-3.89500126703117,-3.80623304288049,-3.69946698811203,-3.90009908540633,-3.93277309036386,-3.95116585314088,-3.95388771116152,-3.92075385718166,-3.86352465202638,-3.79563772145578,-3.90948531717678,-3.91338015515958,-3.90465399044518,-3.88945958617708,-3.22685383789451,-3.87752290312322,-3.87615410452591,-3.41035186699146,-3.4800858627291,-3.42246124425751,-3.49959476313987
2020,2.24207502066136,2.03381437387137,2.93633715717645,2.29634642915871,2.16042817805161,1.97441895531188,1.70837929746123,2.80109571500496,0.495387844353538,2.97836959625418,0.678115003391828,1.79147172346064,0.722249403084322,2.02362636921305,3.53383386718534,3.65711944400912,3.36196433168518,3.48979728010318,3.56099888934004,3.59335785530773,3.62227528226032,3.64053019054828,3.14138559780301,3.19363612678746,3.38069940567443,3.43001763719569,3.46764009258956,3.47724554056604,3.13138837306075,3.15775652613656,3.20378990796129,3.25738781691511,3.29380764135984,3.3064255935409,3.31944142137013,3.31984881746463,3.10659941795527,3.12739959494453,3.1715606516498,3.18059303031307,3.18182729538085,3.18787291876226,2.92491165306184,3.02605805342344,3.04584241792675,3.08852699586332,3.11295945838892,3.12245336754272,3.10327474826739,3.12383779400822,3.19900422675222,2.93898218430812,3.01549761389936,3.08124035892628,3.11248516039169,3.13301393518967,3.12158363611807,3.15189818290896,3.25906194853588,3.15704525793825,3.18483910835367,3.18729254258094,3.01946898000686,3.11602077325736,3.20252614337563,3.27448460057927,3.03785231858504,3.14151103802567,3.23331987437422,3.31436869826354,3.30339707708165,3.28475723094575,3.28987627174672,3.31874721206027,3.33104446919817,3.05102794101658,3.14549431250669,3.22360620388192,3.28329135650983,3.29949202867331,3.29806919287661,3.30156483946712,3.30409525159893,3.30194773530756,3.06949025004679,3.14561204590628,3.21745742286,3.25842326317752,3.28490686172175,3.29468990343335,3.29697299798896,3.30026327596936,3.29233207716248,2.92777795521642,3.01354747609082,3.0843714762152,3.14782953042118,3.20094677952721,3.24417532190228,3.26813619118663,3.27930172215177,3.29077759276977,3.03094623633808,3.0849892617308,3.13549678422952,3.17820764610351,3.21650803406449,3.24660626672024,3.26817788598642,3.07895202493257,3.11489834355066,3.15336847786879,3.19362168690886,3.31347943528937,3.095372004845,3.12775385614682,3.35372627415912,3.33619546400312,3.34367202911821,3.34145736565229
