YEAR,CA_-1628963.8779_1530940.4511,CA_-1628963.8779_1555940.4511,CA_-1603963.8779_1555940.4511,CA_-1578963.8779_1555940.4511,CA_-1653963.8779_1580940.4511,CA_-1628963.8779_1580940.4511,CA_-1603963.8779_1580940.4511,CA_-1578963.8779_1580940.4511,CA_-1553963.8779_1580940.4511,CA_-1653963.8779_1605940.4511,CA_-1628963.8779_1605940.4511,CA_-1603963.8779_1605940.4511,CA_-1578963.8779_1605940.4511,CA_-1553963.8779_1605940.4511,CA_-1528963.8779_1605940.4511,CA_-1503963.8779_1605940.4511,CA_-1478963.8779_1605940.4511,CA_-1678963.8779_1630940.4511,CA_-1653963.8779_1630940.4511,CA_-1628963.8779_1630940.4511,CA_-1603963.8779_1630940.4511,CA_-1578963.8779_1630940.4511,CA_-1553963.8779_1630940.4511,CA_-1528963.8779_1630940.4511,CA_-1503963.8779_1630940.4511,CA_-1478963.8779_1630940.4511,CA_-1678963.8779_1655940.4511,CA_-1653963.8779_1655940.4511,CA_-1628963.8779_1655940.4511,CA_-1603963.8779_1655940.4511,CA_-1578963.8779_1655940.4511,CA_-1553963.8779_1655940.4511,CA_-1528963.8779_1655940.4511,CA_-1503963.8779_1655940.4511,CA_-1478963.8779_1655940.4511,CA_-1653963.8779_1680940.4511,CA_-1628963.8779_1680940.4511,CA_-1603963.8779_1680940.4511,CA_-1578963.8779_1680940.4511,CA_-1553963.8779_1680940.4511,CA_-1528963.8779_1680940.4511,CA_-1503963.8779_1680940.4511,CA_-1678963.8779_1705940.4511,CA_-1653963.8779_1705940.4511,CA_-1628963.8779_1705940.4511,CA_-1603963.8779_1705940.4511,CA_-1578963.8779_1705940.4511,CA_-1553963.8779_1705940.4511,CA_-1528963.8779_1705940.4511,CA_-1503963.8779_1705940.4511,CA_-1678963.8779_1730940.4511,CA_-1653963.8779_1730940.4511,CA_-1628963.8779_1730940.4511,CA_-1603963.8779_1730940.4511,CA_-1578963.8779_1730940.4511,CA_-1553963.8779_1730940.4511,CA_-1528963.8779_1730940.4511,CA_-1678963.8779_1755940.4511,CA_-1653963.8779_1755940.4511,CA_-1628963.8779_1755940.4511,CA_-1603963.8779_1755940.4511,CA_-1578963.8779_1755940.4511,CA_-1553963.8779_1755940.4511,CA_-1528963.8779_1755940.4511,CA_-1678963.8779_1780940.4511,CA_-1653963.8779_1780940.4511,CA_-1628963.8779_1780940.4511,CA_-1603963.8779_1780940.4511,CA_-1578963.8779_1780940.4511,CA_-1553963.8779_1780940.4511,CA_-1528963.8779_1780940.4511,CA_-1703963.8779_1805940.4511,CA_-1678963.8779_1805940.4511,CA_-1653963.8779_1805940.4511,CA_-1628963.8779_1805940.4511,CA_-1603963.8779_1805940.4511,CA_-1578963.8779_1805940.4511,CA_-1553963.8779_1805940.4511,CA_-1528963.8779_1805940.4511,CA_-1703963.8779_1830940.4511,CA_-1678963.8779_1830940.4511,CA_-1653963.8779_1830940.4511,CA_-1628963.8779_1830940.4511,CA_-1603963.8779_1830940.4511,CA_-1578963.8779_1830940.4511,CA_-1678963.8779_1855940.4511,CA_-1653963.8779_1855940.4511,CA_-1603963.8779_1855940.4511,CA_-1578963.8779_1855940.4511,CA_-1578963.8779_1880940.4511,CA_-1828963.8779_1980940.4511,CA_-1803963.8779_1980940.4511,CA_-1778963.8779_1980940.4511,CA_-1703963.8779_1980940.4511,CA_-1853963.8779_2005940.4511,CA_-1828963.8779_2005940.4511,CA_-1803963.8779_2005940.4511,CA_-1753963.8779_2005940.4511,CA_-1728963.8779_2005940.4511,CA_-1703963.8779_2005940.4511,CA_-1678963.8779_2005940.4511,CA_-1853963.8779_2030940.4511,CA_-1828963.8779_2030940.4511,CA_-1803963.8779_2030940.4511,CA_-1778963.8779_2030940.4511,CA_-1753963.8779_2030940.4511,CA_-1728963.8779_2030940.4511,CA_-1703963.8779_2030940.4511,CA_-1678963.8779_2030940.4511,CA_-1878963.8779_2055940.4511,CA_-1853963.8779_2055940.4511,CA_-1828963.8779_2055940.4511,CA_-1803963.8779_2055940.4511,CA_-1778963.8779_2055940.4511,CA_-1753963.8779_2055940.4511,CA_-1703963.8779_2055940.4511,CA_-1678963.8779_2055940.4511,CA_-1878963.8779_2080940.4511,CA_-1853963.8779_2080940.4511,CA_-1828963.8779_2080940.4511,CA_-1803963.8779_2080940.4511,CA_-1778963.8779_2080940.4511,CA_-1753963.8779_2080940.4511,CA_-1703963.8779_2080940.4511,CA_-1878963.8779_2105940.4511,CA_-1853963.8779_2105940.4511,CA_-1828963.8779_2105940.4511,CA_-1803963.8779_2105940.4511,CA_-1778963.8779_2105940.4511,CA_-1878963.8779_2130940.4511,CA_-1853963.8779_2130940.4511,CA_-1828963.8779_2130940.4511,CA_-1803963.8779_2130940.4511,CA_-1778963.8779_2130940.4511,CA_-1853963.8779_2155940.4511,CA_-1828963.8779_2155940.4511,CA_-1803963.8779_2155940.4511,CA_-1778963.8779_2155940.4511,CA_-1678963.8779_2155940.4511,CA_-1853963.8779_2180940.4511,CA_-1828963.8779_2180940.4511,CA_-1803963.8779_2180940.4511,CA_-1778963.8779_2180940.4511,CA_-1828963.8779_2205940.4511,CA_-1803963.8779_2205940.4511,CA_-1778963.8779_2205940.4511,CA_-1828963.8779_2230940.4511
2000,0.103194769413938,0.446835278138993,0.0891431616336901,0.179423028622386,0.369543096292783,0.217653842070786,0.597510410129978,0.432772700204952,0.386893297704606,-0.00233431163549813,0.209420045119729,0.292658060989264,0.277561155926462,0.272348899866066,0.68281159028017,0.346762546287565,0.539221587173808,0.224844662576011,0.443706566503232,0.886728287818602,0.57942294750042,0.684280487615118,0.855204636259981,0.411227042765102,0.770362614960801,0.686546915360505,0.520514804823854,0.296981287368471,0.999643831584747,0.91411798567132,0.989322019892627,0.557930773346342,0.489085867606196,0.660077199775311,0.924284414140554,0.365537781778768,0.288351612437893,0.417942306326071,0.856681383055269,0.786952718112589,0.453581525628403,1.11196025722143,0.568675190158506,1.08155884864941,0.55702019712918,1.02169751239897,1.37253091401865,1.17195592833744,1.35390969011728,1.34970916903337,1.05270590692792,0.987319689738956,0.765997172354554,1.30322103973785,1.2518009527253,0.837280517700854,1.52088376265236,1.35034526344389,1.29409763871244,1.04588008526465,1.42900474377846,1.53952808647968,1.40359750647528,1.38548544358996,1.31529413815999,1.24781493357412,1.27676001267663,1.5512919930321,1.1284456321444,1.5717476630704,1.52533619086069,1.13014213590631,1.26937498594182,1.40755132151629,1.48464076298964,1.29443269185412,1.71242653666536,1.57321909882751,1.82992907814687,1.28346346424649,1.40811294815432,1.4694325345946,1.55469117320021,1.65275140597083,1.66961639929219,1.49155555627528,1.5319533106614,1.79797755632144,1.85371759788016,1.90341998265101,0.579373464173728,0.576008465212321,0.621326620221726,1.47263475347975,0.682268887060095,0.617088871663987,0.589549965217869,0.992084405856188,1.37582243559551,1.62925564849626,1.76073160185191,0.650235776307352,0.615072396956565,0.64981413960005,0.872017459405037,1.20722416812956,1.46354443430705,1.66560962749063,1.87543186317062,0.642404222804433,0.403763278865116,0.811112679725939,0.693671933569104,0.954878776556585,1.15168207400558,1.62430343441815,1.75915182980139,0.558535933766256,0.500890864117889,0.818045016674813,1.11216107206198,1.00330898710394,1.35080245746979,1.66715654412923,0.629292592847401,0.738813155598067,0.799704289566108,1.0997565143007,1.13069244185316,1.20923784649444,0.837088314400066,0.995123715939356,1.1919970373628,1.35805134018386,0.935959870008178,1.15566808713154,1.14557869770276,1.16534421650267,1.71271786317882,1.07022290996894,1.05319560582614,1.3645848175951,1.72933021001086,1.10498328151532,1.28313954350564,1.70012066275004,1.16882070153735
2001,-0.849966692783359,-1.10694690777318,-0.723149094493591,-0.689284370660032,-1.08041368465181,-0.920470484663968,-1.19615968270647,-1.02237020650533,-1.00431252585127,-1.03307431679275,-0.93904500768043,-0.8774332492383,-0.782092799047667,-0.585818194429705,-1.66458949925638,-0.988057682148831,-1.9335239782165,-1.22734445290416,-1.09407818038731,-1.30259343183653,-1.07652981247227,-1.25243620249356,-1.67298909179828,-1.16113084448452,-1.99309210981603,-2.1206984575252,-1.33985019069213,-1.19468611434075,-1.37140682249366,-1.38647928943022,-1.63953819415238,-1.23446493857295,-1.31379868002326,-1.82067103725782,-2.39348549050099,-1.31769836725581,-1.30207998860545,-1.23570188587241,-1.49313960095031,-1.56910666463186,-1.51825499820931,-2.40563911188839,-1.5367221194017,-1.48934373205235,-1.37310924130222,-1.57838337676974,-2.14585458151711,-2.08712970056053,-2.50674201183735,-2.68816039175072,-1.60602904103428,-1.50405288812007,-1.50356960414778,-1.90817448735912,-2.04693102883282,-1.9407252928928,-2.7326451417414,-1.76419533233803,-1.6631192509125,-1.67553106627097,-2.11764721098389,-2.43472039688438,-2.51108604189776,-2.748426480345,-1.85705042724081,-1.81161415876138,-1.89716375848547,-2.33424123271096,-2.13274303608217,-2.78400149157281,-3.00159346712238,-2.10238040802655,-2.02536587468016,-2.05465795571036,-2.1981869615923,-2.17569889832642,-2.79625460065792,-2.91030743054229,-3.31120206401529,-2.16092911159276,-2.163371403215,-2.22375854028246,-2.39091730754984,-2.65049154104235,-2.87524783141929,-2.27586071881475,-2.3634268070545,-2.92516316188003,-3.1656906330741,-3.36476698823375,-1.86205226911072,-1.92421014138142,-2.00198919938948,-2.68377876367488,-1.95056519853003,-1.89058073602665,-1.9134067254506,-2.23504554483585,-2.52366107507499,-2.78653534189763,-2.98204078973399,-1.93258181623321,-1.88865421786467,-1.92999276385374,-2.10676178988763,-2.34738054853506,-2.57232407141403,-2.8105054542402,-3.09396527148394,-1.91247587944705,-1.73129077616079,-2.02861925863909,-1.93303774407147,-2.13561298582291,-2.30301784792097,-2.77753432325164,-3.00321626417678,-1.81512047218553,-1.75868186811853,-1.99204896901611,-2.2461727491945,-2.14364824488904,-2.46097727877579,-2.82003380610891,-1.79337529211585,-1.86272181214052,-1.8962826050159,-2.20551248891034,-2.22436924942749,-2.23299157099742,-1.84537394797171,-2.0477639673631,-2.27279845376234,-2.45078117763635,-1.94506579106021,-2.21494265718461,-2.19893166548383,-2.23374853389222,-2.92994653406387,-2.10874752432518,-2.0996902011181,-2.46085507545541,-2.82967538503382,-2.18858474178848,-2.40352779718368,-2.83512287952981,-2.30191446294106
2002,-1.22497530566069,-1.0217208481919,-1.48895072040526,-1.4419529245174,-1.13860653312892,-1.34028721198558,-0.975356878814815,-1.12626024595631,-1.06905891530735,-1.37402703647633,-1.46996607971729,-1.49988606324505,-1.5792443845321,-1.85921688814257,-0.273992708237821,-1.12308666073835,0.291455428877657,-1.27552708440628,-1.42032893421194,-1.11381097325368,-1.35764097171635,-1.06224719978146,-0.45960216830486,-0.972211308457855,0.144329235335041,0.440166734717691,-1.28328435773672,-1.46617115531242,-1.16650809450541,-1.0970969349818,-0.702954807897016,-1.12646573730718,-0.925490782721072,-0.206302417489988,0.561160893058909,-1.48951027741894,-1.50729458767828,-1.49140687251022,-1.02924848170146,-0.856922748604139,-0.831998075971806,0.292278308184915,-1.35734775427158,-1.29227081634769,-1.50042208785723,-1.11965671935531,-0.367554395696331,-0.389431602023291,0.153228394645476,0.416852023881932,-1.3052945273216,-1.4236065101572,-1.45091392384115,-0.838971614191498,-0.640406626985536,-0.812120077256706,0.247287983357965,-1.19527950063441,-1.31677406230149,-1.36790660374392,-0.725699990946465,-0.314076163293869,-0.204956337485861,0.07942856521378,-1.28011252476231,-1.37839045994347,-1.22370109767845,-0.608099211673294,-0.795300968681599,-0.0443464090213824,0.218698349713227,-1.25277464225154,-1.32097462989222,-1.21556143237886,-0.989560324029536,-0.96594608762561,-0.188202039100732,-0.0536570285808949,0.420103450574834,-1.26197124727392,-1.2452024393099,-1.1694998476482,-0.922047945703748,-0.562828630528526,-0.276962444813625,-1.24896736402698,-1.20852372364345,-0.373727824060802,-0.0807444258053273,-0.0216118595749794,-0.971010502261032,-0.98400194030778,-0.9469220893603,-0.843370180876897,-0.77895519060625,-0.919976444509993,-0.955858009403021,-0.893705741408821,-0.864722810603716,-0.730087671865878,-0.712702172427512,-0.827321754618441,-0.948327913794349,-0.967234469452366,-0.890643260955872,-0.861559752886618,-0.826378344695632,-0.706061540139107,-0.474729524923841,-0.788457951646715,-1.06548548176872,-0.810043005194969,-1.00353238529046,-0.909766616989329,-0.885077480691782,-0.716460147011751,-0.618468177035849,-0.910414860842039,-1.03387229862095,-0.883103524951577,-0.71699805889916,-0.92814933089686,-0.729441864064443,-0.605516912079071,-0.953406717188827,-0.936394169812909,-1.01890904967705,-0.785940898520833,-0.864699226486791,-0.441518337469246,-0.96556781711792,-0.872106561890748,-0.724023962077541,-0.632166137271477,-0.873560343718245,-0.683723431129873,-0.813900767223804,-0.858892387268545,-0.42572295477809,-0.675766722904915,-0.79633568344409,-0.517672250775164,-0.2168756446877,-0.673340083592363,-0.561497757914363,-0.209148346935259,-0.519896441976069
2003,-1.00351754570402,-1.24173110717547,-0.910264182008142,-0.938423955281231,-1.12372022671752,-1.01948173399727,-1.26440707636014,-1.1271394185366,-1.09481303317076,-0.909011574644465,-0.9115039293534,-0.887798974879852,-0.796541306912811,-0.62624599839531,-1.52521349068498,-0.794888245088222,-1.78696584543162,-0.930632177910705,-0.93982332121294,-1.12533817408085,-0.917309824264851,-1.03410179136542,-1.38811326210871,-0.889098375169087,-1.69141107706491,-1.84392173484174,-0.892216606473873,-0.773417576285287,-1.01149298071051,-0.989564481021356,-1.19030083465684,-0.755404356026041,-0.794217734141264,-1.2249253550637,-1.84481689734038,-0.651090828404113,-0.588192092242725,-0.587969170737829,-0.823820640814893,-0.829102472743867,-0.869929218533672,-1.55979102403391,-0.59447242636031,-0.696597108056252,-0.536142867089247,-0.732158261097817,-1.20748882627203,-1.07199748515117,-1.42679415212981,-1.55390181724252,-0.528764475275238,-0.481703379102978,-0.475434309806648,-0.805225552834669,-0.86008438121174,-0.653418960798893,-1.38401054467736,-0.505677076306903,-0.425341148418255,-0.413430697835133,-0.757878217346375,-0.987742808228911,-0.958082482676953,-1.03605539508749,-0.36625890857778,-0.311551598161622,-0.406351823848029,-0.729153595969274,-0.737890832453939,-0.959040266136024,-1.0364432360039,-0.426312015536197,-0.336559626848542,-0.345854848887455,-0.448955383034474,-0.570477292826522,-0.841604566698226,-0.860545015124325,-1.10425854406454,-0.455945240447096,-0.348572612399014,-0.349217091811112,-0.430249400207528,-0.575636761723398,-0.701222660749564,-0.349888678187159,-0.351388907083821,-0.58542072602134,-0.703614424374265,-0.643115986076443,0.132356193640744,0.0517013130346093,-0.088579313866175,-0.21397217763518,0.113669288045518,0.157569389312437,0.0659475693382428,-0.14533873176039,-0.162011010961705,-0.201340492739975,-0.191720193878104,0.133076232967431,0.152099681153383,0.0632612648361974,-0.0785802428696882,-0.141507105193578,-0.17484880010587,-0.211163932481751,-0.262574319576962,0.0916655698750693,0.205347798667687,0.0270220482056638,0.0254696218788268,-0.097720744630547,-0.174949430947106,-0.240296692771316,-0.252100480445501,0.0760448849701767,0.109984599735978,-0.0116800111994283,-0.14082513157864,-0.148978931323807,-0.24372556689327,-0.300580321855064,-0.0192120883628603,-0.0306114924042579,-0.0660212959038619,-0.177767737391584,-0.224599777175728,-0.28861699812694,-0.135366702219398,-0.185955701045651,-0.252349649222272,-0.309201430049518,-0.240162251955811,-0.289471180707188,-0.291672456584014,-0.310794208501998,-0.391210959899798,-0.333984726624163,-0.308219726459992,-0.390738876971201,-0.502660143917472,-0.356635421239293,-0.398674839705555,-0.513723488504818,-0.406455451938546
2004,3.7168480801498,4.07621929288363,3.66620820393612,3.73573959397653,4.01840695492311,3.89024801703989,4.22059914707281,4.04202525025698,3.99239368696159,3.76204439488723,3.8353676578987,3.82231541658552,3.71589828014572,3.58775375731375,4.60039614646456,3.71242256072182,4.87001662022504,3.84627317934392,3.97419566252284,4.27379770132725,3.98456588973597,4.12050661167309,4.55121600082215,3.81180377030597,4.8601934646704,5.0011761043942,3.9114946580891,3.82721081055004,4.2548292176062,4.2139784050979,4.44295960729327,3.78230897443423,3.75143346449967,4.31775083474706,5.18088820604709,3.82292778234386,3.68428872244262,3.66161933876645,4.05520555833665,4.00422775034755,3.68077735382642,4.99041420253933,3.883086613167,4.0324514003541,3.77614892574306,4.084291665525,4.7438230529691,4.52215915947246,5.02837451784552,5.19491111165022,3.91641750647395,3.87277422879999,3.81509822449182,4.32707314776407,4.38453315969419,3.92452958787061,5.14554945747474,4.009800801991,3.92388151469423,3.88854799068587,4.39745496291079,4.7293030569996,4.66356965596357,4.78354132820852,3.9573294308695,3.92404002464773,4.01131617247177,4.48233030797757,4.03940313991368,4.83346314681282,4.94529666304868,4.01323417282543,3.9904039097781,4.04857864908943,4.18960824425469,4.09805840684639,4.79121927648208,4.7635404404126,5.26102503357825,4.07172038485751,4.0453593356228,4.09758447648897,4.23848348245633,4.47221103721735,4.64050980311988,4.03757401894785,4.05627811461956,4.60894235204694,4.8209737390142,4.80925762617653,3.23645380687645,3.35850755274349,3.49697411048322,4.02265582872674,2.97818072099845,3.15119282817219,3.27693144867778,3.62471729869323,3.84166349963625,4.0842862520381,4.23687949399713,2.98344597558319,3.16160939809698,3.28336368200098,3.45838375620938,3.65170464881209,3.8495235107386,4.08799131125107,4.35231846717824,2.84119201384404,3.14205569521022,3.17946516760329,3.32894951354848,3.49148399495967,3.64305331755951,4.06409359756212,4.27136844754325,2.94482498321003,3.15955101674212,3.24155968068442,3.39523482704255,3.52372781851843,3.746485267699,4.11269659151852,2.94592798327923,3.11709676297993,3.29919869526817,3.41695207729841,3.56499420375415,2.77581931229186,3.06665586642939,3.25237598238201,3.40913571407577,3.58974051830853,2.99250419210378,3.18349446488424,3.35170989239293,3.44293848846804,4.09556130212971,2.89526907157773,3.05760438066414,3.33080166060443,3.64532616372383,2.92913157017112,3.19768509692717,3.5766995751257,2.82680663875986
2005,0.630998355789572,0.370268708084528,0.708823199954544,0.606004480175869,0.403679064330204,0.529056212437323,0.223945813863119,0.322492671129248,0.305577846726848,0.608224389387424,0.515827465666073,0.467754527324055,0.47544560299269,0.657059458878684,-0.171521048363728,0.53862720720212,-0.316554490089688,0.42026681256741,0.405776274878588,0.12069041522047,0.255273022053497,0.0815775190950867,-0.205164442950847,0.163224556373228,-0.392410187541592,-0.439933054915421,0.280518225212265,0.355540907175569,0.0543962727662253,0.00809209676325384,-0.191710733041908,0.0541191817460098,0.086682254922211,-0.250010701207374,-0.637353938832634,0.266363883432977,0.420305758296859,0.347062555567606,-0.0798047953612335,-0.127971329412151,0.470418581542114,-0.674289155079476,0.171603734688154,0.0153087748014804,0.244421741864791,-0.0778931742623032,-0.522454382974894,-0.44510730680674,-0.75086944202805,-0.862729156904579,0.0229191723942765,0.0771335152108148,0.168942364828685,-0.284698838555947,-0.350448453630958,0.101705757551725,-0.873974310223262,-0.117909082235859,-0.0380211883629666,0.0442255947599182,-0.364681072007413,-0.601059494903492,-0.556447551322937,-0.620768115956472,-0.073918660930639,-0.0182880436482336,-0.0844425009127283,-0.438051008607146,0.0170446402632161,-0.663348026125757,-0.689664894648726,0.00893913442356453,-0.0327406572153177,-0.123878671084809,-0.232218207130647,-0.175613097959749,-0.651795673481287,-0.551989549446813,-0.978057111113157,-0.00717312276484039,-0.0730900093911124,-0.128889260728334,-0.251803225428239,-0.413121683988162,-0.498083761263968,-0.0165539747843266,-0.0136832425730815,-0.501611408484873,-0.637788869957583,-0.585862382260202,-0.224196015518161,-0.218975347083744,-0.235939587026001,-0.278252764161084,-0.185051074449806,-0.228770466613631,-0.22659822992919,-0.267306394001287,-0.294799770012261,-0.411772100055531,-0.445605089161741,-0.202758652307123,-0.252288727787472,-0.259358398360592,-0.298627387135357,-0.314344933958162,-0.359459663090891,-0.479645721040004,-0.654519848402334,-0.165012207580055,-0.262730683057461,-0.300036461585532,-0.297474637926012,-0.355238666829554,-0.375467458838503,-0.531868789449392,-0.621335200294167,-0.232259035505963,-0.3067901953311,-0.335047831369145,-0.403078849859393,-0.401196570530157,-0.513569242777388,-0.654606174407052,-0.24313553334404,-0.305940700653949,-0.341970757883986,-0.4129081075984,-0.447774168629343,-0.246058147997735,-0.254895585802532,-0.333472829035902,-0.416254137087515,-0.499110183702307,-0.207044596701734,-0.319295450698538,-0.330028467168892,-0.318460665385722,-0.654774207715858,-0.17766664904428,-0.171718206033159,-0.376509755987035,-0.631788000665845,-0.0862191805968271,-0.235644601700881,-0.566143346951127,-0.0326128442319993
2006,-4.59716768972547,-4.84141240864641,-4.88596159578428,-5.1015063548391,-4.94600078919577,-5.02083910612743,-5.07241650400388,-5.14153087719454,-5.15826209023621,-4.96301776161539,-5.14738996141186,-5.22780538045053,-5.26688988878763,-5.3971036116331,-4.97999253763972,-5.23889176155132,-4.78830342796343,-5.07621355948904,-5.33852981101915,-5.36694661622206,-5.39516722450536,-5.30408926072951,-5.11272240473027,-5.10488689485226,-4.88349032244492,-4.77403141058136,-5.20398128904026,-5.2250158397087,-5.49373772590976,-5.45516703882265,-5.30499303552889,-5.32331494995778,-5.15426509525135,-4.85509984016555,-4.8945803327562,-5.22749364278818,-5.21821350961494,-5.31874303945974,-5.45499711845659,-5.34394601766859,-5.12594555476998,-5.06313357813607,-5.25273608971011,-5.47779832075897,-5.38287515275669,-5.56431261847457,-5.44968508244216,-5.40960953554697,-5.32273963191946,-5.25976076499798,-5.34278758770786,-5.46459519712282,-5.48817495895689,-5.63051794541752,-5.61937659422545,-5.53364430224523,-5.49048103757419,-5.4546456748905,-5.57702078009495,-5.61328041216633,-5.73238493518755,-5.72538937936307,-5.75350229308279,-5.77646553521146,-5.54688917708502,-5.66935111421054,-5.74960408788835,-5.8486646857879,-5.77380314480062,-5.95323352350843,-6.03021555266182,-5.6851424016713,-5.73796517316445,-5.80843593387507,-5.90599016797551,-5.90075707689203,-6.04774819558354,-6.16940855524017,-6.15593551782914,-5.82145529517939,-5.86399787745694,-5.97023958388086,-6.0499674271704,-6.14620222570474,-6.24426325318497,-6.04193476926292,-6.16874262763193,-6.28800166174638,-6.3847368978884,-6.54167299261413,-5.14934933373339,-5.29649233718689,-5.45253437285042,-6.13846472418571,-4.78670631401673,-5.04642733604068,-5.20213491693469,-5.56364494451031,-5.84142753414593,-6.07696137586762,-6.34973719677017,-4.73524388307023,-4.97153478494283,-5.12187859719949,-5.26212145228505,-5.48886782966967,-5.73779751832135,-5.99663975211017,-6.19056301732351,-4.51203279494974,-4.81569739675965,-4.85045370403672,-5.05056942318088,-5.17456997761443,-5.34699772035198,-5.8617022681294,-6.15006756502859,-4.50980270272703,-4.74316762115348,-4.83232160403593,-4.95444243628699,-5.08010271028081,-5.28349461019327,-5.72808680117812,-4.44484704127076,-4.67654571508299,-4.83379108706882,-4.91206663430245,-5.02054110299798,-4.29606239875134,-4.64142890753827,-4.74869661460228,-4.85583737876462,-5.00721140905827,-4.52541628373089,-4.65474267125862,-4.81684766233395,-4.91560544048194,-5.63682826230211,-4.42165874402255,-4.61633448420374,-4.7471787631704,-4.88444604231596,-4.54465520541744,-4.70575687046319,-4.84572106202064,-4.47431931662356
2007,3.59566902771656,3.69436750067411,3.74039354849553,3.91525472536149,3.81081086279764,3.8549975821051,3.80139215392547,3.8724351589156,3.86402019577863,3.69405155442322,3.89902971544703,3.97751324196384,4.00489262184416,3.95386888468858,3.51319517288677,3.78783428364551,3.18841732084898,3.84285190080914,3.9938617097948,3.98615784119218,4.0560792547237,3.96212487214425,3.67569541331057,3.83615639040083,3.32900684414102,3.1430772116389,3.93512372272685,3.88782582736192,4.0480180156091,4.02804343494987,3.86093908151465,4.043670757807,3.86715617338162,3.48288734906388,3.1916063471794,3.8388598262371,3.75216133842643,3.9242853489826,4.04409694411367,3.97159020592989,3.59502257117277,3.43142420924476,3.79679570066079,4.02000316275583,3.92178998964139,4.06289421229072,3.84129683851564,3.83792222612982,3.61383650909347,3.49465806866771,3.8934913523321,3.950392760716,3.98044256197027,4.01765291491597,3.97763628258291,3.9238517477788,3.65767638411141,3.97914375822487,3.98980539101357,4.04774146389153,4.0122253409499,3.91552330397858,3.8940355522316,3.81227642507706,4.02191995312137,4.0575548115894,4.10419801083312,4.01616303499514,4.19168533985165,3.88691574064285,3.82367865977375,4.19515359420587,4.19353633961207,4.1614785637092,4.14075715837278,4.33434740231174,3.94281658296145,3.9217981542924,3.76520010480324,4.30885793485717,4.28721108183848,4.28292240089709,4.2084498050384,4.08729872608943,3.9959260620949,4.40212764587591,4.43970133394871,4.03070481114356,3.90956155834177,3.80797921563559,4.39737388240632,4.51569131948825,4.60255905785701,4.72355808914961,4.11650540222531,4.29511107974095,4.40093760416341,4.60898850909684,4.68985740769526,4.68095467422738,4.7444703957758,4.09392414317723,4.25217188881689,4.36472984350416,4.47624917210107,4.57605351914754,4.66368356593146,4.69511826183222,4.51444709382612,3.97204975127285,4.14592580863564,4.21266344604162,4.36579415417058,4.48826642642762,4.59941228280677,4.72725405060081,4.70805830735192,3.99444336380065,4.13344488810445,4.21970918495349,4.29784433155454,4.50028782316416,4.55475461774967,4.64052159853007,3.95561897555377,4.09631232613335,4.22369317507887,4.30061569694551,4.47120937234393,3.6783465194737,4.0543219721505,4.15066222114211,4.23163331705207,4.32072695219312,3.94058275084219,4.01495481232448,4.21170678944605,4.36955164798427,4.38640139270304,3.76719098506802,3.96115590767966,3.99561510567918,3.88551284623444,3.79292851212923,3.93628624466315,3.82047531410081,3.5934325805457
2008,0.239739115443891,0.437124868725993,0.386566704213751,0.483514037907621,0.361411698873811,0.393591659590094,0.629769111364695,0.636300462680799,0.728127066960596,0.581724845234295,0.555096321438465,0.598514051341108,0.683038138645548,0.862595749253549,1.10456423615284,0.819333979884009,1.34883020904809,0.684810987399794,0.656292070307036,0.764424416235316,0.742630169328901,0.844363090527595,1.0729575023444,0.872433452293844,1.33651501556374,1.4648333245348,0.840110370946657,0.888581964445685,0.897984467138443,0.933717519086786,1.05610930094775,0.88444530999911,0.892034578084133,1.1733515629857,1.56861935191988,1.06286097189821,1.04388748739325,1.00187779055105,1.0413278448088,1.02985807547932,0.932775138476147,1.50569781804862,1.20845861886862,1.1699383646059,1.16660949148003,1.17820439900007,1.35372716599769,1.31819421683303,1.53617176496381,1.63467551596016,1.30371927676825,1.31548538744158,1.28829260339237,1.35089106434778,1.37291905055195,1.1524903180376,1.64835019447689,1.37259906093303,1.42761779288838,1.42203895229732,1.49258406184045,1.56683524265232,1.57401350632461,1.61358033167165,1.42371243360819,1.47846332445394,1.52283983424365,1.60667404576198,1.55670374437658,1.73767146442741,1.77415332871988,1.30185317469555,1.40681963780952,1.51953865288004,1.61089113935181,1.57484756913182,1.78889024174969,1.82823490554426,1.97091448010555,1.33572454119676,1.4307649435371,1.52182116009818,1.64684124817758,1.77933216865241,1.8770123526499,1.42974020520851,1.43625976721676,1.86692135941446,1.98760392004697,2.10063119019763,0.63618562456282,0.545874952220295,0.563560856223267,0.922593112345653,0.871283108919562,0.705482394575201,0.598476598365163,0.607282347730901,0.707306737006713,0.885101273379257,0.996013193372023,0.882952696118625,0.731648809822931,0.617281785462167,0.56347263259935,0.574804284186631,0.626887738869138,0.78048539274107,1.06613712832427,0.952612045953995,0.852947015313184,0.746457816144278,0.605631458099264,0.513970770893516,0.453794921541321,0.622827182933894,0.822330984866861,0.895122199814395,0.823988442152555,0.741995965893475,0.685750730702526,0.463591935547052,0.507570019776261,0.61296533768314,0.869245599089259,0.846134028228958,0.76837601246949,0.663999583535011,0.486870815846042,0.966895711010558,0.87759697161624,0.786280567720155,0.70305367036766,0.650796602745377,0.881111710357494,0.827116832223012,0.700815854330704,0.532948557499365,0.737591323585223,0.936700652357314,0.849012148099092,0.836232539840027,0.981166642185186,0.930474399540454,0.857321523874111,1.00062926717698,1.04128954441908
2009,-1.49301471893651,-1.75512802089014,-1.60872497028691,-1.70370324337869,-1.63831949785311,-1.64313291936452,-1.86586121281292,-1.8251126854923,-1.85892582072555,-1.8003500573794,-1.77336715486141,-1.80283969004357,-1.84682081035213,-1.8494599725402,-2.00579923232727,-1.84167985891918,-1.98162218443197,-1.92636901312211,-1.85980866428727,-1.96351691352649,-1.91297818180435,-1.96266747645134,-2.05023021203575,-1.96213438102315,-2.02478766015284,-1.97036379433577,-2.07517509437677,-2.10487994145433,-2.06340621984228,-2.06162779041399,-2.10043264875882,-1.99699050127952,-1.97759486615556,-2.01140999300506,-2.03598012339862,-2.2511421888107,-2.14982253806644,-2.13543000658594,-2.12389514274428,-2.07082082407134,-1.82983611064719,-2.10799477762634,-2.35441719163027,-2.39323812826537,-2.33053794433594,-2.29629709253428,-2.31382366769553,-2.20290576126814,-2.23254498212576,-2.19610796879698,-2.54692409187411,-2.52825636338123,-2.46723206895568,-2.41478469315745,-2.33717229064175,-2.09672466449238,-2.29071529668282,-2.66522088271118,-2.65347734709046,-2.60966635062232,-2.50874174485392,-2.43200889909175,-2.3148458392381,-2.18113127113066,-2.68111721171882,-2.67590660489376,-2.6801035898257,-2.56562412040637,-2.67891946204079,-2.35899770116675,-2.20103486285522,-2.4636682270362,-2.61315805781906,-2.69728138307886,-2.69198145867664,-2.71046692060964,-2.49188414711844,-2.35055168593855,-2.29281176562761,-2.50123047416008,-2.63604166222666,-2.66778851290312,-2.6687745993337,-2.59677726254103,-2.48043952385741,-2.59971834982663,-2.55696974276575,-2.54057638220741,-2.42972977968521,-2.31557499496578,-2.44169965276005,-2.36298948981237,-2.32370945137583,-2.25959950516419,-2.66613448414569,-2.43344724779888,-2.25061199966453,-2.17666250729496,-2.17635367285749,-2.20101626776402,-2.13040005955624,-2.66684558026424,-2.43545381959241,-2.23599069522568,-2.15652180464782,-2.11585047861427,-2.06378791962537,-2.08081289876027,-2.10890391556849,-2.71847656316906,-2.57328382255336,-2.4934753661025,-2.23011210349253,-2.13287769490038,-2.0028295236592,-1.92390472847218,-1.85688098032454,-2.57253711668926,-2.48498208056042,-2.44019748571191,-2.3673234111571,-2.10144184139165,-2.08495905737822,-1.88649944671341,-2.42266640108064,-2.44244282154555,-2.36152830995894,-2.29857442035033,-2.12023321531874,-2.4177745605111,-2.3289171186488,-2.31773321490255,-2.26411960044207,-2.18396037582827,-2.21583071370925,-2.25549013779101,-2.16859245907283,-2.04160122090047,-1.69831100910431,-2.14659145655561,-2.10849744849495,-2.15923097062012,-2.18451810200788,-2.02694027081169,-2.0727902799923,-2.11237752395971,-1.95736299350636
2010,0.174014947801236,0.539043205541512,0.270515338097345,0.506887355850077,0.247614151534299,0.222950083607064,0.628258410672737,0.593064769914884,0.639787781621989,0.0308365458204061,0.16311265189826,0.292478412709989,0.387767976127567,0.52983156643826,0.718919145627185,0.627350781047561,0.654056875141128,0.0388652906925858,0.159879974308948,0.49303321339769,0.373968244912746,0.507497916983839,0.669752177392708,0.508082491119385,0.633872530211667,0.544870245490453,0.0907168965564431,0.097935707790054,0.46748160768158,0.487948824113121,0.610610588681468,0.423985873757473,0.442702281755619,0.546016860292231,0.63932352198008,0.106450745327704,0.0740008378869416,0.117313211420996,0.446712432929377,0.460054711629529,-0.0245725650700277,0.688452682990667,0.102318960989072,0.396155733849331,0.18033229766048,0.456072695706353,0.755623645296685,0.635168950151985,0.800650743750369,0.828973557534186,0.336098212979882,0.368934044212199,0.289237911179357,0.625144041197573,0.618966265262501,0.231616329968656,0.889514097281092,0.557014570435336,0.572485107830371,0.464526224244141,0.708458413663374,0.817147731165155,0.73313393523215,0.740806460490808,0.558657489412456,0.563271043409937,0.614400038141861,0.804235380930409,0.576595452183746,0.855994171061954,0.831462343194225,0.428042799948426,0.541185445944148,0.673744740083148,0.763626273680132,0.727777924652367,0.950600136882437,0.873751281409014,1.07357646895502,0.49375308862155,0.631686293297951,0.730005995603155,0.836533411843952,0.927811962715428,0.962050071984862,0.681133320541746,0.795859435569118,1.04983561582156,1.11019726835831,1.20041732566159,1.13824328104189,1.1580589505458,1.19540623994074,1.17536138309962,1.10950870611851,1.05723427076498,1.03841111919522,1.0789331506884,1.11326588321401,1.19355441204549,1.27484242503545,1.07644521215677,1.02061898882478,0.975533290869224,0.972765921726853,1.00674071718463,1.05796786711505,1.16731976444452,1.30503529593679,1.05801708612711,1.06511987813214,1.0269956726938,0.944352658733938,0.931341139542216,0.931337914929773,1.09914124932282,1.21996633617207,0.966517717546953,0.977828761682504,0.988106347932065,1.01817722197787,0.894748201777145,0.986245895073583,1.09752312207136,0.842767726205038,0.920830338324932,0.917889498456369,0.971513865045743,0.908988572143049,1.03329422775889,0.834378724460089,0.917715734325145,0.9786149045409,1.02466897326739,0.806014711627419,0.957137555138967,0.924727807639499,0.904376147898925,1.21195705688975,0.873741546916148,0.875420163487504,1.04858242621326,1.23496674027541,0.922388664225252,1.02316731077373,1.23911930893689,0.994919007439586
2011,-1.5348445633412,-1.84770604337192,-1.53465788134041,-1.74118603534919,-1.64817872974544,-1.54613802602213,-1.90718213505063,-1.81485929518905,-1.82318114582145,-1.18484820445073,-1.40419704784555,-1.51566654253147,-1.56951923141801,-1.76988791412555,-2.05416069705603,-1.8070288273477,-2.14479585550734,-1.24226670173905,-1.42183884794963,-1.8295626729295,-1.59545980636273,-1.72849356914426,-2.00062392115393,-1.5920464990188,-2.11166785304396,-2.1474979431227,-1.33857264174238,-1.2226129766892,-1.80396956900271,-1.77033513464012,-1.93159935825099,-1.48830532393786,-1.49149290755974,-1.8297648530687,-2.29212201952498,-1.2014375336189,-1.10198550735265,-1.20088886654947,-1.65154931135329,-1.62025999713913,-1.16837525639587,-2.22665260510247,-1.25201914638652,-1.73466453224414,-1.26344478773078,-1.72395606345941,-2.18796022171505,-1.99476179257717,-2.31411013077116,-2.41327708742131,-1.63821794988401,-1.63126309991829,-1.38306934510437,-1.98635770864099,-1.96991047007569,-1.5254149910725,-2.44611464135307,-1.92210976100711,-1.94850504349387,-1.59985923574715,-2.09582451138033,-2.27483972860635,-2.18911799747594,-2.27527163515007,-1.82626879901388,-1.74388209798427,-1.80352329198728,-2.21140729797377,-1.69164835777458,-2.38567840549748,-2.45952525084481,-1.52943212941501,-1.65618621815831,-1.86331522762543,-2.02418636263886,-1.89398573836587,-2.44934880500523,-2.42695575531265,-2.76372789793024,-1.53208245832177,-1.73914820418992,-1.87057236287067,-2.07115769696491,-2.29412660282938,-2.42889929455968,-1.73783670484311,-1.86444078397253,-2.46411969665153,-2.64335214285392,-2.75943716585292,-1.6747707210333,-1.76064313389385,-1.88895451393857,-2.15420492097841,-1.5840876522396,-1.61245587265301,-1.66687767465545,-1.86281603375456,-2.00893241318533,-2.2281246645304,-2.38887557624224,-1.54763764764417,-1.57094727705659,-1.59734035721702,-1.67666316103775,-1.80985221453387,-1.97133168977774,-2.21172262618576,-2.53672895353356,-1.49958957004213,-1.51469319553351,-1.57321195296721,-1.55260963387083,-1.63179199001446,-1.7262031500524,-2.13500184648808,-2.3740643906497,-1.48290438034683,-1.46996221197934,-1.54431209057883,-1.69412059886185,-1.5982770319767,-1.84393579987657,-2.19525788068943,-1.45532630917181,-1.46587762366988,-1.46780141495835,-1.65161347628092,-1.63909194776453,-1.65334150142549,-1.41692213909583,-1.54092168039156,-1.70239924647142,-1.85992996297129,-1.45908110472437,-1.66318841389834,-1.63402448002114,-1.63982203972485,-2.46917487200428,-1.56337257838626,-1.55856099822166,-1.89594668118594,-2.30856840014875,-1.62869642356692,-1.84187250416483,-2.33062547179898,-1.74074091636901
2012,1.31915756050242,1.47880865040082,1.37130301232861,1.36196983721353,1.57112711536892,1.48382159427516,1.53469084131565,1.44008596377719,1.39442149634031,1.36410091066323,1.52567025943895,1.54189418997761,1.53201098846423,1.55974754206965,1.50493856960629,1.51337970887963,1.45559477826655,1.50498440934729,1.61295461820183,1.77704270840719,1.63961059188347,1.614756571007,1.62615803798936,1.48295866786197,1.53972544876148,1.50451251525906,1.70273954542277,1.59033027974998,1.88585121042399,1.80404129730406,1.76624962391379,1.57586926271721,1.53623539639849,1.54801839522764,1.62235393336759,1.68807729039855,1.57240751716832,1.665883836354,1.79078512996785,1.69394164120449,1.55802478035626,1.70414083289565,1.80721387902292,2.16962496533469,1.77921856334188,2.00635236230694,2.00999382943611,1.8654525741194,1.86540561556097,1.82044842421221,2.20120365705915,2.19797368219122,1.89628088563064,2.15038460702297,2.03298385509004,1.79400599135804,1.95396695452162,2.39662407279487,2.48308273842102,2.06837177555218,2.22456765106457,2.14351217979066,2.01360101421472,1.93024696463041,2.26951041213556,2.19089914061068,2.17142064922951,2.26433727932868,1.80830889184387,2.08336690389191,1.99045036751112,1.73732052782173,1.94211417504323,2.15956512509455,2.22242385588679,1.95965518816184,2.20743441481303,2.07247153585433,2.09051364015444,1.65099488517041,1.92143983304251,2.02923296385947,2.1383903918181,2.19008853671978,2.13495990555486,1.80144179141499,1.88174250343461,2.19932315126536,2.18275453877447,2.13722784183319,1.3110927955299,1.34852205766464,1.40592695533474,1.7472522477479,1.31613483721007,1.29797029730379,1.27158296042227,1.35686119339927,1.51202512003618,1.75612208949931,1.93789907729896,1.26776082841953,1.23881441714339,1.21482091089505,1.2429701314684,1.32004220482724,1.45848734075789,1.70055644564051,1.90869484768788,1.22373508720924,1.03571511289616,1.28392622701511,1.17397175180787,1.23958523289601,1.28808713732749,1.61981039320185,1.80803240322091,1.22467724202761,1.10759542047817,1.25227252362041,1.41173558227811,1.2500214396597,1.44548501559775,1.62288671093475,1.31476842199255,1.24920713076755,1.19702198593161,1.38356283542406,1.32952288187521,1.5722984127192,1.28291613627756,1.33800696349879,1.45863708500486,1.54604493364885,1.35457161110965,1.48413861429249,1.40042981101533,1.35907630210928,1.57894968466058,1.44380565850189,1.37074537684869,1.63820955277434,1.94207490549354,1.40545644024135,1.57069242400182,1.93739745178265,1.46690752080277
2013,0.167463531443169,-0.00410351488907867,0.0926358487343942,0.105577135708689,-0.202005811657592,-0.131688315251778,-0.100538303525109,-0.0429385692190009,0.0120138429377722,-0.161149723601367,-0.2432012760888,-0.214522310647742,-0.150916279541897,-0.0291201738361407,-0.0696832321643084,-0.0834301878899513,-0.0036045131036565,-0.314174659214841,-0.395406896679612,-0.420996438677908,-0.360856457566564,-0.303800757251876,-0.218886280562943,-0.155199200975643,-0.105279816020343,-0.0686601548461969,-0.505953412888075,-0.414038303187613,-0.567659018992069,-0.503888248661862,-0.401581170936385,-0.355637133715749,-0.275062840408552,-0.214320701600718,-0.161503327037608,-0.484359887615959,-0.370781882427605,-0.473771587985883,-0.545966264536162,-0.459440237076098,-0.373405938640926,-0.28842413535759,-0.612986597908483,-0.907310958706679,-0.59786459770757,-0.74055808517105,-0.557404437866412,-0.527363363668318,-0.404260661004835,-0.345530647482103,-1.02576632047847,-0.957178183438499,-0.730782731169221,-0.799792235295125,-0.701142861733202,-0.536494469427753,-0.44274764881952,-1.12671976839572,-1.12748505001389,-0.898711568084445,-0.841456927408427,-0.688359443477089,-0.623882161463161,-0.534227474978855,-1.08251356593798,-1.03062404231467,-0.973955899131817,-0.846716608918141,-0.635835569681261,-0.614633572324715,-0.513390392490177,-0.714772564438307,-0.894051600921071,-0.995248285274814,-0.956753134524597,-0.810248660192278,-0.694766485011646,-0.591360381369698,-0.448596108907461,-0.660872420929906,-0.85424980361888,-0.911969976639753,-0.904821977379171,-0.812291561871264,-0.681837360795962,-0.758457287318875,-0.846983131787092,-0.732520422823083,-0.612971468733196,-0.54864442527458,-0.346635076440358,-0.323719921257471,-0.321507591956399,-0.354648038229108,-0.303140629560927,-0.295021852440262,-0.249118403337216,-0.108337216445781,-0.0899169959616903,-0.172990797873301,-0.348811347923748,-0.209523877941369,-0.176613540615309,-0.147366036227103,-0.0390937680057348,0.0540984778082814,0.0379636526254129,-0.0714527954929725,-0.0743034988007921,-0.187233855102034,-0.00310571705081802,-0.0810026125740456,-0.0661220987069172,0.0158878819276629,0.0494874769119036,-0.0260622219544526,-0.201479889584936,-0.165864182392067,-0.0450998632048621,-0.0369263741323314,-0.0240978272878988,0.0331987814456894,0.0806416693736855,0.0743501322693657,-0.208207487356301,-0.10562577601412,-0.0478828631274336,-0.0192448871949305,0.0326240224197,-0.311310489843101,-0.172326223689566,-0.102278893374659,-0.0649159778555611,-0.016486655226516,-0.240903645937277,-0.184590705074275,-0.117465046491135,-0.0866694125659958,0.134334810055025,-0.337095656945311,-0.274035457065727,-0.206691056162901,-0.177694708538502,-0.381194211851455,-0.289242342433697,-0.230429905810293,-0.489588046832683
2014,-2.58749287697835,-2.60256936590306,-2.68205593066525,-2.66361585362571,-2.64294044846087,-2.68764605397976,-2.73032859515758,-2.72868169821172,-2.73116018462525,-2.73307085458535,-2.77277688779421,-2.7967574951325,-2.81712852080802,-2.91079614489588,-2.85820637391274,-2.6403479616511,-2.87082719433428,-2.82794650579879,-2.87004994803018,-2.91898535410006,-2.89865176473045,-2.90480048760523,-2.93763927923224,-2.81367918585683,-2.95682415803909,-2.96698710802836,-2.91817664065866,-2.93878810969118,-3.01770920669527,-3.0096816741475,-3.01972487149352,-2.91945867004308,-2.85759477540776,-2.93015263236428,-3.09124178006609,-3.0678685195522,-3.06870051858183,-3.01129547212423,-3.05157555998111,-3.01590789407533,-2.739733529062,-3.16507120337859,-3.19032708930489,-3.11896540781936,-3.14773454326252,-3.15168719669043,-3.25278782057447,-3.19335560507239,-3.28808748405264,-3.31161905241185,-3.14361314701683,-3.21395864261702,-3.22539714797536,-3.28545254129663,-3.2763495154915,-3.14663839985612,-3.41997577030109,-3.29176444780924,-3.34196114860231,-3.30486105925693,-3.40753398701212,-3.45871927103591,-3.41467546023957,-3.41304041270834,-3.43364845706748,-3.43515903695579,-3.42936322485552,-3.53826512112932,-3.36777952155275,-3.5803716737492,-3.56678191609293,-3.73329239155635,-3.64097350330592,-3.60327759822979,-3.61578465563623,-3.50766050738439,-3.72101433521334,-3.67831439132112,-3.82641138100115,-3.86519904012613,-3.78276566452111,-3.76147527945178,-3.75758950110442,-3.79435957947638,-3.81988604960928,-3.91963462716273,-3.90766630590204,-3.97407407036486,-4.01698052793232,-4.16116130665965,-3.53562771329518,-3.63417197810812,-3.72720261409651,-4.20960924170611,-3.60664967881748,-3.59546875865789,-3.63144569997133,-3.95257672966911,-4.18553899876513,-4.35281058028749,-4.37177289115192,-3.63840327677101,-3.65447085037507,-3.67642206593844,-3.84278666078546,-4.06693834932301,-4.22106896398027,-4.35001903106914,-4.51141632076387,-3.52576613575293,-3.62180304233152,-3.74043297743086,-3.6868836011056,-3.85427248692222,-3.97319387638919,-4.26210424797312,-4.26852522627326,-3.42708886392845,-3.51510469131723,-3.67547978953209,-3.84446863645397,-3.8173712041947,-4.04837498422401,-4.26861418087062,-3.31347316826595,-3.42826424631392,-3.5188644355058,-3.75056444047962,-3.80174242355607,-3.36273789239659,-3.24906817487912,-3.48451704647628,-3.66595969368943,-3.8100077903071,-3.20187281679562,-3.42979613204078,-3.48477523662706,-3.53559545361891,-4.01596798982831,-3.14149015045374,-3.19508944082305,-3.47264771837268,-3.70638139855295,-3.07212788668002,-3.28608400545694,-3.58548012495412,-2.95915420751372
2015,2.61943185448228,2.8108194304213,2.66532080205255,2.74088854674362,2.88647667475559,2.84822272761868,3.01896118443444,2.98090589118418,2.97840493299539,2.81000826308166,2.91750625850098,2.95604775487443,2.92593880467121,2.82717451455758,3.26415298202061,2.73799878186992,3.33266844095203,2.98174691531966,3.10314289582054,3.27584040164046,3.18642793512152,3.243519252442,3.33716937375881,3.05513017321295,3.40161678938469,3.44517174590534,3.13893205269,3.09111278002428,3.40772797947154,3.39494953870112,3.42254237696912,3.23948998249681,3.1501974498939,3.28163912002735,3.55753907684871,3.18710518887532,3.0998127657737,3.17156103775086,3.43866248304269,3.39231217107507,3.01496105204089,3.58277124432501,3.33260570466491,3.5602703740664,3.33411689547974,3.5664973145494,3.6720091487073,3.60062988104112,3.68217665327325,3.69701673882853,3.56949824789683,3.6137920714317,3.47753429260172,3.73166748185382,3.6981793152386,3.43637049668834,3.78138964894936,3.81214521372567,3.85830850824298,3.65827791141269,3.84969673602292,3.86136419184336,3.79304010201717,3.76027487884227,3.9068128038231,3.8660159747062,3.83870889458014,3.96197844720817,3.58230451372433,3.92964534759137,3.88420990538947,3.99683162416021,4.00303255331217,4.02984965820076,4.04038780486735,3.82399256503677,4.07294640257546,4.00727545327933,4.08294728620253,4.08378446671962,4.13830645736439,4.16084500830949,4.16788573254687,4.17799601109553,4.17009664538629,4.23946388443257,4.35723237628162,4.32221663954367,4.33138537074809,4.48947775505425,3.63032383132788,3.69673921593682,3.77523519038233,4.22121277400445,3.63187648285994,3.61534845246657,3.62009581243897,3.83665298308872,4.01657538410648,4.18977424744396,4.32268145425232,3.60334685706511,3.59545508625334,3.59961177022736,3.68348743677974,3.82303168030331,3.9576618722405,4.11784892078545,4.27321912356928,3.50566036353395,3.53012224994093,3.61682513150005,3.57544453115173,3.66406889080871,3.75159586055734,4.03535290917474,4.18902033094312,3.38976496283706,3.44291516363797,3.54705552138082,3.65404909112544,3.62837107098656,3.77494371464,3.99688721897847,3.2936885740236,3.3819818238513,3.43384368754024,3.58064558161988,3.60961192851286,3.38468629472117,3.27324342638327,3.41451153464991,3.53456271097656,3.62617025138,3.25037552524282,3.40116787058992,3.43531473780565,3.49258698201599,3.95429735165015,3.24107413968751,3.28588688986549,3.45982212135342,3.61393191975732,3.25214415245114,3.37984562771391,3.56773443201442,3.22910885237212
2016,2.4702166013481,2.44591064644012,2.48776922903599,2.35799669222769,2.65470408827432,2.61947051235111,2.40017190330155,2.34392787898046,2.25663655408911,2.84442711593842,2.7120243592741,2.60168847444998,2.53973397742367,2.58239931133013,2.31894916316802,2.37712210999568,2.35074142895057,2.93887888590804,2.76116737961693,2.57867182957149,2.57100628158176,2.47009186590861,2.43241549625201,2.34200030529224,2.44451587318065,2.49402820935805,2.9516308098132,2.9051552758179,2.64571479122252,2.59685788707719,2.54298381614307,2.50555559834665,2.41758638208068,2.430914725625,2.64510977971413,2.96004248761467,2.97300319618982,2.88900807037807,2.63251381595929,2.56864499557915,2.66902154556273,2.68569051456375,3.07086265513874,2.92472607663822,2.97822704076766,2.78765440900917,2.75400929577088,2.69777870738019,2.77308331479185,2.82315672829918,3.12473289425619,3.0318522483619,3.03360698406361,2.86913459711438,2.82168957717502,2.90506809810211,2.88142708827987,3.16913071915426,3.08053342202619,3.08812498632879,2.97278149521201,2.93862034641755,2.90074690551027,2.87819683014129,3.26873290898177,3.2104016847483,3.17349038475692,3.07693969316757,3.25189034925896,3.01281161576877,2.97700152657032,3.50699711345531,3.42833412551208,3.33348437191395,3.27774656668239,3.45085003978499,3.14524877053794,3.11633821891745,3.13112018380085,3.62937527440878,3.51268567732334,3.45969684519564,3.40015249723978,3.32841185032897,3.2853516379061,3.59946289475218,3.51687260772431,3.40034149454434,3.35470771164666,3.44146307910713,2.98448393449867,3.06086572358504,3.12965227825554,3.49786437651898,2.94228407914294,2.99523585316856,3.02951489663426,3.28089222940961,3.45492168306815,3.53076259402034,3.51881531814546,2.92233946890074,2.97218711337062,3.015842135428,3.14467599076254,3.32212987139152,3.43527330175353,3.4945124388987,3.51990939283122,2.80043212321009,2.83818608849162,2.94479044857496,2.97171368596411,3.11371951631291,3.22233046304694,3.41534677267034,3.37710372722178,2.70546831894639,2.73400561293246,2.85997351953966,2.99063595678418,3.04865529730069,3.20654104556263,3.36291622005803,2.5751488711474,2.62655329227704,2.72036380748476,2.90111909138497,2.99808895025147,2.34908664048071,2.45343437329355,2.65278941723519,2.80132354498496,2.93171959621481,2.37666496975956,2.55068345896206,2.67195441719252,2.77989016378293,3.11420900536984,2.25534251633419,2.37277418716658,2.56867431964583,2.6703992924949,2.21992094379162,2.42930135072376,2.56765367302635,2.06528808441689
2017,-3.61427147304805,-3.86240193979991,-3.55350519061456,-3.57817167865588,-3.82119790010015,-3.71189158524582,-3.85610642763387,-3.68025803192538,-3.53912654306818,-3.61718022128071,-3.67596321159037,-3.65424128943725,-3.56303791818688,-3.45696396020609,-3.74817245957846,-3.16989261807147,-3.69911212575506,-3.74922256529152,-3.75365215938907,-3.90799691080747,-3.71748212231664,-3.701798157104,-3.83081636539721,-3.29560390250605,-3.79727969536807,-3.77721977956285,-3.78268949733568,-3.65930505580118,-3.89885920924845,-3.83330650346513,-3.87672810122382,-3.54137341640499,-3.3370223810821,-3.41577704850703,-3.99508979865104,-3.60887224173086,-3.47183960402857,-3.51906077701017,-3.72302651631756,-3.61611008271821,-3.25684040933814,-3.98088416094268,-3.66592551024332,-3.90190813042085,-3.60738570396739,-3.82921181591885,-4.1527763515957,-3.89535619330085,-4.16683383575283,-4.22121631056724,-3.86094584676076,-3.83899794663371,-3.69292382670501,-4.02069760298138,-3.95603715815873,-3.49648977000405,-4.31731196881829,-4.07420236882371,-4.02710110373196,-3.85850888382178,-4.13090648354896,-4.24817424596306,-4.07338240204889,-4.02142161189311,-4.08752750285344,-4.03574283423427,-4.04771955033938,-4.26285946617768,-3.89978883272192,-4.26970660967528,-4.20223544730643,-4.12794712779528,-4.14795139909128,-4.2083481390632,-4.2631152542485,-4.16803972469525,-4.45830209850581,-4.32251252173904,-4.61329953287477,-4.26044247948757,-4.28677287349442,-4.32159660045057,-4.38574763169055,-4.46584609104256,-4.49859291491561,-4.36667564286298,-4.39467488724757,-4.65345137144722,-4.73596148050488,-4.88743705130151,-3.4371131900266,-3.51364887044481,-3.57389436828609,-4.15759871000253,-3.48064259884138,-3.47001908379002,-3.43824481788967,-3.69315288679158,-3.9577190024156,-4.21726257571101,-4.29611614968493,-3.45659813425941,-3.42121328091244,-3.3910501544141,-3.51344076502935,-3.72958126981944,-3.90567879054761,-4.13114704805069,-4.43806422806878,-3.35468348252127,-3.21764229626513,-3.47811333870626,-3.3065641984468,-3.46337328181477,-3.55396386223252,-3.96023007900303,-4.07355436562607,-3.16803961334407,-3.11432865882844,-3.34634370592794,-3.56963953083687,-3.37315721376111,-3.69597999240312,-3.98033484226779,-2.97314390328318,-3.08292934301802,-3.10698085171822,-3.42088897386435,-3.38697161061502,-3.12150537207858,-2.85607622592109,-3.12114499960157,-3.36650696429707,-3.56115962220857,-2.76261519855174,-3.12740975764501,-3.13393425896166,-3.1651055542532,-4.03516475187881,-2.73361417725316,-2.77677008671258,-3.28047397406308,-3.74851185341809,-2.66185628575087,-3.0542353487328,-3.63197140051433,-2.58751747507583
2018,-0.208399672693893,-0.0596199128987784,-0.335044438775804,-0.253962400404521,-0.21447799424671,-0.297248572710337,-0.155957123916401,-0.268941647342216,-0.380106504865642,-0.549001929043073,-0.444063623444244,-0.432412412196447,-0.494418751721863,-0.550148660615426,-0.429778568995249,-0.680049916874919,-0.595922405568733,-0.49175108580522,-0.433093683221194,-0.3272963185575,-0.466297790599478,-0.484108006958526,-0.434212515091537,-0.752637947900792,-0.565702408031732,-0.67390462013531,-0.579367868994091,-0.663893942416456,-0.461288970231033,-0.505384289911736,-0.479041940576257,-0.699582724163297,-0.808883330229436,-0.813227652716738,-0.554385324610596,-0.857171045364964,-1.04788988787267,-0.969261764455355,-0.697749854484811,-0.738896455257793,-0.999456734830295,-0.53898781534128,-1.05144350295998,-0.829024575168432,-1.06571139794928,-0.797585254305115,-0.510141626187818,-0.648716372128547,-0.454814277642179,-0.40110902668553,-1.1552859101377,-1.10050317144455,-1.18253588274576,-0.797942928767788,-0.774524012934445,-1.15314295474674,-0.402361289571065,-1.20111913077824,-1.17425029639465,-1.25703466817681,-0.879353135613755,-0.672810429896361,-0.717287241745389,-0.634229428214547,-1.43849357254959,-1.41684525309989,-1.30078353112504,-0.932483455796942,-1.21204563294693,-0.681568356219243,-0.586509985359816,-1.7481808428345,-1.65351234776314,-1.48182729543901,-1.31577306243655,-1.39383514939618,-0.793260328563463,-0.781125384360565,-0.378372333466255,-1.75072622895623,-1.67629016116586,-1.58023941134669,-1.40876364495715,-1.16859928175298,-0.978603000572293,-1.73007040999232,-1.64124318693023,-1.12689573158021,-0.891985127419834,-0.922979670739429,-1.68331801600689,-1.67516121522845,-1.59908498514213,-1.57903775538798,-1.45100874163792,-1.59625683345035,-1.63367097359871,-1.59628881530135,-1.59610287783997,-1.55057793635714,-1.47757297476844,-1.44884580510859,-1.55791768668717,-1.61897656664156,-1.62344938906517,-1.62043603115438,-1.60372408758074,-1.54409611228765,-1.41298951235466,-1.47097378596959,-1.55920685901806,-1.52276942501659,-1.63107174063439,-1.64490206989841,-1.65742000135568,-1.56544813040871,-1.44863511214236,-1.56219903607563,-1.58059088291065,-1.55552943727252,-1.54531555638493,-1.67360615493327,-1.61944072746583,-1.55270507452585,-1.63112513115178,-1.56592989584802,-1.60834278088937,-1.59076612064395,-1.67120870902443,-1.52985538238949,-1.62564673268695,-1.62132908152884,-1.59219905080261,-1.56362293386018,-1.72824538040533,-1.61284693126223,-1.67683963179796,-1.73756518006962,-1.36412277762078,-1.73277314344177,-1.75368561351927,-1.54758416192055,-1.24563078371363,-1.76955181343913,-1.62930357982149,-1.26124338820433,-1.72378857137955
2019,-0.802549740082378,-0.449300654602717,-0.789314149981544,-0.630716682366895,-0.654623844581391,-0.735865774756538,-0.336914590604992,-0.440356828859485,-0.423017075554395,-0.881706519232887,-0.776021242109508,-0.694982790850262,-0.695365868977242,-0.862983574633952,-0.175233878644123,-0.75707205821414,-0.172844266020482,-0.821052839643242,-0.712080831937237,-0.346259079105892,-0.534145309228001,-0.402880227955553,-0.201317482023682,-0.519249847947899,-0.180676110092525,-0.201598396872221,-0.677534396529205,-0.775048674217456,-0.327932766182929,-0.346579864972922,-0.234901330974725,-0.481519065936008,-0.517419659488085,-0.435654329287221,-0.192082293607356,-0.717455623042845,-0.740057559483425,-0.679350743875293,-0.384410944610833,-0.414580463492825,-0.785560754822004,-0.265470024825407,-0.539780177282306,-0.280205896611101,-0.566678213714256,-0.317749459303197,-0.0700089384784681,-0.279415322370715,-0.169256381275288,-0.216743903993304,-0.209267141166257,-0.280982519332484,-0.411102098018754,-0.14785499802418,-0.23100561515741,-0.537042925857274,-0.13848741057243,0.0472170840094606,-0.0514871321770409,-0.216548545266681,-0.0645997861190875,-0.0551833493149254,-0.260266471025838,-0.419621706581764,0.079899829265274,-0.011393895431163,-0.0590658674552784,0.0190058116859788,-0.349937910367425,-0.191402428380456,-0.381358971200289,-0.0289832279149689,0.0540306464740188,0.109849152902188,0.0880183635343617,-0.19046162201183,0.0235456872371027,-0.225855373400683,-0.184921317905206,-0.00328429301966748,0.129735024923891,0.134959276991978,0.132429811005379,0.101390691837809,-0.0305989072146144,0.107022008536513,0.0632727968680222,0.199726815446426,0.10572197121911,0.117610595787912,-0.0631363126397933,-0.0937506212494443,-0.199055516736021,-0.119666019254178,0.0115701982656571,-0.0432290091468399,-0.14758805688008,-0.165414305535573,-0.0761435113173317,0.0421853584224579,-0.126993480692671,0.0213987901403132,-0.0863715296727086,-0.176196875844957,-0.139515228480276,-0.066337090259152,-0.0648535477314676,-0.0109352620871892,0.209541885114745,0.181742164021481,-0.201704161808847,0.11629938740847,-0.207273879204792,-0.141304889063401,-0.208112383142865,-0.17048930623635,-0.304568524635653,0.132730455816051,-0.0879247730953734,0.0902419135051362,0.215031222490302,-0.160456892014605,0.0297679860870383,-0.0531630864411334,0.150674345337221,0.139550888443619,0.0140489072707655,0.155897338184958,-0.049562374028171,0.642603221736301,0.16186176502668,0.17298257798276,0.209410820913827,0.203934291605,0.197549776223206,0.287330178058541,0.0876812265640485,-0.098643821579985,-0.0823788619145691,0.300616228218816,0.110286552877522,0.285360596972581,0.497770826761905,0.12209528668676,0.159389238178759,0.413304827847622,0.139818229695773
2020,1.64323021287162,1.61190393356653,1.79872328503029,1.78162770508639,1.7801545274149,1.81319410850872,1.65219785609007,1.70790957257611,1.67482852241946,1.83336694133598,1.8885882882071,1.89005574592974,1.89028674080333,2.00353043099927,1.3764875279251,1.87551357243783,1.12986505899626,1.90423066576411,2.01433994728391,1.88954688652197,1.93749102396749,1.80264343220157,1.52501248024459,1.66259589620264,1.24330655362842,1.11805010795965,1.98272592484081,1.97334753460835,1.96556402654939,1.90187154702877,1.70177582246425,1.78800851317304,1.64957072482371,1.35002936456094,1.07883921725432,2.00672417246378,1.91411325618039,1.89486626289925,1.84417087517524,1.72572936256292,1.61464738979712,1.24400367798013,2.098244138153,2.05506868713053,1.99988502173398,1.93517099287651,1.64006799781712,1.62248168498042,1.37925887152184,1.22913311438724,2.08624423454906,2.10017046863225,2.01888710684019,1.88296343714734,1.78162064965623,1.61129144452893,1.38675161796694,2.06991006945236,2.09469183144095,2.03805841054058,1.87821583954346,1.72154319219592,1.65333488311632,1.52942127596046,2.15946144007432,2.15007318666701,2.0493389243737,1.88478102967859,1.68625700412874,1.66236684541498,1.56112542904084,2.28153775028575,2.23900104443984,2.15856284481593,2.05287878709271,1.89303408624805,1.78342579411187,1.69509364188518,1.52652031880716,2.33544663732671,2.27283194402988,2.18225458301202,2.07491270708358,1.95116822049858,1.8218629853448,2.32167429067648,2.18788618293199,1.97453596343987,1.85127017743495,1.86750780066448,3.16085174376727,3.1479977378882,3.07797526730409,2.85338024389315,2.97288408583831,3.12747525226896,3.14237690118082,3.07362429534396,3.02147211922241,2.90943965816746,2.83449247445241,2.90294906015799,3.04613022519632,3.0976016916434,3.10381437442838,3.09050204966887,3.05352283317689,2.9675746357173,2.80060266296806,2.71724854735387,2.84112474605124,2.94073040083405,3.02691853294568,3.07049295426511,3.07320806506141,3.00936663662743,2.92573186007984,2.66906477783871,2.75482736806062,2.88887714249829,2.95399263339557,3.02928164862351,3.03055039477122,2.98144397661103,2.68780088516358,2.70229463557607,2.81034631329539,2.93361252280444,2.99607054217926,2.7718231349628,2.64628610762407,2.81464136817374,2.90263228337655,2.94380104507279,2.74062050245463,2.81812422909207,2.87150694767382,2.92628546213761,2.89930203697839,2.75114234996432,2.77307842939667,2.84185065123663,2.80325542735864,2.73969965924288,2.81241709197152,2.79804813514359,2.68824275681898
