YEAR,USA_25000_1045000,USA_25000_870000,USA_50000_1020000,USA_50000_895000,USA_50000_870000,USA_50000_845000,USA_50000_820000,USA_75000_1045000,USA_75000_1020000,USA_75000_895000,USA_75000_870000,USA_75000_845000,USA_75000_820000,USA_75000_795000,USA_75000_770000,USA_1e+05_920000,USA_1e+05_895000,USA_1e+05_870000,USA_1e+05_845000,USA_1e+05_820000,USA_1e+05_795000,USA_1e+05_770000,USA_1e+05_745000,USA_125000_920000,USA_125000_870000,USA_125000_820000,USA_125000_795000,USA_125000_770000,USA_125000_745000,USA_125000_720000,USA_125000_695000,USA_150000_970000,USA_150000_895000,USA_150000_845000,USA_150000_820000,USA_150000_795000,USA_150000_770000,USA_175000_970000,USA_2e+05_895000,USA_225000_1020000,USA_225000_995000,USA_225000_770000,USA_225000_745000,USA_225000_670000,USA_250000_995000,USA_250000_970000,USA_250000_895000,USA_250000_720000,USA_250000_695000,USA_250000_670000,USA_275000_995000,USA_275000_970000,USA_275000_720000,USA_3e+05_770000,USA_3e+05_745000,USA_3e+05_720000,USA_3e+05_695000,USA_325000_795000,USA_325000_770000,USA_325000_745000,USA_325000_720000,USA_325000_695000,USA_350000_820000,USA_350000_795000,USA_350000_770000,USA_4e+05_520000,USA_4e+05_495000,USA_425000_945000,USA_450000_495000,USA_450000_470000,USA_475000_520000,USA_5e+05_820000,USA_5e+05_795000,USA_5e+05_770000,USA_5e+05_745000,USA_5e+05_720000,USA_525000_820000,USA_525000_795000,USA_525000_770000,USA_550000_820000,USA_550000_795000,USA_550000_745000,USA_575000_745000,USA_6e+05_820000,USA_6e+05_795000,USA_6e+05_770000,USA_625000_795000,USA_625000_770000,USA_650000_745000,USA_650000_720000,USA_675000_795000,USA_675000_770000,USA_675000_745000,USA_675000_720000,USA_7e+05_820000,USA_7e+05_795000,USA_7e+05_770000,USA_7e+05_745000,USA_7e+05_720000,USA_725000_820000,USA_725000_795000,USA_725000_770000,USA_725000_570000,USA_725000_520000,USA_750000_845000,USA_750000_820000,USA_750000_795000,USA_750000_770000,USA_750000_520000,USA_750000_495000,USA_775000_845000,USA_775000_820000,USA_775000_770000,USA_775000_545000,USA_775000_520000,USA_775000_495000,USA_8e+05_845000,USA_8e+05_820000,USA_8e+05_795000,USA_8e+05_770000,USA_8e+05_595000,USA_825000_820000,USA_825000_795000,USA_825000_695000,USA_825000_620000,USA_825000_595000,USA_825000_570000,USA_825000_545000,USA_850000_670000,USA_850000_645000,USA_850000_620000,USA_850000_595000,USA_850000_570000,USA_850000_545000,USA_875000_695000,USA_875000_670000,USA_875000_645000,USA_875000_620000,USA_875000_595000,USA_875000_570000,USA_9e+05_770000,USA_9e+05_695000,USA_9e+05_670000,USA_9e+05_620000,USA_9e+05_595000,USA_9e+05_570000,USA_925000_695000,USA_925000_670000,USA_925000_620000,USA_925000_595000,USA_925000_570000,USA_950000_595000,USA_950000_570000
1998,4.9620131799084,4.91898920836733,4.79181943372098,4.8392540946757,4.79073977598467,4.73837719384463,4.70974766446252,4.87836703497771,4.80004924741184,4.74744267690838,4.71176949466937,4.66186124158337,4.6649702706716,4.74171498788725,4.82077061002868,4.69200671261119,4.67206023758518,4.66573060614398,4.63393930480608,4.65516224413473,4.75164513271133,4.8384245271322,4.81240286088071,4.66449200605465,4.6647656663345,4.68348653087813,4.79984238488767,4.91584270705209,4.89121916469352,4.76499285130716,4.67716534929282,4.64562894613041,4.65131280217309,4.65171326237518,4.69774650699059,4.82034414687985,4.94815464469352,4.64270087352003,4.59779932127976,4.8241928410753,4.78915517184375,4.98108731077003,5.10362898862935,5.14231016860952,4.79423893379347,4.69646145290494,4.64937618290337,5.13626405169938,5.2023363022294,5.23087803706145,4.72940876202593,4.69143493510789,5.17510702002863,5.41592910684352,5.41411984968562,5.31138829970986,5.25419147066358,5.36349265666809,5.39211539766076,5.41456796999931,5.38101316816165,5.35305086019928,5.34839635994703,5.29456057210466,5.3387142833471,5.00348523779004,5.01503184567198,4.86004306749812,4.91531163619505,4.89763274214435,5.03144268800647,5.34696353202805,5.42119417613794,5.37991179263657,5.36829795238331,5.4208510610452,5.29592948425914,5.21786625697737,5.27442153890559,5.15139537296441,5.15708250728237,5.30014533217586,5.22356353385901,4.78055042295886,5.04267858522641,5.12383424164819,4.89968229350466,5.05979761214043,5.11140090884286,5.10875188621075,5.08493506452576,5.08161272555451,5.09551758068375,5.13501142987922,5.13448844681193,5.1098820201286,5.0962984141031,5.07206234132479,5.14817148901662,5.09788081475239,5.11667875539928,5.14393943501299,5.24863171608152,5.26086636485331,5.34143169519444,5.10770529303415,5.01026959583041,5.06318985854694,5.31622578040276,5.34548962203658,5.46191862082181,5.22580749587007,5.0595560963082,5.43468468145492,5.44517123470383,5.43652839847703,5.584183077829,5.3764750898733,5.19262152233307,5.14216349213671,5.3776834783351,5.44946720286239,5.32667465412374,5.35459238771449,5.44223703454135,5.48632491217256,5.50129663206393,5.4907778232049,5.3508248599942,5.36520772972557,5.45592265943555,5.5549739859451,5.58713042101152,5.51927533319129,5.19233639444223,5.29240706704936,5.43563115065655,5.44263224970801,5.50300619053919,5.53156393416447,5.67773836629822,5.25278611135655,5.30710434121118,5.36276439447112,5.37409424434388,5.38023159837179,5.3126426296038,5.31984263500876,5.29709466710183,5.26163018343312,5.25140786081923,5.2536291934374,5.22171107231487
1999,-1.31013211647518,-1.01082131696787,-1.15493700096613,-1.08351849794034,-0.978205849328877,-0.851498313388842,-0.750791617004584,-1.21630746274039,-1.15967119614974,-1.05745951138004,-0.972216659511458,-0.843015803579535,-0.809099910829697,-0.814648427263689,-0.842263786486033,-1.10535621457007,-1.05010609524623,-0.962627140581798,-0.854434757659278,-0.826252950411136,-0.855999101889018,-0.913900434514813,-0.930053582242818,-1.10440936865124,-0.995694011207693,-0.850006571229174,-0.871318766753936,-0.957868260200848,-0.995595716165756,-0.963765645550349,-0.926533234034799,-1.32327187318721,-1.09174517658307,-0.91992209457164,-0.808923558008176,-0.776112534570307,-0.80436134323865,-1.24268647987179,-1.10925300986665,-1.40687265465885,-1.28818941582258,-1.06112347142409,-1.22741450067995,-1.39717558818333,-1.32362089471001,-1.18776633147825,-1.18339798004361,-1.39132796878571,-1.49799013952156,-1.4840807984488,-1.38848103865838,-1.34267153017202,-1.35911282976979,-1.78502852052274,-1.59047143255522,-1.31409936886454,-1.18436858535768,-1.90184618248132,-1.67403106867154,-1.51427738263012,-1.41432351421665,-1.36406175640329,-1.87771967263533,-1.69442828891547,-1.66312809995367,-1.45086352956502,-1.41312011640711,-1.53915273982411,-1.39725018035278,-1.38934912437925,-1.53366353926658,-1.59741606389165,-1.73856513166022,-1.78555738890072,-1.8314240293075,-1.8530909699752,-1.57939572785666,-1.53313253477744,-1.63934427828601,-1.41782906449383,-1.42815900641593,-1.69199732595803,-1.58799396759447,-1.01759333039121,-1.31184472821975,-1.44071700099517,-1.11902518260913,-1.39735855708655,-1.52025380949896,-1.56426214224051,-1.38816341034913,-1.4806119538717,-1.59595570432517,-1.65975758132783,-1.5891020364849,-1.5612765866089,-1.64999161872438,-1.7214012336805,-1.74192549235342,-1.60681488051399,-1.64882438075885,-1.75110144349343,-1.68356732555735,-1.75104012570864,-1.86676982893087,-1.63190689047475,-1.52534499294784,-1.61170608866498,-1.76047670395119,-1.79655932026074,-1.89066009481864,-1.66638744160623,-1.52723227537178,-1.6882904193626,-1.74873812357745,-1.73842796675394,-1.92509725856786,-1.76119029031682,-1.59499375487413,-1.54133295356101,-1.7520968914964,-1.79437294040674,-1.7224056752106,-1.62149253981893,-1.65043998400213,-1.82690519548847,-1.93140373670216,-1.92104724743694,-1.61803059659232,-1.58673664778777,-1.71680161798862,-1.86944351516695,-1.9390890069923,-1.85199235846928,-1.50120290785939,-1.55936419657036,-1.64021925595363,-1.73884427974163,-1.85994852730074,-1.86914583784106,-1.92007515716004,-1.41454792752773,-1.58228245852971,-1.72047383626783,-1.78985995853416,-1.82841650844932,-1.53743619313217,-1.64950894964234,-1.6563743222231,-1.70468292265687,-1.73973798146146,-1.66023289143667,-1.68939603693732
2000,-1.2260282254806,-1.41747385606834,-1.23970400464559,-1.45645978944248,-1.3713542658593,-1.3803207561281,-1.43104028711827,-1.27135713761529,-1.2503075500444,-1.38355022863452,-1.30093542791259,-1.31558548840217,-1.36111793258744,-1.39149333733172,-1.40450527903752,-1.36634339192677,-1.29788556773547,-1.30826772511429,-1.26964878163569,-1.30110957263543,-1.39543589157527,-1.46649471925512,-1.50871425073012,-1.26328316005786,-1.30619490553478,-1.36349507944264,-1.49211341931354,-1.54674462225218,-1.55944045773926,-1.57188196963682,-1.5403397178955,-1.03795111853236,-1.33906078462807,-1.46466610275405,-1.52831103998567,-1.59470150888575,-1.59481423608157,-1.12369124384426,-1.51127665604548,-1.21784172230186,-1.22592753712419,-1.46758328046295,-1.45461736382487,-1.4617118188897,-1.26796310405201,-1.36621351057463,-1.6723364471358,-1.47208063297299,-1.38746926054176,-1.39241952254393,-1.34260134515864,-1.38108788970913,-1.49736004948357,-1.25609892222985,-1.36238576141035,-1.47177366712808,-1.44713813923607,-1.21765232666365,-1.31789607321222,-1.35402040633945,-1.31904307289804,-1.33683039130951,-1.31569513035047,-1.3431871070691,-1.33062421691149,-1.22728901560954,-1.16815620149047,-1.25134054282788,-1.08718652558911,-1.04408164365747,-1.1803661278364,-1.24355419586883,-1.21859073068767,-1.29590672240811,-1.36587330527289,-1.41575614619103,-1.34842086473476,-1.29745414508131,-1.35479251589807,-1.43606564248346,-1.40748879759792,-1.4761219608225,-1.5145471488033,-1.5325950648773,-1.5492180062317,-1.55539772813858,-1.65263714746442,-1.58129147831725,-1.5579785292342,-1.56245027271662,-1.44750185554585,-1.44025310048165,-1.44158088885088,-1.46834742740498,-1.34290921521434,-1.32756471694704,-1.29203948857183,-1.28688835160849,-1.34956142710729,-1.28483051654683,-1.23172110147408,-1.20418313972363,-1.03170674962638,-0.708257109844754,-1.21945762942044,-1.23527073120527,-1.13281953656115,-1.14911203501623,-0.642960287202123,-0.598065905346906,-1.19466899331165,-1.18838310135915,-1.20659247725841,-0.743343536038755,-0.960029046462564,-0.663890337113461,-1.199868268998,-1.2211254204793,-1.23881279247741,-1.27069505822112,-0.901309503685247,-1.23974271899024,-1.26037814938507,-1.2258796695661,-1.00616192541492,-0.911842277512728,-0.78162785857461,-0.760502464201245,-1.18670232753571,-1.21285833529914,-1.08903255689451,-0.954525631420997,-0.862226326427095,-0.866582470236147,-1.2751163884535,-1.33423580617481,-1.41037774906156,-1.17967751234079,-1.01861260514461,-0.964076487183099,-1.20537684449457,-1.50467956144555,-1.44051595827506,-1.24143820556549,-1.08543577701427,-1.04281694184274,-1.44526586508153,-1.45044505357118,-1.32871311112082,-1.17831549170368,-1.12958540635553,-1.31989214647307,-1.2223007346128
2001,1.55944821980828,1.35226187127041,1.61625229597549,1.6127981410797,1.45088199539928,1.34648600654885,1.18140153749251,1.62326974786044,1.65542896010599,1.56295022167542,1.43080215045144,1.39768846211505,1.29545545943485,1.04759886751891,0.76881859672298,1.6107594426628,1.45031536612234,1.42469375841148,1.42915081681376,1.36102783800761,1.21592193917171,1.06201415172108,0.984915366258515,1.50164711095154,1.37656574752157,1.43429811410863,1.38903954234029,1.27306858333563,1.1875270247995,1.14669523888792,1.09595305912316,1.73064920900529,1.45884107665228,1.53554995054478,1.55046764752824,1.4924977859354,1.38952873381342,1.70121045623966,1.45398582759623,1.65814606325855,1.68221005552968,1.49926526225916,1.49615318653027,1.34345088498695,1.74711646010164,1.81934574350891,1.89296144290978,1.52682201666993,1.49708617662146,1.4001981945402,1.84998563263224,1.88797248191428,1.47578005583348,1.51307348275877,1.43271282314881,1.41217102297931,1.33987291113502,1.75006682891253,1.67837838086418,1.53315117709266,1.35496236500325,1.3002562048818,1.8835878274396,1.90145503482845,1.80545831205254,1.15011568248562,1.10986805245489,1.714103430703,1.20724575454757,1.19849956480437,1.37073752624921,1.5900527362785,1.62046484331797,1.68775977552097,1.68787587147666,1.71254360200957,1.6874702839341,1.73162204427359,1.77858092043231,1.74734951570184,1.79900345287921,1.91640921848939,1.97378450833128,1.6332645223938,1.7290311381609,1.83894713676508,1.63484756105568,1.77216650427512,1.82564037191345,1.92205815528172,1.58158872854828,1.66693024584416,1.73994725616201,1.80867949705071,1.42329092491485,1.5768014069306,1.6271615297141,1.62480509417301,1.65829449114989,1.48330574918872,1.58816963614901,1.60700042214049,1.54361825431698,1.44455466884827,1.21817908018196,1.52130335789321,1.49881635511656,1.51407599129922,1.44052429249136,1.44257819006915,1.1857374979583,1.36517481757741,1.52549625322742,1.44054815885893,1.39285358495179,1.38281283798776,1.26164864423516,1.45570450990977,1.60315322109294,1.63389724439859,1.46425158394456,1.62690307151711,1.79022393100551,1.69020742356745,1.50462764404926,1.57076379198165,1.57577220905644,1.5881108655924,1.85391493020538,1.81319399044376,1.75337982730692,1.71283604327962,1.64159867730685,1.61292515696006,1.88450930995894,2.02123542126601,2.13793927800787,1.9351865963975,1.79848642601151,1.68582515673229,1.64624646821441,1.91262056943013,2.05670379865695,1.96211602163613,1.80553532206451,1.71133384692348,1.77792526148965,2.00025806312102,1.90140534434999,1.75680575808946,1.69927028817447,1.7272819489192,1.65340548491016
2002,-2.98518074851426,-2.48824447557296,-2.97814665874448,-2.66909218008669,-2.58196102299031,-2.50562494378524,-2.31216036932579,-3.07878170741134,-2.97069814504559,-2.65600298416188,-2.57392563075886,-2.5446882940333,-2.36576426923656,-2.03906155031575,-1.65394079835474,-2.72607327234465,-2.61669760072713,-2.57016662529539,-2.59410981660547,-2.47632008095541,-2.21497899500345,-1.94024191398777,-1.73173252584686,-2.70998937493452,-2.51527011510767,-2.50480186437526,-2.3593873848926,-2.17018614149343,-1.97323839917116,-1.80013412990013,-1.73470733980717,-2.91807246481715,-2.56983859936391,-2.5103965008099,-2.541686099504,-2.5141399803743,-2.45943713014335,-2.89885590309164,-2.39699073287079,-3.03905722684915,-2.98590476532893,-2.29697496545678,-2.23682987486679,-2.01113656877095,-2.97376570122854,-2.82176615867157,-2.6212188059181,-2.223109467893,-2.24625040181897,-2.13549813289046,-2.91607025029566,-2.86661661748755,-2.19242816609697,-2.12369807587313,-2.03104314191668,-2.0922593328745,-2.21743163705865,-2.37043179434655,-2.17710196576309,-2.0172775541942,-1.9216813812387,-1.95915970210188,-2.41154285050406,-2.38473009028335,-2.22361449096004,-1.11388287275923,-1.15971805815765,-2.6802056947925,-1.16402163434492,-1.08507034838141,-1.27311103316235,-2.14255001206527,-1.98379384006129,-1.90124776806065,-1.78882407883319,-1.70761140438964,-2.05734426629786,-2.06076228119091,-1.89042570271729,-2.01520319865221,-2.05600146988882,-1.65911543412062,-1.74897150612923,-1.72904352805619,-1.80220950652104,-1.78062697068183,-1.52005526773096,-1.68827964730039,-1.58225362591526,-1.60404740995422,-1.41633625696789,-1.44646451174892,-1.44221205782469,-1.45007858251888,-1.34956969516453,-1.39374439837799,-1.32716263798705,-1.2683666601941,-1.26823123797462,-1.43631960680347,-1.40667720552435,-1.28366469016245,-1.16483359421057,-1.12049332182515,-1.28272949481431,-1.47210750516308,-1.51963845725884,-1.3928296687205,-1.22972887603094,-1.08896404321434,-1.26072871217342,-1.37486032746804,-1.452511996437,-1.2835160511927,-1.07099746960982,-1.07978362351588,-1.28363907623376,-1.37051642592587,-1.49867122662279,-1.46855103889826,-1.19145636224283,-1.40431141352299,-1.47170925772896,-1.17762634840441,-1.29440621560439,-1.26291864745054,-1.2608883342859,-1.29172036261048,-1.2710429588626,-1.31239927270382,-1.33450261935966,-1.30864216512001,-1.31919906127139,-1.3657913764009,-1.2625720178316,-1.33203787018645,-1.41457343608928,-1.40010974828415,-1.38612850035689,-1.40167171368946,-1.27857165720453,-1.20564745679694,-1.2974927907807,-1.33327876074048,-1.35786375687687,-1.33297292247674,-1.14382726515569,-1.23027715851882,-1.14152643881247,-1.15358327069692,-1.09283188002818,-0.852844344585042,-0.858868976320701
2003,0.913400310196427,0.569014088934588,0.916405312483285,0.556375701719174,0.544033287926126,0.558540256423975,0.550795855186082,0.989376934498766,0.828351793133259,0.519471868344835,0.516752441527237,0.535165665783757,0.478510831590227,0.399599604311351,0.265423271050555,0.480442168490467,0.469721306798252,0.509016102991351,0.574038513761642,0.546372199029497,0.467696632957441,0.3713881435044,0.259929070067334,0.504694104212455,0.491131431615671,0.53293452577805,0.539858745908865,0.456420182654228,0.330190481582989,0.212569635296941,0.13138304875144,0.430269069541128,0.496689593096255,0.450919590627443,0.476511363382581,0.524092719268642,0.484133182250146,0.478038484478967,0.207577049865389,0.60296976425091,0.595924403395423,0.108800609737162,0.0616083522019548,0.043189734070463,0.536333490785357,0.400514757039269,0.196131180193221,-0.0511568767824831,0.00885253846406675,0.0464122598581116,0.401204423316818,0.327783857482685,-0.179756731265415,-0.452373171418204,-0.464832183854971,-0.371922082793876,-0.185576774966527,-0.603993183224675,-0.603416828126456,-0.622656562206523,-0.65722644878821,-0.477651166180476,-0.822017661314207,-0.725491237314507,-0.735452932045719,-0.865404734473121,-0.827026195997854,-0.218084930184193,-1.09731543164105,-1.14636578835126,-1.07493724811813,-0.99157210256378,-1.04300214490992,-0.964113608380152,-1.00435512075901,-1.02266688080315,-0.998168761999626,-0.700625309925389,-0.866275552314395,-1.21755954368745,-1.2038506044696,-1.27883887424387,-1.27663610991449,-1.488622146277,-1.1893613574329,-1.19121805954716,-1.82807749707957,-1.30833636683687,-1.30105423989492,-1.3469421222033,-1.59934275687402,-1.43456680351222,-1.34380931028865,-1.34951291279513,-1.60768152187334,-1.49162246551082,-1.42671696797755,-1.33936478269642,-1.33813365630908,-1.51840505528297,-1.45270359344641,-1.40349203978287,-1.79812782968788,-1.80865930098734,-1.65350863440784,-1.59583710834664,-1.38090983081832,-1.33837317957209,-1.72404965617476,-1.90092771592551,-1.69543937077615,-1.58219005140245,-1.34716214751266,-1.62329605304799,-1.84494136797708,-1.90044500539344,-1.70337356268949,-1.59103995465062,-1.39322224514735,-1.40384939666695,-1.73490464915902,-1.56318372911727,-1.34605872724948,-1.69066475700386,-1.62753425142981,-1.73358620182271,-1.67808614098419,-1.64091637912731,-1.75408491910982,-1.72087405771596,-1.69430337589629,-1.70405146801143,-1.66966592179975,-1.62431115013326,-1.54498633587699,-1.88731711432731,-1.89796113936395,-1.73622354192308,-1.6631092986723,-1.60435868543817,-1.86218143272679,-1.78055331740445,-1.83023958482042,-1.80007208802327,-1.71402499910746,-1.74878385763279,-1.91233839175427,-1.83989870833343,-1.93409050863928,-1.89430383401412,-1.96883980162968,-2.16626362443762,-2.1585340749739
2004,-1.9744154860745,-1.94449844510131,-2.0234933443309,-1.99311433196423,-1.99137038517089,-1.91420242593918,-1.79845474116796,-1.93921067932936,-1.96246058944396,-1.95745221719829,-2.00518392251555,-1.96478843907004,-1.85189165807764,-1.704224690237,-1.54701395105485,-1.79535102079264,-1.82470441734018,-1.95201408303371,-1.98559250975653,-1.89071155662918,-1.74163517496633,-1.61400291088166,-1.49838972254544,-1.92029702769075,-1.93742846690048,-1.83544104872241,-1.72308915270461,-1.59622779344538,-1.47812772614512,-1.38600110140666,-1.1895586472074,-1.822256576331,-1.96138811296475,-1.87264518556984,-1.77294384803638,-1.62623097595458,-1.47873470090648,-1.92482103831971,-1.60969171818786,-1.97386951797873,-2.06272351597376,-1.28564755489226,-1.1715027641413,-0.801570173292214,-1.88055065420109,-1.81484258791123,-1.56882535701455,-0.997772114471382,-0.876451727465712,-0.820500081822011,-1.67033283692925,-1.60770592462272,-0.878300971822614,-0.802693783897434,-0.754861811757228,-0.695856877141978,-0.660128424413705,-0.635291778587068,-0.755816854477325,-0.706627359241146,-0.527732032217073,-0.571928317544963,-0.503337397570587,-0.655043468070506,-0.621809750126901,-0.223187535480586,-0.101367200693312,-0.722861738540596,0.000835713190934229,0.144734708942846,-0.231172410910348,-0.215984636395767,-0.285446951725806,-0.354789758074335,-0.353406116434393,-0.30123398974245,-0.277933641203632,-0.312427618923976,-0.34772116784583,-0.302897654551128,-0.375472839639625,-0.341919949109859,-0.337982868635014,-0.025716633655871,-0.128128405587581,-0.186631365604843,0.184606001553115,-0.0682819296789194,-0.129668005103918,-0.0427027070753124,0.0193769202354108,-0.0737812517966308,-0.0928730595796872,-0.0348020571771715,0.172749590753654,0.0122554938236177,-0.0578723035922315,-0.0868254328857518,-0.0533077305054787,0.161653691756761,0.035598281968249,-0.0556805078753908,0.498707240271112,0.765271608008904,0.271754642051047,0.197796567836043,0.0340554378466273,-0.0478335875096463,0.812216841827075,0.956417843871717,0.220421827782154,0.0802841126645419,-0.0477135067016969,0.62936512774078,0.795181329955785,0.949706460466619,0.170731938887895,0.0386432772135326,-0.0904735624666522,-0.0882599013189593,0.492447792972838,-0.0498669731247805,-0.235845966980548,0.15489693461507,0.457288742464218,0.591561514136756,0.619886627482292,0.674439982318879,0.323796387124049,0.391709897750668,0.530996475563594,0.632833785202364,0.695069709599668,0.722606374300923,0.109676818113155,0.500711038006209,0.635498703539265,0.620171639151234,0.669557690867202,0.688873217354121,0.201876449232139,0.241876875128213,0.365026911711491,0.587722332405764,0.642141729887327,0.736206661736324,0.267181711439938,0.251767396491665,0.528893166898437,0.612641431887559,0.773179410190407,0.687039562145973,0.804483178617715
2005,2.9798475237859,3.28527528499334,3.11304253757946,3.38304553450978,3.37837043991333,3.31188698868702,3.22458482030222,2.97136441564997,3.12881447463909,3.43541254964973,3.38923536833135,3.31404796753316,3.26665894005208,3.12587111976589,2.96636123393337,3.43670827963148,3.45991515291766,3.32239047438348,3.15002604751939,3.11640196355278,3.06815234375781,2.9794130134449,2.91065686603726,3.3866488457623,3.20657451968968,3.04388823568219,3.01069539011912,2.97342752376772,2.94481295572769,2.93820686130172,2.85291744385367,3.23087476107191,3.16716620090608,3.0165605245042,3.01235366826504,3.01483998312476,3.04390560611478,3.23476140231228,2.98280594001412,3.11046177126199,3.15370573200883,2.52374111027623,2.48282892181693,2.44517178615301,2.94429639688398,2.97502922737516,2.81700519117639,2.48286379365416,2.55458250125909,2.52735116051885,2.89436743405617,2.89953723005055,2.46760073937636,2.29677430361926,2.40547493040568,2.44819822152977,2.46714711969113,2.12697695562219,2.37490928909765,2.44897566783468,2.36496081714489,2.36682145695342,2.0448004184705,2.29817566622955,2.38620780552927,1.78914582399656,1.69692945290295,2.32254738200056,1.67883819374491,1.4620375627147,1.96108118891584,2.69654315206917,2.63407507168666,2.5146115560452,2.49803494531888,2.50145645494243,2.63920062684371,2.35614585801951,2.40085484291227,2.83953925383233,2.94390251724908,2.5874406818731,2.66748417183044,2.70500419516529,2.6269850268245,2.58819889684799,2.65894400074888,2.56458179423609,2.63711587914192,2.51853946080933,2.76261426471231,2.71205179299692,2.63822132584749,2.54920508639171,2.86673256874045,2.79314134539378,2.70736366654884,2.63852807373425,2.58336033789829,2.85684408362396,2.78240533211399,2.70778224186557,2.18245898437633,1.86818371019957,2.91380822920932,2.78086083788933,2.80388053046495,2.74558257633778,1.66207222195214,1.63690484224316,2.86853725526262,2.78780079480048,2.70876833212546,1.5655938832919,1.36922792000264,1.382979114471,2.79720117531904,2.67762117478403,2.62038628860314,2.6199187414898,1.89414954391184,2.61443489650542,2.40830844297384,2.19024818972535,1.82619234590544,1.62223158984462,1.46628732044433,1.32282068207689,1.9123346035935,1.85125868802583,1.63636149476932,1.42570982472945,1.26737712072935,1.18188185211224,1.94584693425641,1.83550002542594,1.70587617722643,1.51282706712106,1.30027523451909,1.16907500618446,2.38364933716915,1.95548074071977,1.82196248373222,1.49018672330346,1.33616270671764,1.13519751419968,1.99700300440833,1.8384035124134,1.51853040109627,1.42969624572948,1.21630995146049,1.43749663234218,1.32748159365424
2006,2.03778584808114,1.68941230766266,1.87188345807057,1.64808842260491,1.69726948734371,1.73787438225567,1.73206767578129,2.01618627305661,1.89371804696735,1.57461978679271,1.74559012592394,1.84621664056673,1.85875789844745,1.74647386436507,1.59178590441247,1.45408995156074,1.5300043535627,1.84085410188684,2.05029671504489,2.01999010782772,1.86879755474844,1.71444899996425,1.59000793555611,1.64424466764852,1.98635256354562,2.09527985678009,1.95441096605221,1.77731060357747,1.61346384842458,1.47954102875519,1.37787203458356,2.01039561453165,1.99305803407726,2.18219480253912,2.09456333335082,1.92011124031564,1.69968852613113,1.95200425931843,1.9850535326466,2.00801375525034,1.94411189060091,2.12896311376292,1.93836455430961,1.46257238800209,2.07796456989419,2.02558190814121,1.90906955082746,1.67592546054177,1.48799258256915,1.42270748614268,2.1025668508715,2.0572475754973,1.57295492313456,2.03096271092455,1.67165428898896,1.4355732256775,1.28629878047986,2.23625059747247,1.79455339242141,1.47168845180365,1.29691616715819,1.27601220263811,2.32778101835884,1.87542508782128,1.63541671355929,1.11683148528722,1.06280906716722,2.0851638588894,1.04099461017845,1.04108773799236,0.939257863274154,0.923461617790812,0.868655294730677,0.832183692634146,0.822156997712679,0.776614505218917,0.969285106710595,0.834681399203966,0.827569963354889,0.931322038343718,0.778169545806317,0.894915459174745,0.865925466190152,0.999642961942427,0.833006980858004,0.819884696153378,1.06716256393497,0.817092497992021,0.732306346389003,0.725640062373318,0.87817751589347,0.747942464398665,0.672040006660839,0.654196268639029,0.640666814514069,0.640796960797078,0.619463981710803,0.562958103275071,0.563853773998218,0.499437548279595,0.507133760556927,0.508074929846003,0.341717154212875,0.21558539410316,0.505006974973271,0.539109032555473,0.399620695569406,0.408997953354071,0.334625867162722,0.361513646420354,0.590790278967256,0.569273228336424,0.468577836578142,0.778708320291266,0.808862544293077,0.658548810243894,0.703475890153472,0.729344389459602,0.676116868700555,0.636384605843755,0.697866105818779,0.796336943487142,0.953326126644048,0.895012618982806,0.809452955525334,0.933220788060493,1.00842385794871,1.04308592264088,0.846019419939752,0.77470969582199,0.916850730975698,1.04719288873714,1.12364083345735,1.14086677653035,1.06590930079753,0.750477647245988,0.810264668638814,1.0202039099377,1.17770933488442,1.22115297479194,1.0165503545544,1.1973722835535,1.09943338941238,1.18472432338878,1.24728111187986,1.31015098503732,1.36095988117023,1.37336640406718,1.29334496416892,1.25644715234992,1.2194719642226,1.21793861106853,1.11559155260935
2007,-2.40421456989788,-1.7951345582697,-2.34807140204869,-1.91802253440275,-1.84274519092169,-1.76519993617252,-1.66638739614093,-2.43865882627027,-2.35456903034262,-1.91298810985406,-1.90925213912811,-1.85374740685071,-1.75235513876165,-1.65381828953082,-1.54877854820187,-1.93761648396689,-1.90506762112911,-1.99868256004819,-2.03271761013402,-1.91997724467194,-1.76833584033002,-1.64592170980634,-1.52284547503034,-2.03781264054369,-2.11046591920431,-2.02712788660604,-1.8744143065433,-1.75134164103005,-1.598325855602,-1.41257749100173,-1.25816240846625,-2.42199681986131,-2.18441292643951,-2.22118289803767,-2.10810782915804,-1.94374357914466,-1.7977100996626,-2.37863996838285,-2.27201246964971,-2.23639493879505,-2.17405679325881,-2.15571702334812,-1.9532578258024,-1.5475278401561,-2.18648693333143,-2.23810618147184,-2.15987795402058,-1.7058300073289,-1.5991753650782,-1.56001983777477,-2.30380011595297,-2.29675578542964,-1.62450964312349,-1.86338096350731,-1.58563096393963,-1.52357474699075,-1.61448600055931,-2.16004402437543,-1.68049406691273,-1.39516600174349,-1.30864993036617,-1.41393223632577,-2.23134010358633,-1.77186954955847,-1.53371444445206,-0.900302203527091,-0.86356017812239,-2.13158927772538,-0.728104389612618,-0.665647396516906,-0.58952802061332,-0.916178599547983,-0.854883980160795,-0.800825382353282,-0.746186368820145,-0.759128503188718,-0.939633342696905,-0.942198124140807,-0.844517407224261,-0.993267082094923,-0.967538745853392,-0.790103666548628,-0.810408791389005,-1.11887967810128,-0.978225682596999,-0.8743877428603,-1.09444110763851,-0.852501156393968,-0.794313698443155,-0.791737779623111,-0.742709483937851,-0.728121219788859,-0.714907992545736,-0.720479229858204,-0.859530521041458,-0.804609990022807,-0.748292986748986,-0.641353714331951,-0.647158816795044,-0.87224804126787,-0.895459107029587,-0.843711347274157,-0.358332961090897,-0.250382982381149,-0.83021509526405,-0.863027081919956,-0.83695915550913,-0.791979164577299,-0.205051378548517,-0.260421316685077,-0.817783951381222,-0.807196858513951,-0.724373197048616,-0.530071446781014,-0.464262400429157,-0.335696008995112,-0.8543291527455,-0.85326396172454,-0.799132295058432,-0.766061749222825,-0.558318626078464,-0.927359002809524,-0.988953636718903,-1.00286800930576,-0.655293985617481,-0.645305526229232,-0.677736591632399,-0.682612264313232,-0.761903393469243,-0.623497983735339,-0.70286225113089,-0.748574179243192,-0.724609867427621,-0.70618985350249,-1.00423505134681,-0.582586460734038,-0.557180683970028,-0.790910668471311,-0.888843697823987,-0.805699186786899,-1.09243825625751,-1.02556585543399,-0.842004125048619,-0.887270983517634,-0.922518453174544,-0.834809781981792,-1.1599306983782,-1.04092182854016,-0.911380438374741,-0.869787212454503,-0.729891675406952,-0.841793921416749,-0.701921025455849
2008,-3.0023596334163,-3.60887289711911,-3.31083491216064,-3.59552559098392,-3.63106749220747,-3.63778733435785,-3.63573499662633,-2.99100794759767,-3.10807529345429,-3.58801524745635,-3.62745966837926,-3.67618964778251,-3.69492358876566,-3.72521113203191,-3.77210342063546,-3.57183563265065,-3.64901899964308,-3.64112030304803,-3.65029116731853,-3.68347834673466,-3.70648994360114,-3.72804911386533,-3.74752442328753,-3.57612414839464,-3.60728068744958,-3.60598311369452,-3.62117192778593,-3.61377977729812,-3.63109657379879,-3.67897618173806,-3.71178332753518,-3.58135351392331,-3.50703057613971,-3.49982214495545,-3.50703609124406,-3.49701362404152,-3.47561824717029,-3.47737342834373,-3.1421657391329,-3.3478184074588,-3.47225762897438,-3.12811691595698,-3.16870111200885,-3.27717098226143,-3.40492322048599,-3.32203497564134,-3.16895716786117,-3.33648027712186,-3.3727685334611,-3.35183850262669,-3.11277364987459,-2.98907406481306,-3.33491422683768,-3.07845711596114,-3.25491527879679,-3.23966708271487,-3.06461551079507,-2.63856344777238,-3.15977834749943,-3.36779027679746,-3.34471008733328,-3.32830865419087,-2.53370208115663,-3.05666394621897,-3.28112552795437,-3.48034669354853,-3.47540138290616,-2.3414550628289,-3.38965235260853,-3.33763291855093,-3.40716558721196,-3.11482111982822,-3.19200224563386,-3.17728346117591,-3.25362541584395,-3.1914430944391,-3.0388029006135,-2.75017703964185,-2.94294423028465,-3.10864960814622,-3.20619322617304,-3.06762989531905,-2.86776035105306,-2.6677788595346,-2.73126644141882,-2.71495626897726,-2.50115060782063,-2.57914109035054,-2.47890769910245,-2.34925569609904,-2.72677911889391,-2.53902112268287,-2.38253085739834,-2.23559806543399,-2.39631097997036,-2.3783558209493,-2.28728833839984,-2.25364507537034,-2.15019407290048,-2.16198744965388,-2.06287599094081,-2.01368497544209,-2.08645055361672,-2.40560777698212,-2.18972030460524,-1.99997913006957,-1.94084404434668,-1.93950102320332,-2.42252877020299,-2.45090331291945,-2.24717792592891,-2.10604795080771,-2.02287221657573,-2.1473101278098,-2.21581721955799,-2.36500624420633,-2.25489938861914,-2.12176824826853,-2.0655441872641,-2.06496026196008,-2.09987252057779,-1.99521828688959,-1.90546729624581,-1.72021982316134,-2.03120921776695,-2.0906676551316,-2.1178660951656,-2.10548699442992,-1.86927491255351,-1.99061485713646,-1.9910290652393,-2.00798035146665,-2.10109897418266,-2.12326105261389,-1.67451798532689,-2.02635740066478,-2.09364108418273,-1.95786054954688,-1.95421732458147,-2.12441115793393,-1.92807888227399,-1.80405332237132,-1.95027385150557,-1.95479849078203,-1.96999400049048,-2.14934613310085,-1.83311262270017,-1.90274091808017,-1.99330640774058,-2.0285891591502,-2.16144629206463,-1.98965441057756,-2.04090076876978
2009,0.447772901882724,0.0963339346429875,0.519777915831278,0.330508536030384,0.275536196612217,0.0757181069059971,-0.22303429499054,0.351249693088762,0.311861453999401,0.354551873174174,0.313688667084406,0.151706065234365,-0.111350459126459,-0.0851910537177161,0.0476290299153472,0.272389813614828,0.240699080198092,0.28112406638273,0.225373532550982,0.140856783753316,0.102486927496067,0.149970455213296,0.166662840125746,0.311715835769907,0.287933930354203,0.333983068271232,0.21195169022373,0.189389809226081,0.180432262451418,0.117817745212689,0.0610324618197274,0.500105946597784,0.298289074875999,0.58116194507905,0.497812703309664,0.250595595528898,0.161465024052814,0.530053684326631,0.386433300752962,0.742011054606222,0.70854033164207,0.306935412632184,0.21631310260915,0.176659422387758,0.598795450979416,0.477672346359423,0.496987171232845,0.174714949504812,0.0838256354732438,0.0706514421661276,0.439736725942869,0.325009816447349,0.134084696412382,0.299503640226592,0.222991112246729,0.0374426168502173,-0.167115473312621,0.0394210615612658,0.200462532555948,0.139313219875134,-0.0331757426480479,-0.0840870039152706,-0.043980055677133,0.142184002489991,0.148286006871588,0.120131086993884,0.147606279902713,-0.176310747150123,0.150741495500982,0.103835991322205,0.0875238940129014,-0.359831556819541,-0.368552396822103,-0.35495863774927,-0.167666229349476,-0.150277720290923,-0.44063151683669,-0.829203545303808,-0.639360408217729,-0.3310699383235,-0.294893997582819,-0.439448873630307,-0.49623211679473,-0.540464042490394,-0.586309663938392,-0.574537434893687,-0.558375766588639,-0.625899190027228,-0.680256929481562,-0.699475335857117,-0.888465796614379,-0.83775617857992,-0.80341231815186,-0.83710176209309,-1.12814840614315,-1.03468762443779,-0.965822994896629,-0.901265706494495,-0.96856423394681,-1.3122637463344,-1.15221348882199,-1.05084024307132,-1.21293694127363,-0.831820238894001,-1.30252568781868,-1.4342053902577,-1.1809012075228,-1.12315670320886,-0.875575648258464,-0.726699960662795,-1.17781780389782,-1.21160163458525,-1.1397726504446,-0.807492642905125,-0.485802521506338,-0.730359046678402,-1.07956531415221,-1.14386276324471,-1.13269730790523,-1.11780981363801,-1.26915737607693,-1.15472862268723,-1.17157013565815,-1.37620939358222,-1.17309425977055,-1.17531416773462,-1.01002896693114,-0.855274763441414,-1.0798377160881,-1.08063837365985,-1.08997330031955,-1.02640678897184,-0.889414286982225,-0.812903123194144,-1.11457679123085,-0.986832879071048,-1.05151586154361,-1.03233769625293,-0.957127148201486,-0.814187203435196,-1.12868761797296,-1.07726413078435,-0.994430857250047,-0.962928051746258,-0.890263832078832,-0.760006608459339,-1.03805849856114,-0.976014041553392,-0.889923458838946,-0.820206192642311,-0.687078525806534,-0.819472763777787,-0.727468408509364
2010,4.65186885492939,4.5458855022723,4.81234995317936,4.48062334430458,4.39796672281453,4.36793844147314,4.35621671005104,4.74805036120509,4.77343831266363,4.49101166404158,4.3750571065767,4.30799701425324,4.24890862269712,4.20646048905723,4.15360503267817,4.67105848013754,4.58665877975001,4.408066866638,4.34946989064899,4.27168072632649,4.1829503798277,4.10488206634143,4.03361723416789,4.63911508807351,4.36213606321202,4.23125702389747,4.16765982602384,4.10154409182954,4.02029360056846,3.94481396164046,3.86540495152174,4.61010724813795,4.43588786073031,4.22252288313104,4.18990911310636,4.1863893243958,4.19615735771373,4.57351336399551,4.37907643336586,4.44192109097554,4.40025816616323,4.17056623134439,4.12801412235215,3.69451715191351,4.45244777115562,4.52548719228079,4.41665182331422,4.06903816777782,3.92024605479339,3.81350460258875,4.58684810355122,4.62155954756858,4.09613714026558,4.03171114755091,4.05736068317001,4.11196692609677,4.03590062145665,4.15421834794383,4.16043046661875,4.23202349747559,4.31616509408151,4.29193123477145,4.27711222183101,4.27116490576588,4.27125202563469,3.91274666946552,3.79707987028869,4.53623499814729,3.86747217471636,3.76359746848504,4.03248313425982,4.91502513665807,4.95008902471368,4.97991499296477,4.92220542493386,4.754824575864,4.97392264940743,5.04887989209317,5.0552741250112,5.02845195824124,5.05548242762613,5.01503236721016,4.95412584581616,5.05448810974196,5.02701276140273,4.94391324826502,4.85536420536047,4.85445292865665,4.73394015956067,4.6708657524011,4.95844287041481,4.78065048997867,4.62895975714385,4.5340515400843,5.17332328204568,4.94023085009843,4.69273594172702,4.48448933925314,4.42425244711066,5.20764200636468,4.92030688942939,4.64942293022644,4.38284778714519,4.13648621941392,5.23791495981119,5.16210797089716,4.84381044613856,4.65729618514469,4.17872026236599,4.00799781917204,5.09412745982497,4.95336196084763,4.6388847106176,4.07109923324079,4.09799216111542,4.02546588641077,4.94209854941246,4.84358976623133,4.71767516528333,4.58589981674117,4.4892605353959,4.71693339276002,4.68595385971912,4.53733701186648,4.49598112621216,4.49178778480071,4.36760263385566,4.23291714556593,4.47107820261014,4.4827327531718,4.48172211861189,4.46499586351762,4.40760190488584,4.30593977658974,4.32265104765649,4.31131091732957,4.38615856409153,4.41359604714955,4.43158080804855,4.40346080563967,4.46733020631683,4.21566635903055,4.26470274254332,4.33126405675009,4.33731529580133,4.33035338633445,4.26858699087826,4.25864304258498,4.20372836128586,4.18412655320255,4.09388383668155,4.01446350379787,3.94500999336476
2011,-1.86939017268865,-1.20561552276608,-1.88061242848851,-1.3193837888476,-1.22508153568276,-1.17332958416928,-1.13762640126958,-1.82557877233675,-1.80209233751052,-1.31486114063779,-1.22323644128408,-1.19557009905938,-1.15025588599046,-1.21071028936745,-1.29077156184297,-1.53400513254098,-1.40337429360544,-1.28329420325116,-1.23790762418881,-1.24643090021083,-1.28708008652064,-1.33784453791881,-1.32112872015147,-1.52533955887661,-1.34940405861236,-1.32912228034669,-1.35814976599068,-1.37722314045086,-1.32056324595594,-1.20703397358517,-1.09558631855165,-1.23842008187311,-1.4356037053213,-1.40889450739704,-1.39578384891091,-1.40534609437385,-1.42042485741078,-1.39420644971731,-1.63084271498641,-1.75102383878557,-1.66558458107474,-1.74969337712128,-1.61432272231682,-1.19809658497336,-1.67997371889236,-1.6993743537281,-1.85432350613153,-1.36325155871423,-1.23028223071234,-1.2028468617913,-1.80491764168403,-1.86993409284306,-1.34247628877811,-1.71637989706628,-1.5947956791164,-1.44346648006157,-1.30211999349574,-1.67077550807863,-1.59900789119186,-1.54848262966913,-1.52092034072515,-1.52807047810071,-1.78717582788438,-1.64217453271049,-1.51790832018021,-1.56275054173633,-1.47522978477804,-2.15180479476277,-1.71163089743498,-1.58048292072564,-1.94029078556669,-1.95559657904922,-1.93390886690608,-2.0682732816556,-2.13479809878983,-2.10305844939606,-2.05871478283236,-2.12023660753938,-2.12141348813858,-2.10030352146536,-2.09763484427312,-2.02104623170435,-2.01249115593384,-2.17986573777649,-2.17242317302923,-2.12251704089409,-2.07685345780719,-2.1704059582242,-2.210995625505,-2.17040470003709,-2.21691935067746,-2.20583827994936,-2.20238610771546,-2.14087152756471,-2.23848037397469,-2.14387726990674,-2.13315659837387,-2.19258425338091,-2.14148552348801,-2.11610406336522,-2.0056015634536,-2.00247260490404,-1.82830779015175,-1.60845837177009,-2.19891719791524,-1.96376369115694,-1.87766021302164,-1.89946903800856,-1.56675613612999,-1.54270090220355,-2.16346053244614,-1.9750183980144,-1.84000169947015,-1.64247109712825,-1.72987778839062,-1.56507880699768,-2.09911363066093,-1.93680645323672,-1.81347634619502,-1.78140966321353,-1.75290945372269,-1.83275610873977,-1.76309499664688,-1.96417662615099,-1.85493001349682,-1.80722474195383,-1.72827872081098,-1.6605012926907,-1.95917271473515,-1.88786429943491,-1.86700662496544,-1.87796595513821,-1.85234246883021,-1.78404975083531,-1.997808585823,-1.77243444870818,-1.75732440090963,-1.8163392593055,-1.87622491676418,-1.88397846463288,-1.78063771241675,-1.84091900577429,-1.81874663916563,-1.82652500733844,-1.85230552194002,-1.87257872600012,-1.87364033313741,-1.88267258681746,-1.80463151896963,-1.78704243825216,-1.75931234460254,-1.68623157707901,-1.66470038083756
2012,2.34584737225925,2.88094271921959,2.45104363515279,2.68679058426128,2.83714238501679,2.95536983679754,3.07945995274828,2.32872339245938,2.41799485498936,2.65187505553703,2.82007971625783,2.9927729545232,3.10558215359489,3.24361721920545,3.40115950767998,2.60737258174936,2.72570554535983,2.86330899962039,3.01281691472841,3.09533197640528,3.20108689515032,3.30974527097801,3.37964230613153,2.68154001644225,2.91147703417354,2.97208994461251,3.1441403331587,3.22138906805211,3.26205234287196,3.33880076578311,3.41693304249072,2.34359550155024,2.79864215068473,2.72372376406462,2.84005654152267,3.06327363163031,3.11445740487638,2.48105911378282,2.7679727347341,2.69941941035693,2.7487239822412,3.52025160218504,3.47150142536584,3.41694908912709,2.71700205131627,2.76285020701167,2.9573383280985,3.32218744313945,3.31798659258143,3.37286188937755,2.71958826928989,2.81474998274887,3.17320928634084,3.12997411396538,3.05921344641861,3.05798460656385,3.10028380915801,3.07932777462728,2.9691264654566,2.90983651629024,2.89915708565258,2.99342802845776,3.13154061737594,2.9888708000479,2.88260059758128,3.49994611933875,3.54878130760163,2.98687993904495,3.70219280615005,3.65902549389114,3.89508747426518,2.61145818060598,2.62402940541682,2.76329898939217,2.79073869297109,2.81735219749142,2.69550016555448,2.97836816755375,2.85864384438595,2.72635918482806,2.77108528457021,2.55924642291206,2.51268194690881,2.82464715131111,2.47059595122009,2.55655633073637,2.79474040360278,2.83037212617515,2.79269338070313,2.70567090400884,2.72068187744416,2.75165939740917,2.77659576985559,2.74187022372352,2.70652847682525,2.65472399301377,2.70405603087644,2.79369899542876,2.81692123502932,2.54357909344999,2.52345651441562,2.61741310657276,2.94043731689425,2.77573216156127,2.53826028307158,2.35659099565152,2.34254470669291,2.49756683860261,2.5831911596115,2.52413822290453,2.44125319816719,2.33735744162086,2.47670567928633,2.48072716529046,2.35688242419905,2.36296405184101,2.42142902502278,2.37756558746544,2.39458938556097,2.49527598632877,2.62014087245432,2.43532284634143,2.4338130350373,2.65526363325117,2.66717580127773,2.55437196178271,2.47390733990233,2.37520856100568,2.59958060311423,2.59094857788357,2.54461327536515,2.50213695190843,2.4600301649042,2.37496290094278,2.66997378179871,2.61295328856572,2.54514343563494,2.46324707406813,2.40960163561078,2.41107157109788,2.55835162238558,2.64212671349212,2.58736222029698,2.43544788747173,2.34771377426497,2.32863333427337,2.605927152349,2.57778731195001,2.49967432585138,2.32955930588496,2.23679603306849,2.43716196456275,2.30965274275216
2013,-5.28135883135092,-5.89287263398246,-5.44962943640294,-5.72376598494759,-5.79924642578864,-5.86275344205755,-5.92272269164368,-5.30630350884635,-5.44496153753081,-5.71284767372535,-5.76143864646364,-5.82362188449271,-5.86233322087513,-5.93348497011485,-6.00804372958259,-5.67903972821344,-5.77501829113312,-5.76621457434734,-5.84007905132186,-5.87231506820399,-5.89917006228393,-5.93758433195178,-5.96082410455269,-5.68624038323495,-5.77087244884833,-5.84392823702734,-5.86012825799074,-5.8915246513149,-5.89817599375368,-5.92468675667681,-5.98838176701769,-5.85388484442202,-5.69262670417247,-5.7674556751147,-5.80979293144081,-5.83648175002859,-5.86071211474416,-5.80518228144176,-5.56288467581837,-5.5710637389155,-5.69211974734299,-6.00059945313575,-6.01367119331535,-5.86533944083116,-5.66543603069162,-5.72279753975684,-5.51000596553124,-6.02643273304407,-5.97949327880279,-5.89707771194219,-5.66840962133012,-5.66136873076349,-5.97048888968058,-5.79236132169273,-5.80362535548798,-5.79687746612862,-5.80055295502355,-5.64515090615901,-5.62584743990605,-5.62547762991534,-5.62413633240044,-5.6372799070626,-5.62661292838451,-5.57239541199638,-5.5512974826229,-5.31096618028852,-5.3688788178292,-5.50544277937649,-5.5825279869761,-5.516344118869,-5.63059568361541,-5.14129177188451,-5.21606139986199,-5.1770197418736,-5.06352726832237,-5.03679559116436,-5.17037831811478,-5.37693676200483,-5.20846459550227,-5.19711293482717,-5.18041408061917,-4.93591412039047,-4.87995329818262,-5.18985235299175,-4.77343403160917,-4.835268494092,-5.05214818645062,-4.93637848650425,-4.65793510425608,-4.59233171543938,-4.37780767428495,-4.45464386865897,-4.50594783015899,-4.50804713041472,-4.36913444986863,-4.30695843631129,-4.34804173558138,-4.41471024543562,-4.44612725937232,-4.21460480717027,-4.21457916528915,-4.26676668703399,-4.36650163239752,-4.32998421733838,-4.09685460691158,-4.04776198079333,-4.04399263150994,-4.13788813608932,-4.18044696481906,-4.06896282605475,-3.93804066763611,-3.91295757307704,-4.09357022807423,-3.85461662616529,-3.78500184342204,-3.93894364236883,-3.89842061481329,-3.92174432044813,-4.00350261196245,-4.08649675889876,-3.97299270778197,-3.98287339025725,-4.00970230849104,-3.98660599597706,-3.94509301068908,-3.88913217031496,-3.90061555957755,-3.87586381259658,-3.84324408309169,-3.83930460011526,-3.81648814104547,-3.81127596055322,-3.83516188796082,-3.77981885850654,-4.07946167593292,-3.71947459295203,-3.80459659479286,-3.70225262280899,-3.65734833526313,-3.67987669046819,-3.91226174476021,-3.97981283575685,-3.87935607473373,-3.64789496849873,-3.5338435028683,-3.52974493335954,-3.8621007396964,-3.91043135721874,-3.69294618182964,-3.49663929028799,-3.41272780481,-3.58721186261472,-3.46155349505545
2014,-0.582575592265768,-0.638687775236082,-0.522457948771714,-0.749719570448967,-0.794252571508835,-0.76893428150408,-0.707304484425217,-0.660565057162569,-0.602463837397517,-0.847485989817886,-0.914018345348717,-0.913788983122437,-0.864881186107427,-0.819425282992716,-0.778566001169112,-0.924254847746868,-0.989363561242249,-1.02028198460028,-0.993368062365586,-0.947008305088301,-0.928092319054691,-0.893479533478967,-0.83768163642233,-0.973738313267503,-1.01476730237634,-0.903122025459254,-1.0129031658226,-0.972351060660665,-0.894179079412689,-0.835488231616498,-0.721021810148791,-0.678029216040934,-1.04179729776269,-0.779646353715118,-0.815370365139247,-0.980335772957806,-0.932267345432146,-0.784405461764698,-1.15419585114401,-1.15851227063731,-1.08837306302635,-1.37735337482698,-1.33467438979155,-1.51901702267019,-1.23890025398601,-1.25102514737148,-1.39721413751132,-1.39063575585928,-1.38820753739138,-1.42925457150064,-1.30437215041541,-1.36633307003581,-1.36610500520487,-1.12097905520924,-1.0945604640235,-1.29666679445936,-1.41127134485403,-1.53601984611698,-1.30347285728724,-1.24169942850926,-1.32133837705428,-1.38721701199677,-1.7638371214701,-1.61452220298305,-1.51348861324161,-1.70236257688414,-1.6465198142293,-1.86188068616224,-1.55438707700488,-1.6147041585786,-1.66404911279044,-2.16833350257016,-2.11059830963102,-2.17239668601964,-2.32371394388976,-2.30760343865931,-2.26987421257997,-2.02786973060786,-2.16165267140509,-2.59211291014511,-2.67262632262346,-2.47456455696482,-2.51538029939846,-2.70915055387859,-2.19648819161267,-2.45275252516601,-2.93753136197432,-2.97351533577265,-2.91978757760566,-2.83231449896066,-3.0710082965051,-3.05813898639365,-3.02545479557029,-2.96023756992406,-3.1915436557529,-3.13048486559105,-3.11783555997984,-3.12549794291884,-3.09079621323662,-3.17327166906675,-3.13687113463635,-3.15562070362935,-2.5938587904328,-2.33742465162824,-3.30327681553964,-3.11492684646627,-3.09678958810449,-3.14308780765341,-2.29230241071192,-2.28274943323504,-3.31999340554969,-3.18621332828341,-3.11765774364422,-2.57382979970708,-2.493377925625,-2.34301518027798,-3.28775205780065,-3.16663511317479,-3.09293749147411,-3.08508179724036,-2.61471529037455,-3.07338328490933,-3.01347060565432,-2.85113548366676,-2.81979275042573,-2.57476769451751,-2.53068130403099,-2.49189147935198,-2.81330394825837,-2.88592829736797,-2.77860432033952,-2.64894735239356,-2.57583847674528,-2.56331611481783,-2.81620427850367,-3.02042803773965,-2.80458780614302,-2.77104854997473,-2.69226870810811,-2.65932466394523,-2.99213431588017,-2.90491514032308,-2.8389840573612,-2.75993364333715,-2.73822296592764,-2.65710404007551,-2.8839462604585,-2.74508337611114,-2.76599017524919,-2.75678929683172,-2.64783325516852,-2.73084856788419,-2.65830668668473
2015,4.51835113186355,4.50130883170978,4.50157008602209,4.58003130264054,4.56019541691746,4.6351684544982,4.82357730417915,4.44456992085106,4.48013688806837,4.67631889898674,4.66295485458407,4.76110047264151,4.98340871484894,4.87399221797493,4.65519984721421,4.73044272156397,4.79120580657798,4.74125700756726,4.73337239475474,4.79177202850814,4.78630935932995,4.69645396409295,4.5921977008748,4.69384246074569,4.69876983632618,4.67499520817702,4.68334495077506,4.67140082552711,4.59423996906492,4.48833211042421,4.28598513697511,4.80326405833311,4.6425201270298,4.61513308423931,4.58326587036624,4.56802930466108,4.5379435926029,4.66079201755743,4.16698242873981,4.23660866962566,4.41579529653279,4.75414327819258,4.74484681877837,4.70536224881935,4.52854011730746,4.64985090533747,4.73514015951566,4.6456489492442,4.56138908681087,4.52592900467496,4.43565646007653,4.452030591582,4.53326892102576,4.43599174193842,4.31852784932684,4.39125461611708,4.4720970182192,4.58396666707807,4.3633039960661,4.23878775810611,4.24361279343545,4.28226482800593,4.63786227425294,4.46587308122615,4.31331857090373,3.87464003382131,3.8107625132127,4.26057306481617,3.73620844820634,3.61841333028854,3.85764943285574,4.04267850764163,4.13545395262214,4.19632883469053,4.29273517106539,4.31542746556479,4.12188043730523,3.99208892512651,4.113114421176,4.39630519912995,4.53914527673203,4.32348985370494,4.28726845013048,4.27557265756068,3.78041220069024,4.03872905125016,4.30609859130279,4.26112160820609,3.88188148670159,3.89385983304032,3.71922437664477,3.75031450181776,3.75317792096748,3.78524815512652,3.53289514038389,3.55783601620603,3.58646800074258,3.60944348240981,3.65916053162019,3.34961273647532,3.45905961917704,3.51295627374446,3.10197498876876,2.91075662135963,3.36971228857644,3.26958932507561,3.47104243118334,3.50474163167866,2.71431765934625,2.61085063984218,3.42314402880365,3.39598312511026,3.47776172311541,2.69834807707993,2.53660177086663,2.5317685882467,3.41831070984968,3.37792219724148,3.40311760456179,3.44005859417316,2.80593954159839,3.2755331283507,3.26758150506863,3.01245992107631,2.88183453652511,2.70946149590075,2.66173251301356,2.65201430732478,2.96434037827544,2.93681400817929,2.85576834108085,2.76525013193171,2.6883384726912,2.66766736469891,3.13068731231983,3.04770827779159,2.96651444817358,2.85761944792223,2.75144798144036,2.67884306110885,3.09588555076846,3.08275987455249,3.05691576596066,2.83916226955619,2.72334558444362,2.61696429607983,2.98896761628318,3.02920977153664,2.78015682311569,2.65697841953554,2.5385175577121,2.57465020887438,2.46666492577698
2016,1.14016745279349,1.04382575932689,1.284170580246,0.939126573890225,0.805427954769107,0.771449514980337,0.886664463399176,1.26169827851115,1.32880667022248,0.834659496853524,0.817339875823737,0.838060882533277,0.947539201612443,1.00942402471213,1.02623729241917,0.88389605178855,0.798786035577491,0.971062149700691,1.07076011123123,1.06914763216707,1.05060242064157,0.982780691925193,0.943201105469285,0.979339606009217,1.14645089478289,1.09058696346898,1.16642929266406,1.02365318367792,0.90524878191106,0.867235721710579,0.927468505535509,0.479562982171176,1.21470995832077,0.988731925512288,1.04075325505783,1.19126824100016,1.09879543151077,0.623390485984773,1.40716680304817,1.13250123674032,0.919453098486132,1.19096239524981,1.20490662951189,1.38953780803278,1.07440172277394,0.946401761914894,0.956015045690301,1.42331160414472,1.46548566663975,1.39203915717316,1.26540078596804,1.25239474359261,1.51540981901974,1.39707813387782,1.49611762154047,1.53133910275911,1.47513349487198,1.5783927971693,1.63146761619153,1.63057096950387,1.63398223553601,1.6396241680963,1.55097198477343,1.66750404470195,1.76414746221395,1.5377264158435,1.5111754870947,1.78636662336333,1.70703746194278,1.76658319675612,1.79486836142691,1.79652058338641,2.02642700993613,2.17122419803979,2.12745292228103,2.10643818840661,1.77101701871628,2.31894032974481,2.31994382510477,1.79205751499765,1.80149342720583,2.12978692553282,2.0875564274694,2.02764573563401,2.26479830083322,2.28597804364355,2.00141604631085,2.43670484381919,2.73601906719654,2.53850509588842,2.48319219692765,2.58259808188337,2.69174810607783,2.7427923842453,2.89068290523086,2.65450024734543,2.59854520583233,2.64481223133759,2.78056682578877,2.91117220513341,2.62466845759251,2.55106240337252,2.62513574902449,2.4244118855695,3.21650922429426,2.75946699450046,2.32297889845863,2.37215429360788,2.50378606157217,2.5659157850249,3.11121395826857,2.71310822934429,2.41655297658527,2.67093416001683,2.5938328083721,2.64802821416936,3.05644278481967,2.78621635891984,2.56519693946717,2.63896958574332,2.53668173122486,2.8028444937518,2.70136038590213,2.94615905831321,2.73093136698258,2.51138492997289,2.64569966243065,2.77811803277736,2.56709179792348,2.54453172786253,2.56093644636265,2.62013853961619,2.75317733946671,2.85946974633916,2.73844683718613,2.42935051241781,2.01843149470726,2.44633347021428,2.6806687764202,2.79594313929565,2.79863724212589,2.82043815719445,2.68459334066068,2.55818086225045,2.78333976723058,2.84965292611807,2.99206359451363,3.0056415715302,2.61741874640068,2.82116502600537,2.89792048646622,2.65586787071395,2.84712545728681
2017,-2.70843625115228,-2.61574220591612,-2.71895692710263,-2.58210795464276,-2.56484646983083,-2.55649937549737,-2.5836691359001,-2.70127277021849,-2.74451180342924,-2.63034060534703,-2.59528259775139,-2.56054538404554,-2.57659813467992,-2.54159466225286,-2.47502894905003,-2.73380539703134,-2.68080793645882,-2.64215217771927,-2.5775637103488,-2.54590156212852,-2.50919854834407,-2.46413878841128,-2.42667238743102,-2.78889419136054,-2.63077907389333,-2.55322384551556,-2.49391254937499,-2.45737169409863,-2.42961350356601,-2.38180191199032,-2.29448073388661,-2.57233044079666,-2.71107846711425,-2.63146806800628,-2.63101939629913,-2.5655273482101,-2.52707362711226,-2.61193207023765,-2.69305452587629,-2.61445699073154,-2.64458521836755,-2.56334369354224,-2.55108534451261,-2.42351282843945,-2.58337705955345,-2.55224994222392,-2.56681909845802,-2.5406396303045,-2.48140638465506,-2.38269414477245,-2.48952659389035,-2.42658322646528,-2.51445851995827,-2.48536400607573,-2.47535309497414,-2.47534867256941,-2.46158403931752,-2.44061561118337,-2.50308089332662,-2.5072681327546,-2.46947788808506,-2.45952708627534,-2.41270098407617,-2.51225895743885,-2.53091692814174,-1.86312868206666,-1.78306204512978,-2.3169480988214,-1.7372395917619,-1.54390143712552,-1.83192219115317,-2.17837027162018,-2.14601750846907,-2.14415060781616,-2.14741739438922,-2.10258378230171,-1.99746430351677,-2.01309391124533,-2.03825589095973,-1.91139965976369,-1.97275607181559,-1.89496544269606,-1.80056557516606,-2.00406064779926,-2.24924288980946,-1.98207291037587,-1.82964740481617,-1.75628305381249,-1.83466890955934,-1.87695783490632,-1.80994592331085,-1.72467038545949,-1.72997327893066,-1.79425671633567,-2.00162605685512,-1.7866727502404,-1.6337319676127,-1.58674135999853,-1.65835006017143,-1.97654006552782,-1.71325411741299,-1.51458377516154,-1.7633728591873,-1.41595966707082,-1.95579446719032,-1.85044641494719,-1.6181334797096,-1.48760726476275,-1.36343039595679,-1.17022436151728,-1.71995695433311,-1.63988071850017,-1.49903205447888,-1.43289119636833,-1.16048837273368,-1.08638814398053,-1.51177387899164,-1.46490917227543,-1.46012490838375,-1.49784394425578,-1.30538006508417,-1.35508879883907,-1.30562441366175,-1.31913896663991,-1.21232283894804,-1.08564059682476,-1.06572095272881,-1.09296184898513,-1.00970859513363,-1.08830497646879,-1.03883578739141,-0.953325592244807,-0.94492786919817,-1.00232789921851,-1.30674513370148,-1.13983083575842,-1.07467050795092,-0.931080470391516,-0.827196849284194,-0.816977091267334,-1.50787171197821,-1.26955285023723,-1.11678479155061,-0.803190856869464,-0.693238150398272,-0.686248064461962,-1.17390549932913,-1.02934160492159,-0.735028951175858,-0.607817599543401,-0.610549401804606,-0.717092757356816,-0.677440597708386
2018,-0.982236906926888,-1.48641857888428,-1.45344212317545,-1.51459565357742,-1.40662631521078,-1.43640854602832,-1.57426243685135,-1.04625453592616,-1.06333104698399,-1.39218293080084,-1.34563748274789,-1.45095118458617,-1.63566332113333,-1.63137957985616,-1.55024377191795,-1.35126860651117,-1.29987697075914,-1.29769584104977,-1.40214704581492,-1.47792351804575,-1.54060378761061,-1.56472737856699,-1.55878714795577,-1.09589924159427,-1.14883714465738,-1.31160401446527,-1.44924153519491,-1.5670078495083,-1.58380712824196,-1.57165660992772,-1.63141537899697,-0.833905180806728,-1.05057721802001,-1.06671533592913,-1.15773819317123,-1.36907966504259,-1.46845922519861,-0.864414405584663,-1.13795108868986,-1.01311306889614,-0.968787277621895,-1.64313539499675,-1.52602347907777,-1.54136503247072,-0.995359278648099,-1.0422818976041,-1.17996991565382,-1.37037008048034,-1.45777697896467,-1.48798678940156,-1.0419634746693,-1.03713150135281,-1.26620591932092,-1.12694181599476,-1.10591572610486,-1.20665873572975,-1.36702306556293,-1.3580367272201,-1.28620660499526,-1.19494092744926,-1.16673014163281,-1.31768483158945,-1.39367381649182,-1.33802228549756,-1.35577901781629,-1.2241125646996,-1.29143248697748,-1.35929223021252,-1.07184231704284,-1.14126300198237,-0.933258291974837,-1.15920373119083,-1.19481962097865,-1.18775999152843,-1.11300001731554,-1.16620828265706,-1.39614357263139,-1.5228458952917,-1.37786098616823,-1.35526460457236,-1.11590482136179,-1.41089911119883,-1.38921716170691,-1.44147236063621,-0.93129495192848,-1.22150561209976,-1.73829663120947,-1.57105081550938,-1.3753457539173,-1.31036719360603,-1.52608705636208,-1.50935669405913,-1.47419748637875,-1.45230295231138,-1.26181371031069,-1.32817506063262,-1.43812880160391,-1.52131548834227,-1.4578868113835,-1.06562740674389,-1.20156559196848,-1.34439613884385,-0.732114967794844,-0.883347743814445,-1.15108424178001,-1.03930018975202,-1.15868721492837,-1.21219366275979,-1.06103427032123,-0.695770315148667,-1.34794209188337,-1.21683328052112,-1.13019124987797,-0.951698474890662,-1.1177657583839,-0.773031126147543,-1.44630973179191,-1.25760125463715,-1.13889802655524,-1.12019571872642,-0.883350524868526,-1.06046790562839,-1.23440113657186,-1.18851438201843,-0.888139006080549,-0.579715558473163,-0.915307110623504,-1.20000142527924,-1.10666659918228,-0.996163746587888,-1.02130060695234,-1.1861170822442,-1.33205245209923,-1.3091607755604,-1.28759059540358,-1.20830147853501,-0.909391556874786,-1.15204303543872,-1.3627451557196,-1.41822866432696,-1.44842423666543,-1.62883012850112,-1.5912025725853,-1.38384637672012,-1.43681909859027,-1.51419502486996,-1.89639264363119,-2.07738538085535,-1.52626099291523,-1.5890348446738,-1.67682592196242,-1.66825482918782,-1.70735848495057
2019,-1.54309525039462,-1.53033566592371,-1.28061006267673,-1.37530920829541,-1.35057666725,-1.38443073299265,-1.45864942454995,-1.25230567951261,-1.39667480716192,-1.22550441290557,-1.26947376890219,-1.35547152413858,-1.40605481019845,-1.36743234495775,-1.33966656575346,-1.08689323233241,-1.10250178976271,-1.28170207559397,-1.44157977279569,-1.4133685561834,-1.29347552549874,-1.19539117977394,-1.17641831704181,-1.153285229937,-1.30872085315719,-1.33974782946783,-1.19355578886028,-1.05039381915448,-1.03524563622033,-1.09682119891939,-1.17085344849061,-1.5379996587473,-1.22950188506181,-1.31666485084284,-1.28210745908158,-1.11318241848939,-0.988011523223334,-1.25857304040817,-1.04487748045039,-0.688771912240113,-0.847807619164705,-0.814754134845905,-0.842526071028046,-1.18527803501847,-0.862655133694054,-0.891052712815213,-0.852161144354547,-0.972519807549076,-1.09672765770869,-1.09733544693726,-0.982478537125243,-1.01436772014985,-0.98854365179225,-0.78548351516659,-0.981732071548493,-1.03823559768406,-0.99449623383066,-0.511883571221526,-0.603784596131015,-0.895862346170216,-1.11101603779553,-1.05638447957193,-0.592381786634476,-0.545025459430365,-0.690740881354172,-1.32768428794734,-1.30167625576899,-0.741890224165694,-1.29941598829876,-1.25816637715576,-1.38461756664858,-0.948513593326391,-0.993919536414422,-1.12791998186483,-1.34056703528097,-1.37865214644978,-0.955822703034733,-0.74304723817608,-0.943901242155269,-0.973518883168612,-0.742017360843328,-1.10166309116551,-1.00518954976952,-0.735331792282179,-0.66402673520493,-0.912119176161064,-0.728860491360514,-1.18963360274185,-1.21201039866517,-1.08348932461053,-0.832366917677004,-1.01151080505148,-1.0494756756509,-1.0286292030929,-0.919639845816729,-1.01858602535266,-1.05169327821722,-0.963121974320227,-1.06278406611308,-1.0060047437602,-1.12552248558356,-1.1881577781378,-1.94263417229896,-1.71909311146972,-0.854167177016635,-0.998213459392136,-0.910968165639217,-1.12530964379647,-1.69660130290017,-1.83305393378681,-0.641967068908456,-0.828555660075408,-1.33771702595874,-1.71137082891972,-1.32289618963348,-1.72178850666485,-0.65930494942289,-1.07223071305951,-1.5711790427564,-1.81175746472299,-2.19536893472886,-1.37545023101076,-2.24172875359964,-1.82999137684464,-2.41295777925089,-2.50864259593311,-2.17256391074812,-1.84360378359907,-2.16585060846096,-2.42261609216183,-2.28573256150598,-2.02635113429272,-1.85433539149245,-1.84633648692823,-1.72518839091828,-2.00854856412617,-2.03560726504927,-2.07306288435988,-1.92772065568166,-1.87100750331156,-1.02463098696384,-1.55749842807885,-1.8238547584045,-1.94903932944033,-1.98905784049424,-1.83982377331219,-1.47803228494913,-1.66799959713634,-1.78306959024581,-1.88106209661025,-1.64786190287164,-1.47570393348664,-1.4439201800665
2020,2.58380965545205,2.89371043962193,2.59294150420294,2.82211488886919,2.7651158053441,2.79990765605248,2.91223220382338,2.56044219383478,2.68733169062223,2.80934361183761,2.73617558412199,2.74488299710137,2.81252350226033,2.91117063057017,2.99821988152383,2.84759037078027,2.80820619257106,2.78830899932585,2.80873024993292,2.86743189064576,2.92956419816889,2.98045111073136,3.01042302931347,2.8193003217303,2.81803282221252,2.98466388479917,2.99495814950956,3.0414841316413,3.06090665000477,3.08350008831742,3.18945661802529,2.67679203031965,2.84492472544172,3.02949741411793,3.06189862725008,3.0608207485587,3.11543414503848,2.72927755111024,2.82912875006226,2.4576285621326,2.48903305951777,3.25707557034795,3.24898080340586,3.29472652607958,2.5383446646759,2.53774208841279,2.65232188939524,3.1986262220167,3.19543874104244,3.25551717855837,2.63185784179646,2.6104459178797,3.19613255034046,3.07829494153834,3.19605998921984,3.17910095199392,3.18690275183557,2.86193014966309,2.91235959434383,3.09333698706764,3.11585707682706,3.16551884228635,3.0154976667178,2.84709353521352,2.94796591395694,2.80929496243021,2.76807541338888,2.95516255796777,2.76873495897761,2.67634685434185,2.90138202884213,2.8317724019019,3.06712592669646,2.94852489177792,2.80722656456106,2.77334705595271,2.83731793662593,2.98091431851831,2.92128707907928,2.94481408432123,3.02671440419022,2.88589511576738,2.81474646876668,3.10980030485203,2.5318384487408,2.81757999609516,3.31497606592583,3.37558345694849,2.87930270336953,2.85906131308644,2.81959188304717,2.89401387292543,2.84913700014089,2.85399590247475,2.93792364698469,2.89787172526981,2.88826487934991,2.81117403139725,2.83309156254047,2.98226968307187,2.97730101071117,2.95900329605474,3.19947588322024,2.98229297312255,3.2091010054009,3.17658986808986,2.90282419249038,2.93137353250261,2.92279719634985,2.88432149187162,3.25538505184777,3.15719418612948,3.09113461358869,3.2192407734115,2.67011558440777,2.91063758379616,3.26545284448718,3.22971382237509,3.22206471168192,3.38232715347255,3.34113345398449,3.2423331338446,3.27729399322132,3.11888085174646,3.32006895773774,3.51618489657813,3.41243466796477,3.2918402865804,3.19559015920086,3.31392562393783,3.35829416666782,3.3348625775296,3.29899509067853,3.31043523493045,3.20879437374569,3.27585998296942,3.39135391424991,3.39156063572717,3.38800937647097,3.38378806150511,3.22707663697513,3.29442688574909,3.33538970734776,3.51010554417553,3.61432821065688,3.54126880176726,3.28443144954898,3.32987974762556,3.47905046916073,3.70829453738955,3.51447462656982,3.36110885829463,3.34925887888988
