YEAR,USA_1350000_90000,USA_1375000_115000,USA_1375000_140000,USA_1375000_265000,USA_1375000_290000,USA_1400000_90000,USA_1400000_115000,USA_1400000_140000,USA_1400000_165000,USA_1400000_190000,USA_1400000_215000,USA_1400000_240000,USA_1400000_265000,USA_1400000_290000,USA_1400000_315000,USA_1425000_115000,USA_1425000_140000,USA_1425000_165000,USA_1425000_190000,USA_1425000_215000,USA_1425000_240000,USA_1425000_265000,USA_1425000_290000,USA_1425000_315000,USA_1425000_365000,USA_1450000_90000,USA_1450000_115000,USA_1450000_140000,USA_1450000_165000,USA_1450000_190000,USA_1450000_215000,USA_1450000_240000,USA_1450000_265000,USA_1450000_290000,USA_1450000_315000,USA_1475000_140000,USA_1475000_165000,USA_1475000_190000,USA_1475000_215000,USA_1475000_240000,USA_1475000_265000,USA_1475000_290000,USA_1475000_315000,USA_1475000_340000,USA_1500000_140000,USA_1500000_165000,USA_1500000_190000,USA_1500000_215000,USA_1500000_240000,USA_1500000_265000,USA_1500000_290000,USA_1525000_190000,USA_1525000_215000,USA_1525000_240000,USA_1525000_265000,USA_1525000_315000,USA_1525000_340000,USA_1550000_190000,USA_1550000_215000,USA_1550000_240000,USA_1550000_265000,USA_1550000_290000,USA_1550000_315000,USA_1550000_340000,USA_1575000_215000,USA_1575000_240000,USA_1575000_265000,USA_1575000_290000,USA_1575000_315000,USA_1575000_340000,USA_1575000_390000,USA_1600000_240000,USA_1600000_265000,USA_1600000_290000,USA_1600000_315000,USA_1600000_340000,USA_1600000_365000,USA_1625000_115000,USA_1625000_265000,USA_1625000_290000,USA_1625000_315000,USA_1625000_340000,USA_1625000_365000,USA_1625000_415000,USA_1650000_115000,USA_1650000_140000,USA_1650000_240000,USA_1650000_265000,USA_1650000_290000,USA_1650000_315000,USA_1650000_340000,USA_1650000_365000,USA_1675000_115000,USA_1675000_140000,USA_1675000_165000,USA_1675000_240000,USA_1675000_265000,USA_1675000_290000,USA_1675000_315000,USA_1675000_340000,USA_1675000_365000,USA_1675000_390000,USA_1675000_415000,USA_1700000_90000,USA_1700000_115000,USA_1700000_140000,USA_1700000_165000,USA_1700000_190000,USA_1700000_215000,USA_1700000_240000,USA_1700000_265000,USA_1700000_290000,USA_1700000_315000,USA_1700000_340000,USA_1700000_365000,USA_1700000_415000,USA_1725000_90000,USA_1725000_115000,USA_1725000_140000,USA_1725000_165000,USA_1725000_190000,USA_1725000_215000,USA_1725000_240000,USA_1725000_265000,USA_1725000_315000,USA_1725000_340000,USA_1725000_365000,USA_1750000_165000,USA_1750000_190000,USA_1750000_215000,USA_1750000_240000,USA_1750000_440000,USA_1775000_390000,USA_1775000_415000,USA_1775000_440000,USA_1775000_465000,USA_1800000_365000,USA_1800000_390000,USA_1800000_415000,USA_1800000_440000,USA_1800000_465000,USA_1800000_490000,USA_1800000_515000,USA_1825000_315000,USA_1825000_340000,USA_1825000_390000,USA_1825000_415000,USA_1825000_440000,USA_1825000_465000,USA_1825000_490000,USA_1825000_515000,USA_1825000_540000,USA_1850000_390000,USA_1850000_415000,USA_1850000_440000,USA_1850000_465000,USA_1850000_490000,USA_1850000_515000,USA_1850000_615000,USA_1875000_390000,USA_1875000_415000,USA_1875000_440000,USA_1875000_465000,USA_1875000_490000,USA_1875000_515000,USA_1875000_615000,USA_1875000_690000,USA_1900000_415000,USA_1900000_440000,USA_1900000_465000,USA_1900000_490000,USA_1900000_515000,USA_1900000_540000,USA_1900000_565000,USA_1900000_590000,USA_1900000_690000,USA_1925000_440000,USA_1925000_465000,USA_1925000_490000,USA_1925000_515000,USA_1925000_565000,USA_1925000_590000,USA_1950000_465000,USA_1950000_490000,USA_1950000_515000,USA_1975000_440000,USA_1975000_465000,USA_1975000_490000,USA_2e+06_465000,USA_2e+06_490000,USA_2e+06_515000
1998,-2.4470291724758,-2.32488801827172,-2.53108287254566,-1.67389908113381,-1.49071976806674,-1.72803770054209,-2.05003479063907,-2.21016274861832,-2.47922881770643,-2.42108504739826,-2.13109933985658,-1.8047003265959,-1.50880002748824,-1.45133708495255,-1.4321045857033,-1.68538306351539,-1.92457061580228,-2.1748495728127,-2.05242275808723,-1.90388811067792,-1.59194168852099,-1.41932319238367,-1.31984132847362,-1.33581302553741,-1.15209142638199,-1.34581845359126,-1.46592684021417,-1.59949303318526,-1.69906910421447,-1.64280888660497,-1.4949212550173,-1.4061859224046,-1.17680671822601,-1.20687800512737,-1.21067966639139,-1.13346809574386,-1.11120597976847,-1.1405516010329,-1.10000980116841,-1.14621523601965,-1.05397522140198,-0.85694570085097,-1.00378238258998,-1.06533592839387,-0.77524038982777,-0.693189995659677,-0.726775684809167,-0.736134577797091,-0.673006195298727,-0.529098648080703,-0.633891705967141,-0.471152351539849,-0.716470246172715,-0.556783574310668,-0.520067006245797,-0.856589751730976,-0.864022118538685,-0.432027662926739,-0.456063805442246,-0.552767734493176,-0.49836015641641,-0.53351897579414,-0.624616372438295,-0.948654246254353,-0.451999621178521,-0.43846698447263,-0.509164994918253,-0.517905411092799,-0.418697661027294,-0.808190223449573,-1.21719644448047,-0.47921372004372,-0.45832089612425,-0.653786397921172,-0.795674482470309,-1.03540736026216,-1.20910454843023,-1.09683620286659,-0.589107363393632,-0.786069250444074,-0.947330473576772,-1.15704893883768,-1.34338768119249,-1.63452601220203,-1.40620522569184,-1.29202488865786,-0.789336052024393,-0.83259595295659,-1.00691128945683,-1.15317862256013,-1.25303675417829,-1.45727376372264,-1.51525812817409,-1.60656559811678,-1.504756900811,-0.910410570825015,-1.1606580942857,-1.23160977532581,-1.42402075047892,-1.45906775161925,-1.63686890163394,-1.84390360749721,-2.19689078436142,-1.50320797693329,-1.44662722030973,-1.67280562512656,-1.5868275565553,-1.41208861677036,-1.20889363710059,-1.12916828488968,-1.26954277293875,-1.40202913848988,-1.52925862448303,-1.61888987102781,-1.72747974781678,-1.96782807071953,-1.45886912217133,-1.38344017189338,-1.35183554046598,-1.31088535690797,-1.29415447227304,-1.21560199421852,-1.21147138990442,-1.27378140980816,-1.44612673469393,-1.52953907825128,-1.6629858387045,-1.13467349212299,-1.14615621175221,-1.12459529698552,-1.14625998551287,-2.12847442179021,-1.55319962045298,-1.81356369504348,-2.03345547649719,-2.30782892853616,-1.21766624728891,-1.34415569524077,-1.46524122650107,-1.65688457700073,-1.96609766926189,-2.24596576855351,-2.62060208584634,-0.879571256945628,-0.85290802623431,-1.28543272843,-1.48291419295271,-1.72478069690558,-1.88482983547888,-2.03283147140835,-2.27498593300355,-2.52226314498243,-1.08658613803485,-1.30667121501602,-1.5442197847309,-1.66378232809574,-1.65675930330237,-1.75813356410049,-2.43287553681267,-0.902163001117985,-1.10655713726728,-1.32255119334413,-1.44580648201301,-1.42688708809223,-1.5094810393581,-2.46133273781494,-2.24592748092628,-0.993021573656233,-1.07187036172613,-1.18496425224633,-1.29111154852775,-1.35178507831907,-1.59457053225613,-1.78153409256539,-1.99988852442131,-1.94692474021846,-1.11903810570579,-1.16124779138221,-1.22197075202899,-1.2598690023924,-1.44094973879648,-1.6944783038879,-1.05237380486535,-1.14047436727812,-1.2100831543963,-1.04114511660397,-1.0261763558482,-1.0834134988711,-0.983431412151438,-1.08113711047017,-1.20592453114289
1999,0.164075661690934,-0.00054431045029979,0.124729781954068,0.0418452960401019,-0.0560593242170659,0.00993229424297093,0.0223834295369378,0.224685514601963,0.357754728784542,0.0538461959466673,-0.231446680167089,-0.237819181001437,-0.18887913935175,-0.0897846689721337,-0.0952212271253735,0.0986908975766292,0.2028007104574,0.234123561718946,-0.0280114116962633,-0.178896838147283,-0.262665393486889,-0.269115459238722,-0.233219467605213,-0.153806985431664,-0.239908301212763,-0.0102150906090737,0.0254426212749666,0.0632884381271963,-0.0189169644134433,-0.142415410280591,-0.267015027607941,-0.305221568329363,-0.393036838381787,-0.278591867049421,-0.216314267488294,-0.141371269600689,-0.299629575193128,-0.354486833103184,-0.328398053323816,-0.281895313648208,-0.339668189119496,-0.473690268886892,-0.326956372546424,-0.273039152894144,-0.237235334483877,-0.397003294590729,-0.407068123788026,-0.372149328637652,-0.361115741850494,-0.470335476568619,-0.504531814175952,-0.328378189041054,-0.143160620577941,-0.266857733011475,-0.4327271312672,-0.33275398442753,-0.404744373903737,-0.176870480408266,-0.203441063516802,-0.136968805942994,-0.382642367249987,-0.540270385670513,-0.549049052305188,-0.353178384519597,-0.0211230126535447,-0.19386638932879,-0.330928518183189,-0.478249785923845,-0.642160919599091,-0.469956365667833,-0.37406186755545,-0.038183783757978,-0.259948207250657,-0.217829260509499,-0.298731751458428,-0.224554633717245,-0.19646495409415,0.691402678517792,0.0104914741388408,0.0668578577477618,-0.062339738309376,-0.0650709818252966,-0.0136421146900814,0.205159608063615,0.81498325682712,1.22781165061054,0.409474974998625,0.305403032146552,0.280341002840392,0.123585804252141,0.0592328689802044,0.126557576498859,0.619357982081252,0.92485201445879,1.21768325202895,0.404102314820803,0.497833108670654,0.409689933158301,0.245998050666152,0.224847098691913,0.277379965068187,0.349876330985307,0.809541907561023,0.182863580548833,0.197297839655567,0.489048049857994,0.784901374230899,0.843046304569214,0.782247680017016,0.584818038774534,0.603915569964407,0.670316991222944,0.573102514056071,0.554532320846315,0.508927394183106,0.495413990163101,-0.0657014522839013,-0.0466963099212517,0.117265240465031,0.29082465733121,0.374880490167194,0.452398735268071,0.502564328554091,0.436030547287888,0.654901530048879,0.682595516367301,0.698297199854578,-0.0533122247183458,-0.00413962786695071,0.126036205377144,0.310175777892702,0.602433132998072,0.405913544407464,0.396255955552617,0.460358690311938,0.67293665856937,0.0840480445031924,0.096733035160632,0.10034665785439,0.217363775542752,0.425003202753,0.626089597929129,0.820896719183416,-0.333067213977303,-0.333440590381877,0.0223207486238657,0.0834885639131298,0.208557017240352,0.348293115244127,0.45153066350602,0.491564557142762,0.574131483147638,-0.0905845811301147,0.046774182509963,0.170090396490359,0.230455707551937,0.232378466706885,0.143905908948357,0.453059641866062,-0.288015108101594,-0.0760907398701861,0.0962173532837641,0.14880233369096,0.0488435159684784,0.141275491273471,0.451402719229225,0.325367385383278,-0.229977353623012,-0.0768306000019325,-0.0661115776241304,-0.0159754210805419,0.0751897310348485,0.115045491407772,0.0831425234830892,0.178474064811465,0.161978489772174,-0.198050488555157,-0.198724355983944,-0.166480101732122,-0.111171810858607,-0.080343793571273,0.0208574533931736,-0.530325600550379,-0.414224231727926,-0.269583605510891,-0.538191079618732,-0.56427806484118,-0.509287532685304,-0.498646230734353,-0.39230760688765,-0.22425058557041
2000,2.05244830269866,1.86531891722711,1.83954284621787,1.10585345568863,1.12902251885804,1.69948276445331,1.6722233879693,1.42314950844089,1.26358138473855,1.37169037279686,1.35869752522527,1.17825643974608,1.08748542450225,1.11714377719652,1.17694358055602,1.40509179188395,1.26436301278309,1.16601631392913,1.20199986783269,1.17399198290401,1.07148584254953,1.08580589473485,1.12382931575495,1.18325592772966,1.45089444351684,1.26236462994382,1.23155612294229,1.11561440242086,1.07754274481691,1.07844879606519,1.01980616276767,0.980784324106454,1.01837708697474,1.12001359048483,1.22700310707398,1.09665726878735,1.00933758717151,0.981395243228607,0.887648789674263,0.90982259246939,0.973110595862933,1.06283105775404,1.30350046879791,1.44894150704534,1.1091260301729,0.93330061441741,0.853005006785438,0.820946640834529,0.734216441879766,0.790687579126574,1.03842215127964,0.683964051787231,0.655924326382107,0.666763484626817,0.788554511692237,1.41207721824566,1.7229528438844,0.653499910913634,0.601635794780556,0.536357154446963,0.710517130846517,0.960417385189882,1.36454421370916,1.60173745501651,0.50306613210592,0.559115322729503,0.644398894268324,0.794099284552644,1.20100603730565,1.53318103667981,2.29331516371672,0.605084338238626,0.69407854318977,0.586487991725549,0.863314348045709,1.27500882057467,1.68800812032632,0.497356152432802,0.695581125332231,0.668615708828815,0.844109950033146,1.16281847678979,1.52395402937287,1.89788714783352,0.466880119543108,0.284618191161101,0.584270999870929,0.580246587136995,0.587601211105507,0.786853946907673,1.07392812918998,1.3838538333223,0.638651226080461,0.51356694712166,0.394828970157837,0.590906462832307,0.585891795495256,0.727534838606541,0.943033191157501,1.05869227913147,1.27478547130427,1.38964286946809,1.32650801513839,0.903454685689571,0.814211829014561,0.775883739119946,0.671182009146035,0.490438212576885,0.507814348700556,0.660981877957673,0.735492202800088,0.687709465850369,0.731640011296587,0.995649168676809,1.00422969044447,1.15054399166785,1.00945834694529,0.977737727591995,0.898963547348481,0.755988795586235,0.645200452052019,0.651000085426846,0.764708381371219,0.873541383325798,0.470314739351782,0.561146489407197,0.600989315170804,0.883023069810283,0.81500342406026,0.776927124366681,0.822413242538038,0.72360750700911,0.487305824993136,0.600524106404936,0.676111821844169,0.818911715762353,0.606107210351964,0.605330878194902,0.731184838064032,0.796551294941552,0.733514062264493,0.980548248183176,1.27189665173704,0.77705375703743,0.715689604668991,0.744868362236408,0.833697654559973,0.891516014972507,0.922567200161452,1.1373442479713,1.46055092486624,1.62125734024344,0.84932097086798,0.915765085313861,0.959920311539462,1.01688637390176,1.14154692110626,1.44524176804783,1.77335931193819,1.05716941581517,1.08195173871793,1.03764381078891,1.07030659305591,1.15994590688961,1.27283803222595,1.86444024973057,1.93379989029734,1.22423948586729,1.12600624848223,1.15456660281916,1.19728950114757,1.26455331439913,1.6230918366219,1.94437031504529,2.03016263996272,1.83966537764148,1.22830336497717,1.25052699346565,1.28592276248126,1.30352522492486,1.82985366093347,1.9596372667974,1.51695996379423,1.47948617293576,1.40218575890661,1.36120453811083,1.3747908012775,1.49832249975349,1.20624127292237,1.26039227541878,1.30779966330785
2001,-3.34005112488344,-3.21326261416892,-3.28833322281085,-2.58631502225496,-2.51835250281109,-3.19704451320965,-3.29352330717875,-3.28500785639451,-3.24367819053676,-3.05941227138012,-2.80659455295989,-2.62680528441938,-2.52218889943438,-2.50712562214586,-2.47342259377354,-3.31032186997884,-3.35383616909238,-3.28247205692492,-3.04211358761447,-2.86621448957702,-2.62549565983488,-2.51302383096111,-2.45396755157412,-2.45349157171244,-2.64869306764623,-3.10781749022066,-3.27748702053225,-3.40965515630452,-3.27007046756403,-3.14314031637805,-2.85244154752472,-2.6825936927718,-2.52413017899368,-2.54285099032807,-2.5856227863965,-3.41434793935252,-3.13403195426407,-3.04993980113008,-2.89300622653645,-2.80597439083191,-2.68730913240969,-2.54216058865299,-2.75283245176686,-2.86016529058427,-3.30044415359098,-3.06472368148998,-3.0191468739324,-2.98916222995521,-2.83578396648552,-2.66587344701964,-2.66004078880886,-2.88018741670861,-2.84321930543299,-2.86464520655547,-2.76534786311838,-3.08612171862498,-3.210035083609,-2.71498999175337,-2.61637810419666,-2.5704544283819,-2.62364453062672,-2.71536501617702,-2.99548134087968,-3.21623178340515,-2.41832915211553,-2.55590331305482,-2.56508639544365,-2.53379282642893,-2.76293312602858,-3.11081941616971,-3.9181934868093,-2.61221031092689,-2.60927442948059,-2.52000374668275,-2.68192920872851,-3.0812951172346,-3.44393855812066,-2.69531448865899,-2.74540447429855,-2.64071032042976,-2.80281986862294,-3.16791187793485,-3.46821786050551,-4.21232992062623,-2.82646942323773,-3.02777984422916,-3.11375484994332,-2.92722176907196,-2.7841315863419,-2.91271983615675,-3.22141620309793,-3.58856462558821,-3.16741923832713,-3.28219167576331,-3.38460224224203,-3.36794959017957,-3.27367363875738,-3.28522852689069,-3.34244762548599,-3.46481973689924,-3.71561035387399,-3.9572792763652,-4.45681911848824,-3.30039255400022,-3.39914219350622,-3.40407466271608,-3.3838948320903,-3.4635113918697,-3.58328012527981,-3.63474849918134,-3.73573329615298,-3.77020475558183,-3.69800123453184,-3.88374220569896,-3.76646526692707,-4.02467741058809,-3.31626142832234,-3.44563181049524,-3.37940341800446,-3.34205499250343,-3.52082851041586,-3.63954168820428,-3.76667386714555,-3.84358209118351,-3.72124817197768,-3.77265305334506,-3.73882256839378,-3.39729873378803,-3.5365103688093,-3.62309653975646,-3.72854784069741,-3.51240655544376,-3.55784162946725,-3.5323682131183,-3.45206809767716,-3.38412248119893,-3.38053828712744,-3.51686287085686,-3.52607750265456,-3.46716147368461,-3.3239311720075,-3.41444812035743,-3.66996395065034,-3.14559629870651,-2.99870586896158,-3.38784931365381,-3.55259692796695,-3.69227936215342,-3.59035582865691,-3.58332728957885,-3.85531286826129,-3.98088550434966,-3.22141698854802,-3.53377274519865,-3.77074534531401,-3.75608945276761,-3.67069919806045,-3.83212615415632,-4.06965413303256,-3.24640336750288,-3.48650161437469,-3.70523266396652,-3.75189132971643,-3.66938609244764,-3.76053968427975,-4.35646036763372,-4.41088924062932,-3.34188064144219,-3.48203604202713,-3.57838661507806,-3.66984550683043,-3.75599100000026,-3.96613257006156,-4.21647312411456,-4.36734938624759,-4.42773473248761,-3.30292284336756,-3.47164719467205,-3.58750498044425,-3.66842034858636,-4.07357551134507,-4.21415169081581,-3.37269216104225,-3.49470559402664,-3.54175319497869,-2.89789338938658,-3.12853005004303,-3.35427508780937,-2.92738368349193,-3.00165287402993,-3.18243055234042
2002,2.89902721830437,3.10786516345409,3.01490814340846,3.01571026039534,3.12531720430952,3.35707351039585,3.32246080618208,3.29918948007154,3.25211639489066,3.03832612197598,2.89065275258719,2.84732386346327,2.93193297387567,3.02060108693163,2.99313668686752,3.58266895523542,3.54126363439318,3.45185447022726,3.19352520894943,3.04908579678493,2.92331054008283,2.9197869975869,2.9125651108638,2.91576890355676,2.79903190562663,3.52628133214647,3.67429305873813,3.73519308013654,3.63018536856711,3.44504985645467,3.20462245992132,3.11664816110429,2.98760630063389,2.98924856590307,2.98317421499056,3.79733907113867,3.68832616824284,3.55642046374616,3.34646754001527,3.33410639702842,3.22070269195253,3.00610237022289,3.10622423877163,3.08888083980048,3.69668878153192,3.71456994859449,3.62215504050422,3.4756719225919,3.37389068756795,3.20563346888456,3.16726701602077,3.59730185947993,3.57008128719296,3.45875821498857,3.38385669620014,3.50264631773391,3.42546005547314,3.4999799007109,3.37727094172237,3.43541001140815,3.39577752108772,3.45091145028267,3.60097978843337,3.61388163280238,3.2103799449502,3.28014326555775,3.30296062594694,3.35288340458045,3.44421687363316,3.667453802322,3.91117682496456,3.12090632681367,3.1153585302507,3.44061961994102,3.58181362283951,3.76092149034795,3.88966960586845,2.93537608386923,3.00573655596738,3.18993555833938,3.53042149566234,3.92049939886588,3.98468435575067,4.3167947128724,3.00861502365887,3.04735048793152,3.02762862210804,3.04002028210411,3.15935287288196,3.42239850060228,3.90608336131908,4.20201423413276,3.24564152819935,3.24468135770943,3.19994340291364,3.20658092407614,3.30245822951575,3.55509640524922,3.62255908127763,3.89562324278786,4.17445570089778,4.18456149002956,4.62662701366432,3.51561460438809,3.48892715883897,3.38987662209672,3.34737691884806,3.38982442502846,3.43374781258119,3.48802224038039,3.60331450912559,3.79591241673564,3.94006947929618,4.18076487223438,4.11103137642582,4.29481580426277,3.59015474145156,3.59941909451198,3.41250699360791,3.43435439578034,3.72714902689464,3.78259541676888,3.75896790368504,3.75354934462119,4.01991735695243,4.05729285871257,4.10820595320658,3.59499696701791,3.86433027951301,3.95857353670588,3.85523356430255,3.86099275151496,4.01805247350243,3.97831111384726,3.80040621667284,3.78277848634365,3.79986013893581,4.02320911909764,4.05771819041848,3.95281712959616,3.8867091578435,3.86507512536366,3.85361165872229,3.58367738811309,3.50909151666717,3.86893915730614,4.00690405943941,4.09290119163006,4.02260949301692,3.95089789361223,4.01100505095603,3.99538749833994,3.57858869014118,3.84627017984224,4.04707745538296,4.10683623113247,4.03301616671281,4.0437876743799,3.91617680052321,3.36298800716456,3.65367731381932,3.94492214535754,4.10600090136416,4.1552784323767,4.09323156891048,3.8821713770663,3.75013791490416,3.50861487832991,3.69563725993967,3.84172418733037,4.03126277413474,4.10975571314782,4.11037602701934,4.11883561567593,3.99334524372728,3.97907038685201,3.54233555856208,3.62469815483339,3.84056616186627,4.04494661529276,4.09544985205643,4.03767668191728,3.55888941463412,3.7627445096884,3.87806868071167,3.33451427825397,3.65492162159356,3.71245345146446,3.65442843156427,3.64134639383725,3.67284126888727
2003,0.2448592905352,-0.138903582170773,-0.263336631976986,-0.578555008132532,-0.674648262377835,-0.157015800122595,-0.204835292102996,-0.277695258240215,-0.265609761837832,-0.128389702616189,-0.032697729905812,-0.071182158322326,-0.230060263231687,-0.437729465162713,-0.550544433117812,-0.283816540133524,-0.345805146356189,-0.232361740789176,-0.0395278509676539,0.0336230608192769,0.0293768410460871,-0.078336832258495,-0.237642596044349,-0.482600866675745,-0.715213984913624,-0.0534089365168469,-0.166982086448996,-0.251563960752482,-0.265807548308822,-0.137227894279284,-0.00189520194684759,0.0619284574113357,-0.0368799869216944,-0.295852318771476,-0.554864080558375,-0.256397433447116,-0.305471176337298,-0.235856423749351,-0.035459474783903,-0.132734451536735,-0.210433771316882,-0.304406157849494,-0.642057588949416,-0.874625574824029,-0.334490614694843,-0.354158478791871,-0.232463531509402,-0.0769066039991727,-0.15117313512145,-0.272139159586553,-0.394243943433855,-0.363478569889453,-0.372290933458333,-0.2933618154448,-0.426768203589735,-0.907264638680106,-1.16886762358269,-0.548389901630415,-0.448440271715372,-0.534321310597036,-0.584522241850394,-0.805711795785401,-1.12796119344239,-1.2494591118401,-0.675906041129144,-0.525668502961556,-0.545796738511682,-0.870688695708494,-1.17605068515557,-1.37952820470008,-1.40330757094246,-0.524549089220539,-0.484549975107995,-0.775804008088009,-1.06869069995806,-1.20490469693111,-1.22509871727314,-0.0499182746535106,-0.358182265306495,-0.503268451108898,-0.862651939267037,-1.04101124455971,-1.06525820812633,-0.911542936006365,-0.204817311095758,-0.284569075023479,-0.208015797171107,-0.233378845743863,-0.37194543705165,-0.630443712054671,-0.903146592716529,-0.940997798534023,-0.422711045743972,-0.407014526309397,-0.381027821204345,-0.156754910999849,-0.339883234991446,-0.479495256380574,-0.579834183482179,-0.755626155596553,-0.801088146086114,-0.643557143952051,-0.4175643365116,-0.675902071443894,-0.736902420751565,-0.572908297386238,-0.505209901631299,-0.393170241155819,-0.366898739913798,-0.45008849118536,-0.596523660156293,-0.6729391788319,-0.67358722309544,-0.628231372801417,-0.761443995498195,-0.632217493641894,-0.589273614640585,-0.726406744380065,-0.56106208104252,-0.549035511213654,-0.621236853193022,-0.633415896540129,-0.713649676061815,-0.820441424127345,-0.86555949396398,-0.798740245155228,-0.827976040760396,-0.617823480350342,-0.768968617894638,-0.794161877642592,-0.884262769769526,-0.858722043726577,-0.999970701285635,-1.00318452729781,-0.929738239303054,-1.00096400317331,-1.09411734292028,-1.21550014708141,-1.28924262250643,-1.19913276061949,-1.09161549433365,-1.07976117913214,-1.01357711982334,-1.08529491095157,-0.985944229748372,-1.31756235373067,-1.44083311743221,-1.47253498237603,-1.41250468654691,-1.32347766693462,-1.23233193426037,-0.919274233255454,-1.25762597910731,-1.47008002355336,-1.54335373272248,-1.59158405868771,-1.4622175049718,-1.2464498831324,-0.604609823547864,-1.10674665670865,-1.37027764802386,-1.41883679562118,-1.48959012895606,-1.52236303945931,-1.31708600455977,-0.665575547913164,-0.397798991779949,-1.29636433660859,-1.21946161506985,-1.17564880742488,-1.23058027922685,-1.21612551619333,-1.26483352282602,-1.21672315358467,-1.04910058396447,-0.884692520806657,-1.22931523222478,-1.0468832385513,-1.10879464822982,-1.21124604509462,-1.25362377387387,-1.16305359299011,-1.20411546225273,-1.24041892672016,-1.26627695939352,-1.43102733947083,-1.38071654867705,-1.29859406075331,-1.4736269298466,-1.4154540869748,-1.36037476293621
2004,-0.700178562546104,-0.552367096733071,-0.331316831466215,0.268247584363124,0.402269223181797,-0.652755141295569,-0.476161993777029,-0.209850251778048,-0.00116520121933476,-0.011574947995774,0.0589879491497886,0.15980243031916,0.284024692402022,0.315046639962407,0.408397150875604,-0.392200389704006,-0.175675852957657,-0.101131759200578,-0.132571930799839,-0.0859825565337401,0.0303129223095789,0.164695416350234,0.315986414918003,0.517129086157204,0.837810183622734,-0.706625376621278,-0.495912937547915,-0.236252592351382,-0.149783978468184,-0.141930041965794,-0.12975406595838,-0.0563675774585126,0.158902186243658,0.381863167237267,0.648517401310957,-0.1989284485616,-0.0880197093645716,-0.0872212769674692,-0.0910710705824261,0.00202594164052206,0.21324688538694,0.404061454324426,0.755311037160355,1.03032875117335,-0.124397383214207,-0.042927144481391,-0.114072914039149,-0.0832341835661654,0.106868434466602,0.288181934644259,0.393926314872533,-0.0258929749993937,-0.0707645977044403,0.136133338926732,0.355154352542053,0.864506586703449,1.08474454833815,0.0877560948772411,0.147664589047869,0.128435341675353,0.390552943154536,0.645294074243923,0.825002660733059,0.990795483837756,0.44289506566194,0.393278430198716,0.466141728995482,0.58779888522053,0.801433974124095,0.939728513353121,0.935706656375458,0.52592017217028,0.453079223283878,0.280903034694825,0.44553222151677,0.572378721409194,0.647254099253717,-0.362458147618679,0.390025122394913,0.287178215000551,0.342833685154298,0.258170854797019,0.431663202448533,0.539361591900962,-0.250502725620238,0.10438018844438,0.394524906311219,0.27411749813845,0.199410195870612,0.196734203912354,0.134031234212682,0.109236120619188,-0.216962706372155,0.0607562519296904,0.334809662100906,0.294058031281469,0.257974002651233,0.175513792885379,0.193710444693964,0.0423850171758496,-0.00894013077130568,0.0562981444209683,0.0425497786043698,-0.35460615831841,-0.0471202807597644,0.0901651149921583,0.174682896311561,0.326858534261172,0.376830523813038,0.428335042809272,0.492646117526295,0.417096409703141,0.313846234415955,0.0656330922271761,0.0448587372625823,-0.0311499969939629,-0.451101410463826,-0.109605592566737,-0.0614715112711768,0.0316804943247828,0.17339714370838,0.287679390083235,0.408501903464833,0.594970922661574,0.465839901775757,0.295812253923957,0.15988970980228,-0.052148039352005,0.0689195406632638,0.192679151940265,0.361568709915726,0.311916959823565,0.43514674047795,0.415905527339622,0.405635336167038,0.317977433656895,0.627518318550113,0.618373326339392,0.601998217264246,0.501210399532471,0.231406817905337,0.187814340974488,0.264872223510949,0.685461407983023,0.67794118337285,0.823185051171969,0.842407167535675,0.904234701243479,0.804893114106757,0.591919708886446,0.584691956863776,0.426874080555758,0.996661652183188,1.15702792279861,1.17245397725091,1.13401253312295,0.955981854034281,0.794740916186423,0.760586486314172,0.991113415342954,1.1419598521095,1.06414393025998,1.03270650442364,0.939353479291536,0.92631060915251,1.01537191237084,0.32875206679241,0.912875151499237,0.737548331408939,0.58597423858968,0.628361892598786,0.781932509504078,1.04061848873009,1.24865236454301,1.28531361574665,0.617881797062307,0.608476993717643,0.259702013647735,0.343409541662542,0.625292505170034,1.04586397573137,1.14951301385577,0.262563835816422,0.457758895287709,0.605719291721652,0.471107103711647,0.314899743848515,0.383246761463399,0.407380983670144,0.403095189067027,0.496084702170701
2005,-0.000474312532118271,-0.151066352644682,-0.256720506534322,-0.43152119538211,-0.708534670310636,-0.0853243153272165,-0.191448330063496,-0.416561406011704,-0.791143969120691,-0.564761481575185,-0.527089620993973,-0.523717919963854,-0.606334530637515,-0.63616796792514,-0.68875763403391,-0.239714156813779,-0.359639382311499,-0.56725706899563,-0.464585593246042,-0.460421355547882,-0.477815845291217,-0.537806686105777,-0.598432353066518,-0.623869185247553,-0.681164539916948,-0.131832891627225,-0.253612286994265,-0.315790677996745,-0.370342307483566,-0.392845466457524,-0.344612100990693,-0.423428878985995,-0.489705668129053,-0.485889170547108,-0.516738158597455,-0.277526572394469,-0.372678573646588,-0.294013856907794,-0.273477736722261,-0.30922080911086,-0.370781734922048,-0.401651658849088,-0.451655759048342,-0.548218143672314,-0.171532446339723,-0.343152734722306,-0.186866183815825,-0.152527805733657,-0.260599511207833,-0.301663694619118,-0.289836157276401,-0.179447042951687,-0.0330050628901438,-0.224717513688248,-0.31653268948061,-0.418381165314647,-0.416718352754682,-0.197502147866219,-0.21417683777644,-0.125666965398751,-0.313449292641719,-0.51719332594366,-0.485121184125052,-0.434613218027949,-0.354143924411086,-0.339915383145515,-0.446170397283861,-0.48551115489576,-0.479544432109838,-0.509147175306542,-0.381766684936686,-0.436397258443666,-0.412641963108577,-0.249326521412682,-0.226454842573917,-0.205721415753764,-0.271848205823201,-0.118855842539936,-0.314876630287322,-0.104451043818173,-0.0733632308655446,-0.0154730594691962,-0.202910516939746,-0.404188219990708,-0.120257501943239,-0.257888386645408,-0.572123381239317,-0.341486997645667,-0.0470570821491694,0.0420074256847286,0.0381215649642387,0.0675176136473495,0.026122343376908,-0.169020466389474,-0.472248771259825,-0.765416480735411,-0.495573585690731,-0.0983299123679512,0.0223359744658156,0.127318091020277,0.199633573611541,0.105579947608248,0.143226573111415,0.217992252099909,0.105404985142732,-0.0814901455414173,-0.363848070632435,-0.478276999078247,-0.625017819057704,-0.702481855692642,-0.594923952659716,-0.399116509446107,-0.239784356408265,0.085541588076779,0.155401048457101,0.189289095109416,0.24232074349961,0.160518376525328,0.0731434654036335,-0.0609255508608775,-0.201084178786124,-0.319302949513107,-0.444078373854055,-0.546199520924295,-0.231822896516447,-0.00179042784222083,0.204232055103922,0.106343400247249,0.0159113612690099,-0.0634164842454613,-0.212474278651071,0.392034391496309,0.0685272860021703,0.252200427295009,0.473844931243358,0.658461821609531,-0.182223737282899,-0.106474513336997,0.123663453783558,0.513398282126093,0.840566115549271,0.904140601991573,0.994290556384238,-0.233131997456072,-0.17608553382144,-0.10645600037084,0.022992947000559,0.397492386805262,0.646205384887873,0.986927995943771,1.13763453459298,0.905175056138136,0.00388493645824206,0.0941487401183332,0.375420562728664,0.651748122931318,0.858143549455164,0.955120359620656,0.536680240879052,0.305458472718078,0.433579016598603,0.546674853403493,0.660161101794262,0.849076058754837,0.748366918599089,0.663066607148021,1.90749681703699,0.665800715056025,0.845584324066176,0.936554148191711,0.951738253727427,0.771574020381641,0.42443051557764,0.270894834356571,0.389490447548932,2.28614252933053,0.998307144358944,1.24083798087854,1.14532902996487,0.874673507315077,0.394171050581042,0.41330810577547,1.26497106356132,1.06004912062208,0.857890232732873,0.513831769833659,0.922044165710802,1.00835593028604,0.615696447558191,0.638165596759516,0.662537635897829
2006,-1.33597903300397,-0.986942048537221,-0.966520629999595,-0.688045234028517,-0.457072312161197,-1.13717188502242,-1.10150030801134,-0.977952598886091,-0.778652346723633,-0.8538934602472,-0.861414968977114,-0.858116460261297,-0.805392450539457,-0.678221940537259,-0.559847687373821,-1.24879983085907,-1.21664227912553,-1.06826491014016,-1.08470277041409,-1.11924414682227,-1.10527291679875,-0.989936350855847,-0.888606965976233,-0.784529654750944,-0.648505471930163,-1.29050917108199,-1.36858449773942,-1.41014477627592,-1.30583516973543,-1.24826544423856,-1.241124821679,-1.20060211926098,-1.05454646496229,-1.0353400388693,-0.983975388221867,-1.60172967202308,-1.39871441940704,-1.36482348627718,-1.2806086060989,-1.29367176686231,-1.19862081705536,-1.05015238347763,-1.0845299529887,-1.02836390619765,-1.58526579314178,-1.42451775837434,-1.45771646039471,-1.35591347548148,-1.22923258061668,-1.0154704247952,-1.07952581387796,-1.40989810347281,-1.59209186859894,-1.27428971352316,-1.10903677519741,-1.19896430121235,-1.15215129050957,-1.45713603179029,-1.40002706482488,-1.46200869006089,-1.30749745780563,-0.995874930571869,-0.990616606850454,-1.1466351082855,-1.44650919864861,-1.4700124250271,-1.3516770310336,-1.06320019365194,-0.937589978053031,-1.02054939363131,-1.2363372361872,-1.57558087747285,-1.44276607648837,-1.24975281696968,-1.06235764033368,-1.05185546225799,-1.10381283512038,-1.43538021933549,-1.52493700455445,-1.52803436304924,-1.29431148091733,-1.09272593053384,-1.12754190533291,-1.31620727854886,-1.18229172381592,-1.26052691263255,-1.09730001861294,-1.30410436456589,-1.40765240063877,-1.32785973953861,-1.23540827400515,-1.24338721980694,-1.09687071014078,-0.993195080946467,-0.770397180193479,-0.808289002524719,-0.988820035210149,-1.17203718892014,-1.18680971808839,-1.3921860214629,-1.40611951166941,-1.43123389354258,-1.75536404561509,-1.19977564350447,-1.01313118467981,-0.870112788452788,-0.71078059361816,-0.886024670402729,-0.768696025804363,-0.706228110223138,-0.767637899374319,-0.872940777956982,-0.918802338181192,-1.15004019415993,-1.1928631032783,-1.24034237214541,-1.18310544110023,-0.938660672408565,-0.821365665117293,-0.776396271415522,-0.805124154019019,-0.812826827646715,-0.768213351411308,-0.663830003732247,-0.756455200629385,-0.849128998059702,-0.969864490768847,-0.815177885635701,-0.771382680736321,-0.850268642662157,-0.861168796045343,-1.09367585353885,-0.455306371850381,-0.686808489146037,-1.0539006065917,-1.40435973304337,-0.140020467619962,-0.257757914382798,-0.630124918985352,-1.20629490839084,-1.5342016282494,-1.73822208970613,-1.98100438656991,-0.621469724525588,-0.532926423819739,-0.456216191666815,-0.741868222677329,-1.42530782240442,-1.75017002960579,-2.14523594592073,-2.22937227896643,-1.97464175744556,-0.855240089140305,-1.08856904358091,-1.78935754872544,-2.02323890209779,-2.12330413709022,-2.0323946419143,-0.959701011826372,-1.505461535681,-1.68129179230087,-1.9920551735276,-2.13805893160475,-2.1736780291745,-1.86109906898465,-0.900386015731797,-2.10489457443778,-2.15428796410356,-2.2118690922972,-2.29620182146207,-2.27968807220444,-1.9260571909597,-1.28335410912215,-0.845919210322827,-0.50800418259857,-2.33095549994336,-2.45864482901952,-2.53302876314812,-2.41639657932447,-2.0251423642482,-0.888192066419914,-0.611162107003878,-2.58377332985461,-2.40737752975517,-2.05742389077082,-2.03806612307019,-2.2982464822438,-2.30311861751623,-2.05937999974995,-1.96279549330139,-1.77259005618934
2007,0.277704754337002,-0.157807474488823,-0.0988796021788078,-0.369635688747983,-0.503648997943412,-0.415659210495477,-0.204159783216869,-0.176547504775371,-0.0623862137701137,-0.135359934464616,-0.268096570232453,-0.378462856541133,-0.492222992856438,-0.430500294235844,-0.442317797948841,-0.325853889391523,-0.14186637431798,-0.11754701266409,-0.136264128044885,-0.093233834132469,-0.263451832151859,-0.425093999162223,-0.447897962733866,-0.373257060040695,-0.453113113227555,-0.509264571767843,-0.341490409606652,-0.120967518198012,-0.0933338652884463,0.0386089194440153,-0.119708810851761,-0.230377963918859,-0.455456613853396,-0.346471648501302,-0.275742656294058,-0.0447692790517869,-0.112293790484356,-0.042553789413238,-0.152781050870525,-0.0755057529343028,-0.220046918377046,-0.450680509096291,-0.264982837446802,-0.186727604859722,-0.101622760652523,-0.141996298699918,-0.0580752751866798,-0.141990546150872,-0.258319396606225,-0.469081858976606,-0.318821777675424,-0.203403252023638,0.149426126160361,-0.032440979799554,-0.077313356919686,0.0454060648934363,-0.0323586028370036,0.131030847391273,0.1189518632243,0.263604441557053,0.268161907096821,0.173185572612468,0.204010269053377,0.280479506107321,0.356869697194145,0.342663169329903,0.320330313809896,0.306620983728212,0.298390412029742,0.435348062987724,0.720450440282375,0.498928099786194,0.394906646767722,0.492453672170775,0.457002827716711,0.501780797879952,0.614168088297508,0.364021976578587,0.475806517357843,0.44702433836355,0.488131884532556,0.485364893461622,0.600634262870747,0.900656896455389,0.115847879956176,0.212565772068163,0.462497117785833,0.623623311945908,0.56560191390269,0.542738056381414,0.500426001244205,0.384060700665117,-0.0624259613769891,-0.130730105633573,-0.266013404508821,0.471264435042173,0.803886472947461,0.582924948920633,0.553704012527157,0.637384583328946,0.493208401287535,0.61923986751068,0.846272116916327,-0.130404590654998,-0.245419709698402,-0.348943427122053,-0.308879606623439,-0.0806531040728755,-0.0101802967013676,0.413024107738536,0.79025867064214,0.740111146626972,0.564068546223463,0.263759559557212,0.34879183170615,0.464144668320505,-0.253074988900275,-0.434748745761904,-0.517114360800795,-0.415629692517728,-0.192184930049752,-0.0241057851084243,0.290588761027153,0.564324206552128,0.419920703285908,0.0999121316430835,0.00894369183541965,-0.47454025119048,-0.312983324050475,-0.102152980420407,0.134026668471223,-0.183442891159807,-0.655820703608922,-0.548457566201904,-0.379860793128889,-0.151281545569175,-0.941688843574122,-0.838341558573678,-0.576030635177574,-0.306178713228604,-0.112780527555835,0.0924369590172506,0.265617692106043,-0.375780541732122,-0.657995735930617,-0.757114984846305,-0.518100862039373,-0.199005913546736,-0.0261288645965878,0.245366940451091,0.290770135735106,0.302915054214371,-0.495346889978517,-0.411342644976979,-0.0159234604153319,0.0909085820477433,0.190719575414133,0.159848962486112,-0.29832945539526,-0.049892611338188,-0.0964954104951223,0.0879847577717959,0.13712431951252,0.208047938261857,0.133912499324469,-0.489332814230637,0.0423269431212553,0.381033889637732,0.242762584933754,0.255000457398638,0.25286577870775,0.128863999420796,-0.0971315308068237,-0.440872670419629,-0.759472255347005,-0.236541318909229,0.552012859856433,0.537955882614901,0.438974231691014,0.212478505667836,-0.475625280069324,-0.69903049605422,0.849968114380988,0.622890349842979,0.350809218524603,1.2175288853542,1.07152749658584,0.748617104944182,1.0978989979518,0.9299323905788,0.567918309540252
2008,1.10374897253233,1.62672914473679,1.60624833497173,0.72959786162837,0.653043531042202,2.00802875910429,1.85620140506692,1.61738755017292,1.307229185051,1.10317164244265,0.994508820137863,0.950047434488335,0.983288990834348,0.771049232692347,0.637290834226369,2.11114370030443,1.89853848561616,1.62362513355941,1.39780750101816,1.16188741354917,1.13160061746954,1.05427370135627,0.908354187078916,0.739667020376716,0.834319605724625,2.35858628703835,2.28627834962871,2.14033796034755,1.86841012653515,1.5029502321727,1.40585782498836,1.22280174434823,1.09174758320089,0.914833246667664,0.808925309097071,2.39631128634228,2.07319136206839,1.76131993034001,1.57598783991764,1.25091867045215,1.0888796289186,0.935953393958215,0.859162077859848,0.77662257902971,2.40983412938098,2.19475574323019,1.87454654734197,1.65888750105298,1.34669484866925,1.13480194265733,0.943563663654132,1.96790534464668,1.54402358653754,1.30681417482014,1.05453948825662,0.900187995093519,0.815258952603957,1.76350496477572,1.62616484396306,1.25393399431013,1.05116272987748,0.915627829234647,0.78261048007717,0.6633504871447,1.41927702003402,1.33400312051154,1.20806629329618,0.97759257339981,0.763189461860968,0.595895321279501,0.266057759445559,1.36287350350477,1.36880797775378,1.05332929982686,0.809895969103213,0.665322918785053,0.524379352146686,1.2831317023335,1.41149289689525,1.32618284874954,1.02239912471504,0.80717957012152,0.709828375958382,0.422220208216985,1.35946416822889,1.33319548507092,1.18193638789055,1.09870807876117,1.06841729327932,0.950158425892899,0.970204501486214,1.04801259060116,1.57744364137513,1.58389565877015,1.57200395440398,1.14856683396414,0.728341706357241,0.894473762654548,0.808163823940465,0.940076053620389,1.09263774739111,0.866750971603491,0.71600878010797,1.83318558222459,1.81276395812831,1.79916586199444,1.66793605073877,1.53728393078962,1.46965142074256,1.02461186962173,0.526048235496237,0.361629256680943,0.398898683203172,0.963315487340528,0.959064111927841,0.920344498674749,2.0410154825111,2.14406411709604,2.07605875064524,1.83941348798463,1.61064514655634,1.43280870068583,1.10254350769684,0.58227194458223,0.391812477372259,0.705665951777096,1.03055923689462,1.9646830135565,1.70257877477246,1.44369509640157,1.13445130117193,1.51658429303655,1.81692933259932,1.9755800762393,2.01497139201628,1.87437007600348,1.62765582854034,1.96721680102977,2.27735538852998,2.43227593113367,2.27171099254418,2.25023854931022,2.26852479161428,1.32285603020571,1.39757428026666,1.95885494880492,2.28596120417216,2.50644700639224,2.62281096591645,2.49603568773842,2.20608985807725,1.97448067500607,1.83008353273267,2.19904270355467,2.37102311885758,2.52540091856141,2.39209939305039,2.088426918625,1.48820329576296,1.7017784169266,1.98259301102124,2.25290127536656,2.39637635479867,2.23179701984306,2.03159698934934,1.59478705178826,1.49006947971909,1.71813384874528,2.00681397703659,2.22527272597797,2.15227654542771,2.00343144003313,1.79218440564103,1.70851943434775,1.62197084589611,1.61290585603628,1.77624641395755,2.01157917763783,1.99530841256177,2.03275693555357,1.78431830285435,1.69182661003789,1.76163270855524,1.82425212604125,1.9052701997379,0.898757514348402,1.28764676588853,1.63464926156923,1.03719396871155,1.14562719734191,1.39365585013936
2009,-1.05211987623258,-0.780061186102046,-0.935576524488817,-0.33302152531044,-0.180378224481203,-0.731278660611031,-0.775329222810975,-0.681851359056159,-0.577749378028439,-0.537843206363835,-0.423315052499965,-0.326310602487168,-0.32080688384143,-0.245430787227249,-0.196493707413204,-0.781243170116416,-0.786286372208813,-0.711812165460289,-0.641695727189903,-0.495976210945741,-0.411301190113707,-0.300389363449627,-0.273232790403261,-0.322988226894045,-0.549380451697652,-0.692259886790386,-0.759347398104549,-0.931877405442075,-0.81024862063143,-0.642544897638277,-0.566370158758843,-0.376701343528578,-0.237084342964708,-0.279285323608779,-0.381388177373831,-0.978875998846479,-0.775916389939595,-0.641059962783127,-0.607429023969619,-0.413334164656763,-0.316852285690722,-0.181283411675184,-0.382254587780185,-0.488623797030107,-0.927276400309966,-0.776862900241716,-0.596958955088204,-0.555702404441656,-0.362771703867425,-0.236597416053466,-0.273095478998841,-0.637787164909977,-0.52702831466032,-0.479909145314861,-0.404184793771437,-0.610863975056618,-0.493706170934451,-0.741904744964767,-0.809357591607279,-0.61066327821915,-0.601982814117947,-0.531445157817296,-0.541136200784723,-0.620505137664201,-0.72239631733256,-0.811974661906334,-0.779643159889623,-0.748395388384744,-0.657223790484107,-0.648635251820599,-0.660315843332447,-0.827119533619017,-0.989184129356608,-1.11591677511939,-1.10121986165835,-1.0442491441429,-0.890789043152157,0.446873156054369,-1.11509588738329,-1.31027622081034,-1.30666365774911,-1.32738781332296,-1.10021221701782,-0.861725385306809,0.470984097882027,0.309838873963702,-0.649010603537039,-1.00313717524349,-1.31282178454743,-1.43277728622389,-1.51281686299745,-1.42835282231978,0.400977417022314,0.264292847485279,0.121988445531729,-0.657412803321048,-0.877760051227468,-1.31140558930743,-1.48037268810128,-1.65831407220006,-1.65875446904625,-1.4202235813105,-1.34314652425426,0.427977153142758,0.315725032635929,0.18138512228165,0.0835861140494358,-0.197665554054882,-0.491772052233453,-0.707655237884853,-0.8820500360857,-1.06989455408651,-1.20758040076749,-1.59410466946327,-1.57684020477154,-1.42676749644864,0.344353736363674,0.183107054258555,-0.00685282005982613,-0.131163218073816,-0.262984566346968,-0.585580578970106,-0.852148983523374,-0.927950348525588,-1.27661550753692,-1.46979963737458,-1.65511384727974,-0.242197994802244,-0.323996556059146,-0.645181048465017,-0.804927124452422,-1.47131684976011,-2.0318854685337,-2.06878682800394,-1.9711732313482,-1.70640273751,-1.70794038940913,-1.973920965985,-2.1475833913445,-2.15524038800258,-2.00761043818196,-1.95946112831127,-2.07265514967744,-1.12163902425828,-1.12758388284179,-1.71775731001491,-1.99227949970233,-2.19201087994063,-2.20656161075369,-2.09506722841128,-2.02303105861222,-1.95706807407163,-1.25706491954332,-1.55806824792844,-1.81176468134562,-2.03892202247644,-1.97207079063927,-1.84479710866717,-1.74067038733405,-0.904642947156708,-1.13350431402557,-1.49209938675745,-1.68937410787756,-1.69768939082517,-1.72709047203349,-1.80082674172081,-1.52079834721431,-0.948712682704221,-1.0976894708623,-1.17351361144971,-1.41374048744563,-1.59035230866918,-1.64265764163433,-1.69984729455489,-1.68941752554183,-1.43848829858777,-0.953864593304765,-1.04362609791926,-1.23820955482144,-1.56690816258456,-1.54435250261062,-1.56498877190297,-1.02496857115911,-1.18048723925328,-1.38740564142293,-0.632491443225564,-0.844779237064685,-1.06444643478416,-0.679434154944855,-0.788705413740048,-1.02960061150746
2010,-0.128785214752592,-0.212106233566976,0.0824095299658763,-0.0694484909125416,-0.0686560798577096,-0.397834960334219,-0.154978188705922,0.0078544205663138,0.230887610732895,0.274089693236106,0.192040148933508,0.126771216343384,0.125581983384227,0.0482479876402266,0.0830172165494267,-0.192764197743675,-0.00971711704282474,0.190977749573628,0.250118330054846,0.247081387374479,0.216969463282388,0.180440617965697,0.206039477917243,0.237271976349736,0.518436839725173,-0.500458186995983,-0.311025507649202,0.0216806864764822,0.083900185231372,0.11587530006599,0.107193544749939,0.126696717625548,0.130889478079873,0.206216555137962,0.270482828358501,-0.175401007847541,-0.167548403154223,-0.125240522741809,-0.099050332244081,0.0750923335360538,0.118131785995052,0.12484747405057,0.255307811405568,0.340925039518325,-0.470301624459555,-0.362474036718814,-0.319841445962406,-0.367569553099339,-0.236834284895989,-0.171597885133607,0.0480014465092725,-0.460340409661393,-0.133632589276012,-0.183265282845113,-0.0967997471968767,0.39176664285029,0.297798915031658,-0.336107642987125,-0.101642887568276,0.239865004429251,0.22729894682518,0.0565107951958158,0.174556420920007,0.473413284089938,-0.096564971964087,0.196222790828178,0.251403717139962,0.266993768277775,0.203567019968662,0.411599691792933,0.687557534555304,0.123546719073238,0.294332608175859,0.619437136841781,0.701951359883893,0.702811880152629,0.684859478463794,-1.00103860121693,0.361617405092308,0.614508196429713,0.77770165300982,0.881579322618094,0.731797680039326,0.753821707916673,-1.12612647254871,-0.99234577973607,-0.302918353187287,0.178159608572248,0.632424497515839,0.843020446835806,0.944067610507665,0.939567622205609,-1.35959108073204,-1.19685192074938,-1.07908475419656,-0.536874286892846,-0.0232553177838132,0.705459310727414,0.929588115722753,0.936060110823833,0.978242847786403,0.884318418743184,0.75761487153587,-1.68960978693106,-1.54929682796511,-1.31068753422604,-1.14397573892683,-1.09377423636813,-0.839442596403328,-0.453802967752203,0.0622612675328775,0.655665389605755,0.953976290509549,1.05598581580674,0.934922791033133,0.745548750882531,-1.79400731402029,-1.72736916463441,-1.37338852877409,-1.15367140572717,-1.19087023323919,-0.802963510972778,-0.279323102232177,0.195208531671882,0.888062392822505,1.02496960391183,1.00237647360562,-1.29247276380286,-1.21689273915076,-0.737540320236468,-0.229424443881116,0.602559854502637,0.829519385181758,0.839294133302249,0.815369412261195,0.50075268014513,0.586346041355934,0.574913233819736,0.526309177270972,0.512691858655943,0.500067618794806,0.322126460011536,0.252262456590557,0.362122026816163,0.41836182557271,0.462002344478883,0.497793928196865,0.576648593088727,0.425538280488656,0.27320268087435,0.289014011175997,0.386468692450749,0.142514067978871,0.192780499081921,0.358952595490233,0.393379033719548,0.308203435924541,0.376044675934422,0.311651940903355,-0.150616212205401,-0.046406345386133,0.164988204765496,0.271401196463245,0.335994457027169,0.480992823500478,0.546034850850831,0.530469197770131,-0.167250103871893,-0.158801562294887,-0.0679855335197138,0.216011284559399,0.479723054416475,0.534133915076203,0.595316227831317,0.663893864603573,0.540925151336389,-0.273452555419918,-0.209005036944662,0.0611079828556077,0.329631606392209,0.492376310860741,0.578688751622199,-0.12430083015227,0.0506813366075964,0.208177159384768,0.13474815580931,-0.0477454656398941,0.0140031495038637,-0.0546314472492979,0.0244583057486776,0.171056655320111
2011,1.95142852076258,1.72977944536354,1.63087838569864,1.83522545585412,1.60553947618624,1.9559030445314,1.73600369935175,1.79707868725378,1.74807365174211,1.75840590948137,1.72428716627175,1.62719738309895,1.63343736917732,1.73301709497754,1.70401607864154,1.82697578985324,1.74524582472166,1.73299546595882,1.73594269008551,1.68918724827356,1.65548121899509,1.80932034397148,1.88712332621295,1.819081514386,1.36372731760101,1.74570758179585,1.77829312643423,1.65168517842435,1.7136807946929,1.83951477246075,1.81856952739019,1.9755740583632,2.10560440694858,2.12320351711599,2.05871779159698,1.74146659441349,1.86570943937631,1.97160276573307,2.04089996358115,2.27436791204244,2.39360576245552,2.32399499307804,2.32643240874896,2.1358442245648,1.90626161676881,2.08651437428907,2.24329603738036,2.4143689971415,2.61605974072968,2.67494970290665,2.53212777381953,2.48620831985415,2.42413896361492,2.60645145635119,2.7483954998785,2.56677509477361,2.4083064010364,2.23368502027567,2.21381436447669,2.55241163464907,2.72039052487262,2.59887823065603,2.48508513224183,2.21256867112985,1.86827754548744,2.25435119731602,2.56250243504448,2.44531740799061,2.0287156831293,1.9261432034078,1.61697731757302,2.05337025968538,2.22479203870927,2.35030755888285,2.06148910780923,1.76939667912055,1.55181513815461,1.03796460939944,2.20742669766923,2.17244372410526,1.95785813827998,1.76191135163106,1.55050965326472,1.13169697801713,1.04508013715515,1.36316716530744,2.12164587658945,2.26805160066493,2.1732940501579,2.02878952304157,1.81562542112113,1.63672909814888,1.29598898943701,1.45567754882651,1.74474144649326,2.32461598359159,2.30257444715458,2.07794012942192,1.92764650125854,1.88790979006276,1.75723717032301,1.72949984223256,1.7173972492549,1.18101754438976,1.38713318795766,1.43084912837602,1.66445155091911,2.23205391490398,2.31921218940441,2.23353684960001,2.09166164992795,1.91842615910479,1.80855521787843,1.79434084709596,1.71599481744751,1.35719970715473,1.00964923179429,1.19607843493762,1.39676224806554,1.75823854341637,2.21627883932323,2.24147293847417,2.06725892873968,1.88656923473859,1.72089048228722,1.6780139913709,1.52894118213478,1.72087678764227,1.99950629089362,2.04881670775471,1.88338645346074,0.539052331293737,0.770551796313821,0.667352778157124,0.583607678096531,0.714996677848311,0.704519067994989,0.587394651008351,0.62821224879683,0.743920119643887,0.843012202136202,0.79057991475104,0.687488054448895,0.624478374010923,0.433806233724347,0.513496209604728,0.670186526410457,0.787205066070262,0.907657836386052,0.789981608026193,0.637236918702066,0.388782834866417,0.332940465438466,0.477399394428979,0.61996453093367,0.678137184923236,0.585811467120957,0.356227691612072,0.175995502190016,0.109745453511696,0.17983013695402,0.318815275972058,0.353363425884925,0.256486255850879,-0.094456237857793,-0.218768170960157,-0.0966522515208343,0.0223559346313165,0.133670742713519,0.0438660740191098,-0.0303787366197202,-0.231856007880972,-0.197078049924823,-0.368772118106201,-0.606291601889881,-0.351212106605823,-0.00358353466191352,-0.0410327747203404,-0.145174011709837,-0.281389790125682,-0.442612862355126,-0.603694870738345,-0.265362208964332,-0.313697887243308,-0.373843433853358,-0.639601344175433,-0.454089575545333,-0.390031854533897,-0.582127688618137,-0.563021170242048,-0.562303566552189
2012,-0.967999579856614,-0.842162142734174,-0.733749262910915,-1.16319014060163,-1.06946817790611,-0.939388480756447,-0.870614453984464,-1.02752992872225,-1.02379351096072,-1.01916977835282,-1.00462805420879,-1.02175622496923,-1.09978371240914,-1.16901548550083,-1.23386894721135,-0.864828748513112,-0.905105171992099,-1.00646489605892,-1.01233092461895,-0.943793730813013,-0.931421388868636,-1.16074029638569,-1.26774101590379,-1.31387420769977,-1.04756723931008,-0.614559403426494,-0.730367566438174,-0.774946892821946,-0.913218959595705,-1.06025735965238,-0.997492343139418,-1.17987276126371,-1.40120540093828,-1.53273552072996,-1.53180444984866,-0.793592596829253,-1.02081313305575,-1.15157303543018,-1.20796214737986,-1.61835231980471,-1.80203499144007,-1.78777691378848,-1.79471237885557,-1.59776793644467,-0.984418012540312,-1.18804105122521,-1.44277733423532,-1.55432137551184,-1.83465567858772,-1.92795994106802,-1.98127710237063,-1.66988741028191,-1.94834955779531,-1.99681386849929,-2.15331547014932,-2.16527210441128,-1.8414110577986,-1.69491825260578,-1.80832759953426,-2.32286466131834,-2.32239610443074,-1.9851678100234,-1.89063973079287,-1.77390674678615,-1.55386719662083,-1.90348732390609,-2.06025230428927,-1.82850909055572,-1.24688486766308,-1.39547912072803,-1.11226005845182,-1.61030749153212,-1.66330683565067,-1.96572646976258,-1.65971171122729,-1.4371157856104,-1.22870755710924,-1.04346324804683,-1.7082300141679,-1.7099464087573,-1.50764202809552,-1.4433647640454,-1.19443112884472,-0.755441980699064,-0.904819726232035,-1.14614640525404,-1.55749994931985,-1.82668253895303,-1.81433419378951,-1.62633819187052,-1.48076325449693,-1.32226553172844,-0.931292975392734,-1.07631255113765,-1.20365950614568,-1.73552221444576,-1.92842828832142,-1.97591935422412,-1.81750119500999,-1.62544832490512,-1.50880655495946,-1.38583905541494,-1.17998880228329,-0.731505321599168,-0.962409457577795,-0.986320256137925,-1.13259576349638,-1.32333346047901,-1.44091985432489,-1.65223229592036,-1.84374405477956,-1.91312317216843,-1.88543396868627,-1.83284791221511,-1.54418164699173,-1.10410061263285,-0.417772409585018,-0.669855499554801,-0.957755486838329,-1.23996255376713,-1.40753514828787,-1.47403282604767,-1.5378797601963,-1.6157031661063,-1.70644779169967,-1.67423648522906,-1.52513613701027,-1.09477157206967,-1.2838996243481,-1.40268613155818,-1.36845904063797,-0.551294184858977,-1.23227726859969,-1.12395818165534,-0.989237505597565,-0.941289135348236,-0.970382897081759,-1.07931998084878,-1.05659651622282,-1.02487424543838,-1.05542779786363,-0.987221613909617,-0.971258542341901,-0.767930846951181,-0.653592600622127,-1.07372178585483,-1.18706704434659,-1.21439579493571,-1.16323572992924,-1.06710685313342,-0.954503954884024,-0.723762387911027,-0.905833864119314,-1.1407158929084,-1.12396186951809,-1.09374204988191,-0.937357289896893,-0.770905675745235,-0.546147505506141,-0.578346475296742,-0.857482790000943,-0.917523565309763,-0.845103841070037,-0.714193591276506,-0.570342673053801,-0.693385417526537,-0.89914143779473,-0.465315896987104,-0.525258481658365,-0.485066566795931,-0.516903550726744,-0.544074050072419,-0.652729947136018,-0.639055407902903,-0.525323504648225,-0.755798791868929,-0.240520106996437,-0.240721912639367,-0.274734921270206,-0.331099351837895,-0.528650707311129,-0.50717224451682,0.0105183550083221,-0.0928964629501957,-0.119062567957332,0.55433788716477,0.206546401449593,0.0349587292148834,0.219068388212996,0.0704094952859016,0.0510984688070479
2013,-0.534335691449299,-0.765637322391703,-1.06390409370777,-0.717120464680559,-0.588618902261825,-0.714290936702141,-0.952082737334698,-1.13727076116976,-1.44721652282922,-1.40696459754987,-1.25644702049744,-1.01731756567282,-0.846483065817098,-0.669056222199069,-0.446787929875106,-1.05008752424902,-1.26844255149427,-1.46112402046862,-1.48836428139149,-1.40955748092943,-1.23873898745213,-0.994719461726864,-0.854247417766364,-0.565830597366083,-0.196730385166688,-0.964844206013669,-1.13849659717607,-1.34702959434155,-1.40569079130822,-1.42705452069983,-1.38568948627209,-1.17751133954753,-1.05535469767221,-0.864934102518816,-0.655074775263673,-1.35194228431916,-1.30478597272769,-1.31855464245003,-1.28457643067332,-1.13752033066425,-1.01296838514211,-0.895496616061849,-0.73306162422125,-0.571764917114557,-1.08495597490887,-1.16672013722854,-1.14344533484504,-1.1251723372222,-1.15110677268052,-1.08534254041225,-0.886810631386415,-0.824167767460511,-0.97050443153625,-1.07528150017329,-1.10945266300608,-0.981110740422966,-0.87845020440667,-0.593806871039925,-0.790980105721984,-1.1260101636655,-1.25420002093133,-1.16631216384612,-1.14016982648212,-1.06904206620252,-0.671073877221583,-1.01031602817114,-1.28670368410938,-1.33337581914694,-1.30702286439393,-1.27164252957243,-1.10167440758089,-0.988446304933356,-1.17799214060789,-1.3542851200103,-1.42719045258693,-1.414047352197,-1.43495420508086,-0.686363745573439,-1.1661663525538,-1.25908876699029,-1.42623885901055,-1.46972267284018,-1.45048147170471,-1.21742218830605,-0.933817382949072,-1.07157871036366,-0.931962764953432,-1.06408829249472,-1.19761294527087,-1.28020650154922,-1.37541754682113,-1.47605650310152,-1.027816828238,-1.07720591859739,-1.10091501762363,-0.894752010825362,-0.829609287193492,-1.11912458901823,-1.18233968563942,-1.23481151110548,-1.29631631079962,-1.27011806530265,-1.55400986827341,-0.925904110840951,-1.00179687181973,-1.1085805398831,-1.10191851712892,-1.10612223263454,-1.04962813060654,-0.895147449714455,-0.782364968122914,-0.81636456647691,-0.932586345028119,-1.25408749282328,-1.11485659675343,-1.05334212616391,-0.939980828562102,-1.03404048396068,-0.993193141671998,-0.953039686625714,-1.00471207316451,-1.00319794570008,-0.985556766653573,-0.948864125979775,-1.02090354888822,-1.07974095622323,-1.02691782613922,-0.926125837044303,-0.942926535265077,-0.95881147693537,-1.02134213796531,-0.695185680720266,-0.810929722563713,-0.599650832154481,-0.402124933091435,-0.342946012890784,-1.0982952540751,-0.889290332271985,-0.720002748055248,-0.497204644252697,-0.249335429389271,-0.167169673333756,0.0635017066038046,-1.04517904509959,-1.09694074231717,-0.95590476759017,-0.767249471481713,-0.522027344864906,-0.45555384563766,-0.293684785564179,-0.109540887957355,-0.0738837975498415,-1.05483932176653,-0.846693127375077,-0.613422322702105,-0.613902087824718,-0.601083455639503,-0.486175923686414,0.0164734275617134,-1.16159240600858,-0.982265326730058,-0.744731184788068,-0.821027140846663,-0.954576660411747,-0.806665106702079,0.0441145929037021,0.5503623856005,-1.01588800581341,-0.862161922515622,-0.934296325754643,-0.961076185971942,-0.867181882230155,-0.684222948580115,-0.399278049442623,-0.193012809600364,0.509450196894431,-0.988698418463331,-1.04038549638837,-1.03924305218211,-0.983632099656637,-0.607677118302782,-0.388266015955041,-1.13654187232599,-1.07887984211316,-1.03230949749175,-0.821561742286486,-0.891884330626147,-1.03608855513218,-0.482216649831643,-0.528758195019322,-0.709716303494319
2014,-0.598389806816117,-0.893231959090541,-0.772993960171602,-0.768611732352796,-0.803197290314379,-0.850221329094097,-0.760497579368751,-0.816411069262366,-0.619162299207759,-0.547294805040979,-0.531406854978819,-0.538898217584011,-0.648044754498966,-0.783535540160135,-0.957635910100764,-0.705711485107476,-0.665559788591498,-0.496423147496887,-0.400239443713524,-0.292048658546262,-0.354967840612553,-0.592603439800837,-0.766129747656843,-0.946772910059402,-1.34662783455533,-0.335022661633191,-0.397847366989625,-0.428082754675452,-0.382495081092919,-0.30798692401101,-0.278376999463909,-0.406700011863492,-0.606134143718292,-0.735709112561295,-0.89625988819585,-0.241590749307045,-0.257894383069537,-0.243451594763914,-0.273388990720056,-0.330052264943818,-0.495536090414202,-0.734328226654724,-0.858485599014221,-1.02578428608845,-0.101621866281829,-0.212848787442214,-0.194931509658185,-0.21708875717254,-0.260538603250383,-0.484997639885893,-0.697963760435398,-0.339866949177441,-0.0154848742038345,-0.138477475130616,-0.352436100242918,-0.610671940330762,-0.863048166723098,-0.195124301682116,-0.103001811611812,0.0718103741284734,-0.120968678193314,-0.499615924177262,-0.658789659514974,-0.747548680954326,-0.0980555836946869,-0.0296653556379115,-0.0496424428285539,-0.310707380297836,-0.599381793556931,-0.688433768546532,-0.923166563141861,0.00402128072196351,-0.112185795183512,-0.0949297389731482,-0.335149251130113,-0.49246406536638,-0.60678653171208,0.816332648596112,-0.0440712178052235,-0.191457254218058,-0.319007284388626,-0.451118449560627,-0.653086601886998,-1.05325404677303,1.08247285376294,1.07005509058472,0.186800762083785,0.0792637728851955,-0.1028189660357,-0.315665174123976,-0.516476299065854,-0.636372182097073,1.20470870184944,1.20183561816973,1.0380789510984,0.488440985347998,0.263955671598006,0.153461006050047,-0.15930429045189,-0.504570963702237,-0.616330283363677,-0.793020753981113,-0.685691578798104,1.19613967921327,1.33399571290381,1.35235935487444,1.23711382533198,1.07353460663715,1.01170624338171,0.890512417305682,0.583050634850724,0.220023909907483,-0.00989494050349349,-0.0704881552194281,-0.323823877834152,-0.560683723152262,1.14416577363717,1.40520312016616,1.33064797884697,1.25669397750889,1.34014154311145,1.35495313326705,1.23555083965403,0.962078418209072,0.495383266478963,0.44033286029149,0.237930189515053,1.3376937480281,1.47790684231415,1.54920820696274,1.42419527957984,0.0895563219204091,0.964320831345947,0.66773635188379,0.340002601946592,0.226178556406098,0.977425847720625,0.980553666244533,0.806261095465539,0.541019725120647,0.347967950250984,0.280053189108258,0.204382256302499,1.02927688510941,0.89826567249177,0.9723290001609,0.829895047123744,0.680506658274589,0.593937128003653,0.526592365180563,0.4343741330757,0.296303818190988,0.903041892550342,0.791873352105888,0.70010007322348,0.730964650124602,0.690140934906852,0.632499633091042,-0.031046867721635,0.871421635680032,0.912390594529543,0.887019289196244,0.85846986892582,0.871572905788946,0.879705303850888,0.20743253134914,-0.526085036307205,0.957086238266236,1.02907672916714,0.964191488173971,1.00684961520384,1.04168485335351,0.928383512902354,0.827221543120011,0.618594787508975,-0.471126384657763,1.14823895404718,1.17144941243805,1.18955093365082,1.17002389309211,1.09253378029626,0.927992225770233,1.23387732017406,1.29153147889522,1.20827004059223,0.651803014719503,1.07647019999793,1.23222556894185,0.866139444373633,0.909857603265185,0.978706086674934
2015,-2.90165439163825,-2.70149840823545,-2.81954633384325,-2.51397336691429,-2.52435574031309,-2.51405643812878,-2.76181437671446,-2.6680603296975,-2.82670656103262,-2.799707358445,-2.68278007057883,-2.62262666836048,-2.57960855375926,-2.56775079224396,-2.54727964951095,-2.80347282589987,-2.89535921727795,-2.9859248453891,-2.92549184596839,-2.9295978922999,-2.83597067559757,-2.71452442610569,-2.58878595548931,-2.54814156073669,-2.55080395807403,-3.17822033859742,-3.26873731256603,-3.30782063753552,-3.26072295681533,-3.21859129929557,-3.1130460428796,-3.08131379925756,-2.87565565338601,-2.73157619535175,-2.6628261165743,-3.62738222313038,-3.49147265237002,-3.40287341025817,-3.30119845700778,-3.29001738619567,-3.10468844698773,-2.76292752295027,-2.77052121476981,-2.73095860497374,-3.86120960992808,-3.71587562941536,-3.6148460778489,-3.48798152588294,-3.42679431139167,-3.11486115788641,-2.86485153971336,-3.75635999449128,-3.78715533352772,-3.5631300210695,-3.25679183191514,-3.14270975811601,-2.87655527753942,-3.96194756839632,-3.8673487971811,-3.74942016129139,-3.47443847892697,-3.18538544641383,-2.99662772014534,-2.89284042795438,-3.93826712304393,-3.81614333542579,-3.67154374722936,-3.37256834121302,-3.10023501209398,-2.92946741295868,-2.76797885056006,-3.9829605221251,-3.82932005619503,-3.62822889391207,-3.28510903841506,-3.04514017366833,-2.82930008449382,-4.23506667980091,-3.98849132988226,-3.79780076718831,-3.46202326741943,-3.11067739203276,-2.85034029513644,-2.612348445392,-4.22960127395054,-4.3359237649368,-4.3276150574574,-4.17909408664548,-3.94787024860934,-3.5946572859643,-3.17602096309451,-2.88636758473978,-4.28699155183481,-4.39372725630127,-4.40456156845919,-4.46058689044965,-4.41450370618861,-4.18691642581995,-3.7790698758343,-3.20802341992024,-2.99361263196471,-2.85904431589963,-2.66866728733162,-4.09051014031586,-4.29225114031684,-4.51345149396435,-4.65837286146701,-4.71312844751803,-4.78052895699386,-4.78059750456219,-4.60668162924427,-4.29089773698544,-3.94338429245011,-3.52285337304745,-3.27078411866399,-3.05957149610989,-3.96158579604454,-4.25547975596302,-4.38343453136654,-4.55848989626964,-4.78637575090302,-4.88171069634122,-4.84092738398313,-4.63406245723872,-4.08507687603591,-3.8726456162314,-3.70237440308323,-4.46170686936716,-4.66822027171003,-4.8357854891525,-4.78256143077903,-4.27728776155309,-4.52540940105115,-4.63676099356622,-4.80569165991122,-4.83481778953439,-4.13919675704654,-4.48950643022857,-4.6923361302577,-4.74751413954138,-4.80856155049744,-4.83435779913837,-4.80331335480465,-4.14741854407795,-4.13393038500422,-4.36329475217827,-4.61677219577665,-4.84889930216137,-4.95138719320139,-4.94474881731826,-4.81807684183791,-4.64410536749386,-4.09310744555464,-4.34943204677219,-4.63349182445467,-4.78606823158262,-4.72857281335222,-4.66669919957986,-4.16375799510925,-3.68676423342171,-4.03759883219758,-4.44960339798518,-4.50404296734693,-4.44352064491304,-4.57180930318168,-4.3702795355262,-3.73388061215545,-3.78446093320444,-4.1381772832501,-4.21336378511985,-4.34563384246337,-4.49507088886941,-4.59143409752064,-4.75115845173292,-4.73924327868948,-3.78173547424886,-3.93950652662363,-4.15088962372275,-4.27293593202362,-4.29958771496972,-4.67680459877314,-4.76668095540803,-3.98426799967687,-4.1074718609915,-4.11081822514476,-3.58506603502356,-3.70200484114684,-3.89003470539023,-3.46138757752294,-3.47635668085692,-3.63701361037859
2016,3.77074126874553,3.48181726930742,3.77440109704141,3.88537442755946,4.06408537602655,3.03203610599584,3.31770028754231,3.16839932530144,3.50909928389602,3.68236130050275,3.73203885805246,3.69125245108264,3.67477161441823,3.84865579116955,3.97869193933118,3.0934197030047,3.19982880412636,3.42594485825649,3.49546416670127,3.70777479666183,3.60813912215739,3.5031550799933,3.6187571832966,3.80846403311133,4.16046507551753,3.2594673640684,3.48328531594291,3.53800884535751,3.53417494062525,3.65093917298033,3.54645172832488,3.66387862576656,3.61050582312708,3.67378465737543,3.80528867391824,3.85619308803079,3.67272708981012,3.63542513855584,3.61506383039344,3.85038832897427,3.82148371384153,3.64429033830396,3.8668481705774,3.99211532039091,4.041716539404,3.8883577599402,3.85572168266509,3.81122415110541,3.81267667874361,3.64496781170839,3.67514469161458,4.05749299377438,4.11621220365418,3.97783520677485,3.89125620649543,4.29083255611809,4.13577438972359,4.15420341822269,4.10529546147257,4.26215282375799,4.27693179807025,4.10795857643072,4.12017614282206,4.17267407291206,4.35608122886399,4.27607963938407,4.41259551444595,4.3781728450193,4.30761637677014,4.31348013391784,4.15146463572584,4.5168093880876,4.53369709037628,4.52735199478088,4.49083532116299,4.47788991896407,4.37786902485644,4.28899278417855,4.59196329012776,4.51597511560567,4.47630283405101,4.39613290622523,4.4083805527654,4.11660500618176,4.34571096191995,4.46592526269833,4.60230435888764,4.46241237980739,4.42055948502593,4.44022687213031,4.32626855424985,4.32801504500402,4.38607977051714,4.49974569353237,4.48358002657996,4.56651236404777,4.40159233020046,4.3846574534333,4.45747331827347,4.34537029222631,4.33246967530186,4.4335059063262,4.22828809732087,4.10942538940818,4.23660288401966,4.41630586675089,4.57519775055811,4.55150278974116,4.59940023193432,4.57219834309646,4.51087006117155,4.51718625245906,4.45222857029019,4.31217635068379,4.44207106748968,4.5177987037179,4.05061971951258,4.13173415629834,4.3017593389555,4.41145827979948,4.39574148564273,4.44711635722893,4.53236593077951,4.61791076035413,4.40771084036669,4.35363042057733,4.57924358105741,4.21952788618655,4.19920979291071,4.35901424363285,4.37590440890628,4.64058254835047,4.82514526886589,4.66771809066172,4.77660738218411,4.89293584760799,4.70269431356734,4.79339911890899,4.77210917054265,4.69516240928779,4.68229697137912,4.82213673978818,4.73895204513582,3.94521308529398,4.19759269469738,4.73155850177396,4.80387025179313,4.88563172203598,4.98857508861288,4.9054337817469,4.63554759955579,4.48286248030961,4.68956631245383,4.81557034612096,4.92115610877549,5.08479540845894,4.8994664142751,4.58418394775378,4.13926705509084,4.5015860081985,4.6254050228292,4.69119224186316,4.82270365898026,4.68046844841066,4.48249678962641,4.19125707481549,4.05155106187965,4.14443000373646,4.02000107019819,4.13773696889088,4.26187761810823,4.21044526227257,4.2457903184894,4.29576150054404,4.32681234912422,3.85193997947017,3.67244509795368,3.83569090895017,3.9534898035354,3.87425362414564,3.91435801762151,4.07576093749975,3.55477386054069,3.58818384643238,3.58768312799653,3.67639659249882,3.46019234256463,3.42267314321547,3.37404353795477,3.32010701495893,3.30234023770905
2017,1.84666217141426,2.13976709947672,2.05526707866544,1.54413280081794,1.42835989011654,2.03934670339441,2.16174236856219,2.25532813027153,1.91728480541556,1.82564751804268,1.75841466023996,1.51965663329754,1.38512451817292,1.36097644179109,1.29135073679405,2.09438775683512,2.22151941203127,1.91024775376747,1.77488620090879,1.61091543645166,1.50743713221469,1.40943173460425,1.30837577233173,1.25809322347811,1.21299379996434,1.7275976463057,1.75241014245759,1.8423809120782,1.77735334925053,1.66123392446901,1.64926610989057,1.51248159249469,1.42299756692904,1.33920755089065,1.27665859275165,1.50352390246816,1.58354023924197,1.59150317708785,1.60073684874289,1.4442487957136,1.38549105831198,1.42218024268155,1.26386230899716,1.21298577956506,1.26485515707816,1.41388930246873,1.4538301511542,1.47835341370589,1.46395778390138,1.49775718512365,1.45962599125092,1.28912062032503,1.32507107279006,1.35104467345682,1.34567229023336,1.02375799640554,1.0376301147098,1.15404315862058,1.20807435003621,1.08092494025314,1.02483417741836,1.10059380361303,1.02499812491814,1.0188625382142,0.913200327412214,0.966212501750016,0.806421755347178,0.783299555870473,0.880101394679164,0.939040975756863,1.12749940605929,0.770289163190872,0.857670728291635,0.584849683477056,0.635668319696788,0.764763698186514,0.926865023063329,0.742853654808451,0.846329312051747,0.855972898336861,0.821998579987695,0.76139102561642,0.865061579728176,0.961937576158326,0.674805741841276,0.584320108128902,0.732009260533562,0.96281989698367,1.02151922956831,0.890514958351145,0.843707507689648,0.787571508650893,0.787034096817379,0.758779414775546,0.653518846851069,0.627703754400198,0.858580586078905,1.16643520565602,0.888101258042734,0.732756245234575,0.591204065615623,0.448451453685198,0.532780701651777,0.903717093195612,0.914411051531863,0.899447636484064,0.818032700616475,0.671638095576714,0.651257563129482,0.675245419974896,0.728030849047099,0.755033499272841,0.673034300947735,0.559216507543026,0.240636351349784,0.122147302520165,0.837000634540416,0.858955081449929,0.761598021749411,0.816658005634229,0.901252235411008,0.833274174183254,0.733987080978099,0.608429323626026,0.372005071123517,0.209591847927738,-0.0204816806242601,0.899569826133188,1.09091841536012,0.973271517062831,0.752255293693824,0.480800818524323,0.250789503438913,0.494105752490799,0.6182260398418,0.621246252184014,0.214107676356514,0.373069161713618,0.524333321276524,0.606987515033605,0.666984463981376,0.599097672297428,0.656852392050602,0.712599663041268,0.665368718230955,0.450500867748168,0.505843310168991,0.545599067595252,0.52518431504302,0.586400174653465,0.754740113332127,0.88247878075142,0.494593653169952,0.433530277246485,0.47714906913301,0.497871544115081,0.563722615716293,0.738032171578322,1.00972569690821,0.5479239320464,0.568622552955692,0.612018256466728,0.597871072289518,0.516079243890978,0.721538334452673,0.990093911848676,1.17471583331441,0.782442058752432,0.837581025811154,0.823154108367899,0.750664821318748,0.733348490702079,0.74524261798547,0.813048949737688,0.921073949052485,0.963611432060093,1.02239782073852,1.0709160970133,0.992601622469632,0.761683243033298,0.791426305561811,0.862753467482658,1.24713367588836,1.11359736578858,0.905679810238001,0.927704442591362,1.2143846477177,1.17305234628105,1.10071545279955,1.00044178662828,0.936700541148988
2018,1.33791046511355,1.16160996347071,1.18093204367727,1.02262568818457,0.812015979899418,1.4450926310193,1.3584582323021,1.51260911078613,1.66120091438934,1.61324782267983,1.46949025405176,1.50580802440899,1.43695869675688,1.18627709269416,1.03482761380688,1.79603788208809,1.73558262147753,1.87094585179112,1.88674552922661,1.80351675772352,1.76504612186806,1.76484573018441,1.64672048142534,1.42717384340526,1.12575232827751,2.04542502890873,2.15376654786933,2.19116584361254,2.15287461925785,2.1277355861043,2.0322576778826,2.08172308520329,2.0547972040016,1.98955042052198,1.83157963505268,2.55762225646236,2.36377139070812,2.30065252779833,2.20332744471491,2.38065452874608,2.40133768807103,2.25583233100279,2.22953106543313,1.96479657575167,2.76109704685453,2.59357297604128,2.50873165379053,2.41603479440544,2.41926548137518,2.43298104688793,2.45294635084444,2.79976862071773,2.74773116794062,2.6471378868956,2.76977636810849,2.94335186192098,2.41896653951775,3.0688131064149,3.0656184975678,3.31637912447643,3.39117657966095,3.02666080027186,2.8530981862669,2.59046223867023,3.19044283889529,3.49946600946406,3.76458991047064,3.492309453305,2.77306862981426,2.5063486575159,1.74232510309966,3.62218154411585,3.66832427533151,4.02673597007217,3.47358188936688,2.96585196095356,2.41720742696924,2.42841846626225,3.68936125759199,3.75817639709656,3.34114767101883,3.0654074349523,2.63830802675166,2.2106167451455,2.21589045556036,2.55556178225392,3.4067189786017,3.58949862207838,3.5506854295342,3.31859673515236,2.96504916839581,2.80631873747003,2.10996965301071,2.39441273774627,2.69190777664378,3.10835140486494,3.17787312975343,3.4305221162191,3.44407682328914,2.89553196425321,2.82833827497908,2.87146950476545,3.27219773313477,1.72853999240655,2.09991012239149,2.42330197647866,2.59390232981706,2.60064549821743,2.86687916830607,2.92217164107977,2.88586448659862,3.17246062976931,3.25668139498258,3.11519057414743,2.75308562272387,2.83322951312666,1.59614369430787,1.98544014847934,2.36045678774728,2.58582918320089,2.83985267887181,2.84179762150454,2.80870937088499,2.73794600557878,2.85090351249198,2.88654859782819,2.95128185183214,2.34822970829563,2.68090527562286,2.62563561942873,2.61657437648469,2.4851590392505,2.71525338235264,2.68154372566795,2.59225647685656,2.48787911423888,2.55821672876256,2.73521738987696,2.76441706784816,2.80941299055866,2.69239538406799,2.43933992041154,2.26049604391875,2.51934523264288,2.46504967643767,2.58698588824963,2.69990604931021,2.64584337270616,2.47527381625087,2.26009518352542,2.18238776429215,2.04165311209892,2.30918736147151,2.54625833411746,2.54841198821381,2.45873288385315,2.33572890210902,2.1903439838316,1.92290941296254,2.03309146806843,2.30704813295704,2.53974665061263,2.54340739874496,2.57310148660263,2.38261945405668,2.18278561300648,1.01226415580186,2.01131974116097,2.36613443651067,2.61090129087591,2.56303078821505,2.47396683292336,2.27083205297086,2.22475611425567,2.11601274104628,1.33871522847743,2.03636617916894,2.21574038578017,2.39087275055914,2.30364470708461,2.03028490830263,2.04248739046463,1.58152400959863,1.91810840741981,2.02943726241854,1.3393049456569,1.21138030019909,1.50427962265794,0.897167760891221,1.03716393494043,1.29124189327948
2019,-2.8533773289413,-2.40171146955395,-2.31802383672346,-2.06015877990948,-2.02737173823779,-2.59903224955906,-2.45151351414166,-2.17533297274723,-2.26614587147939,-2.31160788692002,-2.26558566428318,-2.23400401139601,-2.1620344046864,-2.1326105113652,-2.00813093187269,-2.50605115354822,-2.32043126273518,-2.36551153997555,-2.37685740130342,-2.39562680890148,-2.33374712308751,-2.3230627071164,-2.29460957355614,-2.1795606476895,-1.9841813792737,-2.64444543472332,-2.66482989224904,-2.60950906094569,-2.51016223560844,-2.53886932034903,-2.47211734447412,-2.51955027300995,-2.53743174016689,-2.55274512967253,-2.45237241658644,-2.81448992688218,-2.65093361520161,-2.59972721897928,-2.51754247137418,-2.75844856850591,-2.80201201596117,-2.76558702450007,-2.69355331075795,-2.48241516541611,-2.89417388341999,-2.90906901949188,-2.8061685301849,-2.71516009171551,-2.76438695388408,-2.80579853836941,-2.91439247027342,-3.1185182592061,-3.08399007191104,-2.99156628255172,-3.04321776952237,-3.03535223611116,-2.51240162103499,-3.47873635855553,-3.28845109983538,-3.29926428201744,-3.28583428739031,-3.03753093796047,-2.92474096329195,-2.66373362422806,-3.28637436149736,-3.31271287015953,-3.28556419383133,-3.15105025565265,-2.69618624447282,-2.65175294244496,-2.00174272630876,-3.39003445954358,-3.26871546408454,-3.32629724361362,-2.96003583724521,-2.73436705393794,-2.38618883803099,-3.73260423295714,-3.15517726215236,-2.9872293530648,-2.77595385805638,-2.64666056891948,-2.45798242227509,-2.10933827315239,-3.57602579197261,-3.6061794330303,-2.99454656556249,-2.87590701764783,-2.64774315075269,-2.57676812209764,-2.44231303685229,-2.44344467871852,-3.49290023948005,-3.58235273928741,-3.49188275666378,-2.72730212439948,-2.43572035761776,-2.52819044706919,-2.63897593956535,-2.28133806022842,-2.34947882985217,-2.41778894742292,-2.87365767115438,-3.20720689437775,-3.4292609507932,-3.53610043516692,-3.46660017039265,-3.01088459814607,-3.05154994060986,-2.7525792482503,-2.34894026316204,-2.38240510359757,-2.40778654819375,-2.31994620278881,-2.06348508555763,-2.15128099358752,-2.97924362323308,-3.23685298587519,-3.32043383107894,-3.27263112607165,-3.27016661689147,-3.14284735045507,-2.79660342618656,-2.52754419700994,-2.08636112141037,-2.08954631174118,-2.19979787343701,-2.94954648384267,-3.08172077162012,-3.11806676660462,-2.78744428988787,-1.61980001275223,-1.59954349900689,-1.49245144023093,-1.52201624208997,-1.64045443453489,-1.70959553424165,-1.57139392336895,-1.55909328203975,-1.72770324474584,-1.75272434238453,-1.71404350045354,-1.70719237343586,-1.9377713464527,-1.84356649712528,-1.55311325447491,-1.4363158918917,-1.32291001020576,-1.3375146979483,-1.45321045277998,-1.66056388622449,-1.76049905337615,-1.46992064445406,-1.3418261838209,-1.22874605587973,-1.42021435657514,-1.46384705342129,-1.55752017469815,-1.84498162915086,-1.46571221532638,-1.64451418978566,-1.77467755291635,-1.80234585938137,-1.61148335820141,-1.60629278783817,-1.94707885340468,-1.3074165609072,-1.6100140930221,-1.86513996906147,-2.22265218511577,-1.8473163373824,-1.62526623960161,-1.62310825221605,-1.67792864471054,-1.77400105623724,-1.32160477342205,-1.92456183822926,-2.15440337757945,-1.85372391177855,-1.48348783916149,-1.35916556885853,-1.52281924514261,-1.59972936046945,-1.58184313357569,-1.44703726424122,-1.58002152524322,-1.32376794786154,-1.34326913286349,-1.14281277868071,-1.17657457104083,-1.20297659356872
